year, CMCC-ESM2, CNRM-ESM2-1, MPI-ESM1-2-LR, GFDL-ESM4, CESM2-WACCM, UKESM1-0-LL, CanESM5, MIROC-ES2L
1.850000000000000000e+03, 6.375702741721918535e-10, 8.034784256404985783e-10, 2.334444380944737066e-10, -5.108001389279920592e-10, -2.735614785896701981e-10, 6.802838700422257351e-10, -4.577056618867290974e-10, -1.536903458291397641e-11
1.851000000000000000e+03, 3.267403413608540886e-10, 2.629200394879209484e-10, -6.164208764620836057e-10, 3.202047435245328504e-10, 1.623605772932719351e-10, -2.254504215390458025e-10, 5.321535909692908979e-10, -1.585246561564699665e-09
1.852000000000000000e+03, -2.254152232600731454e-09, 1.195788045715918296e-10, -4.552118645141675210e-10, -7.625482462781721562e-10, 6.972871646167779385e-10, -3.102852670920413272e-10, 8.594052395002542062e-10, -2.178745549872357322e-09
1.853000000000000000e+03, 3.800326028219421501e-10, -5.619614820602846708e-10, -1.989087721780064534e-09, -8.329235277821289749e-10, -1.711628099616180314e-10, -7.859056878406034808e-11, -1.231564298870948054e-09, -1.648872009894804106e-09
1.854000000000000000e+03, 1.055614949387649322e-09, -4.772638093842849871e-10, -1.279666372861322737e-09, -3.446413417820657977e-10, -8.472497274924918071e-11, 4.655865067396721197e-10, 7.790610129569816248e-10, -8.734981609305052995e-10
1.855000000000000000e+03, 9.577642587928411132e-10, 4.589311031861974856e-10, -3.128214500660916361e-10, 7.123406544833007669e-10, -4.602549877078586236e-10, 7.729087688201361448e-11, 1.061989746587546302e-09, -2.286520087919403687e-10
1.856000000000000000e+03, -8.192088897145856980e-10, -3.420465974942232432e-10, -1.516020690717748211e-09, -1.056479571309383899e-09, -3.180781216111451762e-10, 1.963037061183898539e-10, -6.066669121669462553e-10, -9.698255048234822259e-10
1.857000000000000000e+03, -2.288837365204065432e-10, -2.633937352201305959e-10, -1.359071689261736364e-09, -4.692322582726371686e-11, -6.246648244752329791e-10, -2.235973970896271894e-10, -1.081166865109848648e-09, -7.400030806341022834e-10
1.858000000000000000e+03, -2.112168568393380379e-10, 1.574613735627567657e-09, 7.205206000961026135e-11, -9.216350325489845838e-10, -3.593955280847823659e-10, -3.394113694881542046e-10, 1.254798348819961034e-09, -8.744278885025241847e-10
1.859000000000000000e+03, 1.563601321540358516e-09, -5.844118050604740658e-10, 3.683628452512774780e-10, 1.928416272438797203e-10, 8.992462803148530600e-11, 1.330499703880909040e-10, -1.527596126124418850e-09, -7.217320292556038242e-10
1.860000000000000000e+03, 1.143607576043223641e-09, 1.010139432069043547e-09, -5.674403355896412242e-10, 1.050877115592223335e-09, 1.668182063227086029e-10, 5.423252632670451685e-10, 2.441176764173466001e-11, -1.019109428891158964e-09
1.861000000000000000e+03, -7.004780468521971301e-11, -2.330286672384423676e-10, -1.731398085622738672e-09, 7.757798321714391162e-10, 1.936509798623336184e-10, -5.213263973058966303e-11, -1.478758060395576961e-10, -1.161169602875684414e-09
1.862000000000000000e+03, -4.009232885994553422e-10, -3.009930193118744174e-10, -1.159593583998233065e-09, -6.990536518083518621e-10, 2.718090365536523037e-10, 3.923757360859286728e-10, 1.493850241202747907e-09, -5.530032139662438552e-10
1.863000000000000000e+03, -8.284076437004296610e-10, -5.343925452472095610e-10, -1.190805113127057125e-09, -7.146551212616666041e-10, -2.639123102294524302e-10, 5.399879126744446053e-10, 7.135696312370957076e-10, -9.676183922397384137e-10
1.864000000000000000e+03, 1.184400770615102341e-09, 1.248899138266787983e-09, -1.021693788120804615e-09, 6.082049590204364830e-10, -6.863328360405417557e-11, -2.482434780665616390e-10, -1.551271604299497523e-09, -1.193775202599378997e-09
1.865000000000000000e+03, -6.846923279327589947e-10, 7.355547544660503593e-10, 4.088508797615996000e-10, -6.167533483459858785e-10, -6.737365054758644274e-10, 1.269458221690487211e-10, -5.316074051584943272e-10, -1.878298199548713690e-09
1.866000000000000000e+03, 1.754370382963090459e-09, -1.698221823599648484e-09, -3.486929245806384693e-10, -2.719225837191767527e-10, -1.057386930409596217e-10, -1.759683513178451315e-10, 8.501817230400397787e-10, -5.875697567572830830e-10
1.867000000000000000e+03, 1.535128976687581094e-10, -9.230185819980618167e-11, 1.656925745216563591e-10, 1.502594901183654448e-10, -5.679954756216687350e-10, -1.015843709293759876e-09, 7.169096954301935734e-11, -1.282175469856082563e-10
1.868000000000000000e+03, -2.648927207658722302e-10, -4.882064047686411232e-10, -8.604877912724315378e-11, 7.211074147189734185e-10, -8.819886281899251203e-11, 1.204414610132748883e-09, 1.056738729304656407e-09, -2.227456455594766803e-10
1.869000000000000000e+03, -2.736535206103126188e-09, 8.801821680096414257e-10, -9.914764875908255581e-10, 4.238027129877332558e-10, 1.664616121954020710e-10, 1.121395602505533920e-09, -7.489289850580384502e-10, -2.451111981642148169e-10
1.870000000000000000e+03, 2.216072844885142598e-09, 7.661051106995960544e-10, -1.429488142352553340e-09, -1.808684876670872015e-10, -1.517009372466454014e-10, 1.413392529673680471e-09, 7.241228348340123462e-10, -3.761198829540759206e-10
1.871000000000000000e+03, 1.741825011066621972e-09, -1.457935745336436276e-09, 6.685763676273399639e-11, -1.464552104540692913e-09, 9.281926056550287401e-11, 7.527531678532483155e-10, 6.587839546196008464e-10, -6.095130360874065389e-10
1.872000000000000000e+03, -3.423159832477550446e-10, 2.348432526793512137e-10, -3.844778205061068470e-10, -9.562787858647383302e-10, 3.148828915175204813e-10, -1.270494978380589926e-09, 4.388319383087242183e-10, -1.230142917491039642e-09
1.873000000000000000e+03, -2.854772498495107548e-10, 8.748004696973696070e-10, -5.081799893648138534e-10, -8.666397138867496637e-12, -7.367323508172830326e-11, 6.324156676147831575e-10, -5.393351262057118175e-10, -1.648057655602254943e-10
1.874000000000000000e+03, -7.798028917605020290e-10, 4.142206143108895238e-10, -2.530737854388819147e-10, 8.956614902176018864e-11, -3.383660901551045803e-10, 4.025779319107737747e-10, -5.074013969706589980e-10, -7.211823622621945579e-11
1.875000000000000000e+03, -1.639334497743680574e-09, 1.898741654347329713e-10, 6.599482611747533790e-12, 1.918939828578158481e-10, -3.751131334421460706e-12, 6.908668312711378114e-10, -1.110104976760353105e-09, -2.170761958091468302e-10
1.876000000000000000e+03, 2.596666600470560345e-09, -3.870078804200628466e-10, -3.984768101512774888e-10, 6.474718355454129565e-10, -2.244760943144718809e-10, 4.986495769899452962e-10, 1.383561756685202642e-09, -1.531999922148288283e-09
1.877000000000000000e+03, 1.989915950519927726e-09, -5.794519396394221047e-10, -9.148266611318537666e-11, -1.348199171450108651e-10, -1.388785752216519899e-10, -6.842097160011089125e-10, 8.014487959969353591e-11, -9.672403580484023950e-10
1.878000000000000000e+03, -1.570337334539223378e-09, 1.135363267452458413e-10, -4.480056448957010283e-10, 7.751568134839839488e-11, -2.451950748619559870e-10, 2.487260612039054472e-10, 1.760787836491199486e-09, -8.651501311045951376e-11
1.879000000000000000e+03, 1.273814158756458327e-09, 1.931094533702016137e-10, -1.190636697730095546e-09, 4.173644867172985719e-10, -2.005922162332779497e-10, -4.798439769759019370e-10, -1.244750210036751813e-09, 3.307604575184167880e-10
1.880000000000000000e+03, -7.571976758306017430e-10, 1.064898520038404483e-09, -4.716159665968998696e-10, -1.198848548270286554e-09, 4.108957394503501093e-10, -2.917063781938281500e-10, -1.168092922845731290e-09, -1.435693820167222512e-10
1.881000000000000000e+03, -4.484874688971813463e-11, -6.383975500296270583e-10, 9.169111951891171032e-10, -3.479100325498034394e-10, 2.306986465447797257e-10, 3.837407023533641284e-10, 5.755916843402198924e-10, -3.330292173738241602e-10
1.882000000000000000e+03, 6.620058840978698378e-10, -6.565262046754177980e-10, -5.493846840962914326e-10, -3.923930335069634889e-11, -1.824280185418551196e-10, 3.107106589648913058e-10, 9.113838031379886564e-11, -1.844246271265857855e-10
1.883000000000000000e+03, -6.378180060758679977e-10, 1.105070601860253692e-09, -6.586179015463794125e-10, -5.542323973161983349e-10, -4.302955965005398815e-10, 9.314950961384442380e-10, 8.487454539208343329e-10, -9.752724154650426086e-11
1.884000000000000000e+03, 2.594585912258484015e-10, -8.470460244177262262e-10, -8.232532988217680124e-10, -1.830234650912053045e-10, -7.901745097033747215e-12, -1.216268581474597105e-10, 6.207075474834613548e-10, 3.211452833155137967e-10
1.885000000000000000e+03, -7.897348288335780708e-10, 3.324146525269664366e-10, -3.118748401277469113e-10, -1.599543309422825681e-11, 2.672075284493994931e-10, 7.980541134176678825e-10, -2.637002467460252807e-10, -6.273376966275445427e-10
1.886000000000000000e+03, 1.983067764547629532e-09, -3.673748922456103969e-10, 3.657825154969103356e-11, 8.393326642295931536e-10, -5.143507413097743000e-10, 1.957808720830248491e-10, 8.200923070300402296e-10, 2.100147951865239703e-10
1.887000000000000000e+03, 7.757576499681743217e-10, 9.111102235750557042e-10, 1.320563402923002326e-10, -4.953811768573808796e-11, -3.985183228279413972e-10, -6.826215982826617507e-10, -3.145930438859140823e-10, 3.209127666758307431e-10
1.888000000000000000e+03, -1.837822221397627454e-09, -8.631553957776996305e-11, 3.519598818352984156e-11, -1.164524494491397963e-09, 3.804517525292077368e-11, -3.996705242446935638e-10, 4.007779172505156203e-10, -4.605464896699836333e-10
1.889000000000000000e+03, 1.032631369916450708e-09, -3.978410665983157388e-10, -9.915413453899686803e-10, 1.449159280176116871e-10, -1.120749771055949086e-10, 2.418172346652776800e-10, -4.835843197677846672e-10, -3.666799456759853167e-10
1.890000000000000000e+03, 2.223878255128978094e-10, 2.738595718909953377e-10, 4.349220094142216507e-10, 5.471344181160379363e-10, 1.308237515084159757e-11, 4.621739716477065275e-10, -2.958668252605834555e-10, 5.045172178340913147e-10
1.891000000000000000e+03, -3.737341416372606589e-10, 2.720376817383491412e-10, -7.244637917776535572e-10, -4.563407879830053227e-12, -1.043219116888173549e-10, -9.908337177717814047e-10, -1.901357331726793693e-10, 1.422443083313370141e-10
1.892000000000000000e+03, -2.660687704961819569e-10, -2.042233626329519443e-10, -6.645455579767312316e-10, 3.792486858151706666e-10, -2.431339456116683271e-12, 4.594350674825537961e-10, 1.038480585882187850e-09, -5.059455999985005684e-10
1.893000000000000000e+03, 9.340375197369194744e-10, -5.831544385460932022e-10, -5.376856136944290335e-10, 4.356424793102946640e-11, -2.389592668829233810e-10, 8.988033029129314738e-10, 1.116618584673833141e-10, -5.294391703896447799e-10
1.894000000000000000e+03, -1.624102619243508271e-09, 1.024480549266764494e-10, -3.039921721483057697e-10, -2.008840486461858877e-10, -1.053128212179009731e-10, 7.206092613798344226e-10, 7.511293176813110161e-11, -2.710168880620965762e-10
1.895000000000000000e+03, 5.555795774365678494e-10, 7.966246781312090014e-10, 6.043166875397400226e-11, -6.753802413201144269e-10, 9.949390008960689851e-11, 5.364407730158589246e-10, -1.353532500598647462e-10, 8.105121342671449892e-10
1.896000000000000000e+03, 9.644501504908820216e-10, -1.287147806016183152e-10, -1.393865533355081434e-10, -8.939337752165108002e-11, 1.823734491273585949e-11, -5.981916224613294137e-12, 1.342739326675686406e-09, 5.540981255452158363e-10
1.897000000000000000e+03, 8.179715266185542197e-10, 9.424606620411864368e-11, -9.840212970720156340e-10, -3.963034575169673483e-10, -9.154715281951555035e-11, 7.377361218134610014e-11, -5.369298239994724940e-10, -1.844787435078333689e-10
1.898000000000000000e+03, -1.717518481375373710e-10, 2.671136161807851202e-10, 7.300649096902385556e-10, -8.809055465563040481e-10, -8.916945284781707027e-11, 3.622636475101220671e-10, -4.372737057951475190e-10, 7.239761153953351832e-11
1.899000000000000000e+03, -1.313011813335021206e-09, 5.482729559211603666e-10, 5.489090493978038565e-10, -9.631157188306782954e-10, -1.909770130741597893e-10, -4.598753306123962372e-10, -8.577653406053181056e-10, 1.219554377535427010e-10
1.900000000000000000e+03, -9.235740420051674393e-10, -8.207979512819534154e-10, 5.790906854368420060e-10, 6.431348481689434073e-10, -2.634660680112071091e-10, 2.076436190543401973e-11, 5.124203344313037314e-10, -1.883482678753406857e-10
1.901000000000000000e+03, 1.368768863164681466e-09, 1.295785466462409922e-09, 1.124228986681660544e-09, 8.319241089903467199e-10, 2.417412660212273456e-10, 5.797095346635555081e-10, 5.217139995231338756e-10, -7.782487334291510596e-10
1.902000000000000000e+03, 3.170145098243477365e-10, -7.620694018694191574e-12, -3.391973188776950770e-10, 7.894263045740912304e-10, 7.677653614369186665e-11, 2.599209415599878455e-10, -9.167853447026532198e-10, -1.358563822736453020e-09
1.903000000000000000e+03, -3.811934370007319427e-10, -1.061826238432506019e-09, -6.347368120832842325e-10, -8.646409875513167640e-10, -1.689416493566609470e-10, 5.522281524116610967e-10, 5.862697534853093871e-10, 6.286759049796724261e-11
1.904000000000000000e+03, -2.137315829389270274e-09, 6.064800789020334420e-10, -1.448229390694227505e-09, -9.955679077346421274e-10, 9.149471261600205320e-11, -5.926863105371506687e-10, 1.328921740039629907e-09, 5.148161125521504166e-10
1.905000000000000000e+03, 1.766792145758557293e-09, 3.575548601444122511e-10, -2.767994785245524228e-11, 7.305628836318676041e-10, -5.082503613448669755e-10, -9.885494346991939652e-11, -1.370067678267795868e-10, 6.399586483490176159e-10
1.906000000000000000e+03, 9.901318643288239006e-10, 2.695098830329193056e-10, 3.548735709366670826e-10, -2.480775088014268810e-10, -6.455312248025761009e-10, -5.700247926017523761e-10, -1.784338761183858949e-10, -3.450803605389867642e-10
1.907000000000000000e+03, -1.067322446159750258e-09, 3.000887478452937757e-10, 2.871352629932642317e-10, 2.298690483052153286e-11, 1.280068855065011819e-10, 3.163925009412898173e-10, -2.480714184567601714e-10, -2.755564868385038139e-10
1.908000000000000000e+03, -5.166669977188817222e-11, -2.950576289580511458e-10, 7.294353996302233804e-10, 7.073885740513670794e-10, 5.295630966273364213e-10, 2.445662752428139738e-10, 1.532256087969330424e-10, -1.090110233593003399e-09
1.909000000000000000e+03, -3.998196799248332623e-10, 3.884311654090445775e-10, 1.631194390427057103e-12, 1.080194053336134743e-10, 1.164469737599845178e-10, -8.950727630002985248e-10, -2.557328938785690932e-10, 3.851410954607406799e-10
1.910000000000000000e+03, 3.200876985212759667e-10, 8.346541649292952394e-10, -4.589660177048708315e-10, -1.852178029952323761e-10, -1.820911704541121315e-10, -1.260138825928789816e-10, -1.128015812441074634e-10, 2.018841455289566049e-10
1.911000000000000000e+03, -9.995017658087235413e-10, -7.483657938172183508e-11, -6.679163854951712328e-10, 4.097825946893152379e-10, -3.836689086097396527e-11, -3.674468415014647922e-10, 2.623878412246782283e-10, -1.283974023145520524e-10
1.912000000000000000e+03, 1.877912234091770070e-09, -1.148456169920884188e-09, -2.340137880403717816e-10, -3.102920337990593663e-10, 6.577623443141911346e-11, 4.531218005700667058e-10, -3.991860834372099195e-10, -2.714204810697790093e-11
1.913000000000000000e+03, 8.061055322006153398e-10, 5.825461085242706617e-10, -5.040859712300163312e-10, 4.313227018196196567e-10, 1.960642277581041652e-10, -1.144318281248141536e-09, 1.172246177646451647e-09, -4.057422121358021153e-10
1.914000000000000000e+03, -2.637307482944345883e-09, -9.273409465559189735e-10, -5.513614848567573860e-11, -7.680700235953166497e-10, -2.527506643641513254e-10, 1.316357930834348053e-10, -1.073865546457787327e-10, 3.605569655878172578e-10
1.915000000000000000e+03, -1.418524332947481958e-09, 5.950667037284452422e-10, 8.472353938147267199e-10, -2.635722129589078437e-10, 1.182846485883588345e-10, 6.543037307149887358e-10, -4.650944426550890064e-10, 2.487906621402599585e-10
1.916000000000000000e+03, 2.254136784752282860e-09, 4.622370895509833432e-11, 4.452471848118781495e-10, -4.465734510414045230e-10, -3.583118163799874279e-10, 2.631538378261892581e-11, 1.486385524557492176e-09, -3.539794609943648007e-10
1.917000000000000000e+03, 4.798887746027879542e-11, -2.431508411496767770e-10, -1.093885831796745626e-10, 5.575951075221206598e-10, 3.810390844686244625e-12, -1.252350430060728369e-10, -9.334651502949000091e-10, -1.605600699568179185e-09
1.918000000000000000e+03, -1.014921852706098437e-09, -3.531448497239403901e-10, -5.314457496621507448e-10, -1.072705159383333398e-09, -1.516018882714218467e-10, 4.592782432984625233e-10, 8.505467281698481463e-10, -3.909897889978073118e-10
1.919000000000000000e+03, 6.610281333843812330e-10, 4.770891918530663077e-10, -3.220801479771752393e-10, -6.414983575785399525e-10, 1.183233323135772127e-10, 5.945896073785542422e-10, 2.405956022400835982e-10, 8.089666314168208339e-10
1.920000000000000000e+03, 2.535736373468594061e-09, 3.365707679818197444e-10, -2.185686827380512323e-10, 5.630353056745006740e-10, 9.517008806366614507e-11, -3.026945662833384432e-10, -3.842187976859341359e-10, 2.534963376865855532e-10
1.921000000000000000e+03, -6.160801655542068924e-10, -3.974244257062857599e-10, -4.466320906963462220e-10, 1.154716900135676401e-09, 1.725248207859671976e-10, -1.494319577139512706e-11, -2.030457153711426603e-09, -8.420039242288216842e-10
1.922000000000000000e+03, -1.581634846146641922e-09, 7.540590125033917250e-10, 7.242478023875142300e-10, -5.157746872753954555e-10, -2.613302124184130376e-10, -7.258921722983979617e-10, 4.933768702012369350e-10, -1.442280889281369412e-09
1.923000000000000000e+03, -4.370430835948712542e-10, -1.866666771097867725e-10, 3.028350739676643703e-10, -9.728106239564918739e-10, -1.619023626932351117e-10, -4.816330951584216874e-10, 4.532578309167187730e-10, -4.104722282645792367e-11
1.924000000000000000e+03, 1.280163100584026951e-09, 3.302103092833473392e-10, -9.502335200760835564e-10, -1.218382596968737901e-10, -2.086085500442958519e-10, -7.563269860774889024e-10, -8.475649779241569305e-10, -1.127917370436612618e-10
1.925000000000000000e+03, -2.623617384515928444e-09, -1.331032411012101633e-10, 7.103578746364924662e-11, 3.687667859600244606e-12, -3.455398972344343740e-10, -1.044397689621768025e-09, -4.342776170086608260e-10, 2.458372437315279208e-10
1.926000000000000000e+03, 1.732708887334667444e-09, -7.611369306737136834e-11, 5.704621912960293734e-11, 2.467322131455976837e-10, 1.019430182224640441e-10, -2.751377767021480769e-10, 2.657151667276261194e-10, -3.974644415824585187e-10
1.927000000000000000e+03, 5.274946501768291281e-10, 2.180127271120786134e-10, -1.018537342671795442e-10, -1.000580411213350335e-09, -2.619985919048811134e-11, -5.475399244133593661e-11, 6.568099031845784586e-10, -7.619932324197794542e-10
1.928000000000000000e+03, 2.222842504893882178e-10, -3.503885456104247037e-10, -5.234113181163376316e-10, 4.092572205453215734e-10, -1.646393019982656193e-10, -2.043056743953667295e-10, 1.088796446904892506e-09, -1.275925796110890681e-09
1.929000000000000000e+03, 4.721330568782407226e-11, -4.351823846418433740e-10, 4.326114004130286504e-10, -6.562723711181030944e-10, 3.198470598445672522e-11, -9.055369631054285050e-10, 4.545423114794253635e-10, -5.894880623051325854e-10
1.930000000000000000e+03, -1.151468442304331869e-09, 1.506026569608581602e-11, -7.266242878382114475e-10, 1.084306949815893906e-10, -4.696311950122935675e-10, -1.085870627093238326e-09, 8.649844136251921829e-10, -1.169348225189899733e-09
1.931000000000000000e+03, 1.664700008257905407e-09, -9.148149801252466457e-10, -5.407768630629564815e-10, -4.488695810364310057e-10, -2.680179024793520046e-10, -1.402217421796449324e-10, -9.650053606333752655e-10, -1.668282910152205720e-10
1.932000000000000000e+03, 3.459854210832332126e-10, 8.407236146682751827e-10, 3.731140616792063275e-10, 5.237875588186691379e-10, 2.552851234353587470e-11, 5.102765110379786569e-11, 1.836695132639513994e-09, -1.901026578093152145e-10
1.933000000000000000e+03, -2.684585911303411146e-09, 1.289547315367700281e-09, -4.480206621202078530e-10, 3.720210717092508972e-10, 2.011549394255559514e-10, 1.469423241453023486e-10, -9.624860546626812845e-10, -4.229274330360778103e-10
1.934000000000000000e+03, 1.587151931889094982e-10, 5.892502639793604007e-10, -8.778457982057415729e-10, 3.269254089137453360e-10, 1.087248140988736553e-11, 4.435552323323016179e-10, 1.331600892350268757e-09, -1.700348376127968273e-10
1.935000000000000000e+03, 1.508408012406277699e-09, 1.675018344694287996e-10, -6.643671729108865842e-10, -5.030735118872160034e-10, -3.525153301523969322e-10, -3.082963951947982207e-10, 4.442672432891028287e-10, -6.961317843642377125e-10
1.936000000000000000e+03, 7.580807828070301374e-11, 3.341991003182914652e-10, -1.164721647831504556e-10, -5.360307945912342080e-10, -6.932334073510341026e-10, 6.786238966116092848e-10, 8.037469853815933587e-10, -6.450668097945144631e-10
1.937000000000000000e+03, -7.907698191270823737e-10, -9.159052784587846584e-11, 5.707532260278445097e-10, -2.661923305461210044e-10, 2.890288790223258261e-10, -9.852980069988472389e-11, 1.563875012059490800e-09, -3.842135218558459434e-11
1.938000000000000000e+03, 3.512567630969366590e-11, 1.317510830873894096e-09, 1.270202444325469212e-09, 4.558274363358813511e-10, -5.672771480133372143e-10, -1.575520609334242477e-10, -8.915301325419064612e-10, -6.059689598728748991e-10
1.939000000000000000e+03, 1.129129333411005113e-09, 3.918860824047105516e-10, 2.759700438265104252e-10, -1.137768895454511169e-09, -1.118499507174012895e-10, -6.267694798975942724e-10, -3.283853417491658567e-10, -9.769622661617195047e-10
1.940000000000000000e+03, 4.300077502959435647e-10, -6.151231098778088183e-10, -2.332400751553820897e-10, -2.465814192965124176e-10, -9.497989986443976554e-11, -1.245714591906715271e-10, -2.591724340581681077e-10, -1.288890124819370349e-09
1.941000000000000000e+03, -3.605757317794844040e-10, -8.398394353383084260e-10, -1.556585439547147000e-10, 1.730659953525524299e-09, 1.654454941927924632e-10, -4.257060160071998286e-10, 5.772794351186513680e-10, -2.106144747113511679e-09
1.942000000000000000e+03, -3.640141980862053653e-09, 2.367614469467472820e-10, -1.009415082190147220e-09, -9.866030741741207835e-10, -4.677018043615281584e-10, 6.093588677267994034e-10, 5.121834305854995936e-10, -3.842981545710498366e-10
1.943000000000000000e+03, 2.809046838468672295e-10, -1.309188083262194919e-10, -4.402772154873522814e-10, -1.605743136872541677e-10, -1.764020956692088973e-10, -1.013863924857718175e-09, 1.926453353528172158e-09, 2.483892788656698609e-10
1.944000000000000000e+03, 1.981240997913048113e-09, -1.607441740856779699e-09, 1.430629672963212292e-10, 1.324789331275362891e-11, -3.134228735333775227e-10, -6.931984749652862021e-10, -1.444382615557439751e-10, -1.368618002461064835e-10
1.945000000000000000e+03, 1.537688719610087508e-09, -1.073695553857483945e-09, 7.211728280634746414e-10, 7.781651724186643269e-10, 3.356387390281152158e-10, -3.615042179683084205e-10, 1.203272169374796701e-09, -1.311795284796341459e-09
1.946000000000000000e+03, -1.173669035909399143e-09, 4.867475585770761422e-10, -9.256351123967221721e-10, -1.600983961330584378e-09, -2.332249260587821463e-11, 6.107542794353236812e-11, -2.193831719418619283e-09, -3.546856863201749865e-10
1.947000000000000000e+03, 4.602322375329207149e-10, -1.227625936034663789e-09, 1.596432995080485698e-10, -1.295261507786657660e-09, 3.554503045068187494e-10, -4.136761195482373725e-10, 5.513360319708208579e-10, -9.630681507185859576e-10
1.948000000000000000e+03, -2.208778504829102579e-09, 4.028015477173664819e-10, 6.522759643592255327e-10, -4.298635195060028450e-10, 7.792107424493606060e-12, -1.323082137479874700e-09, -3.705108639660002691e-10, -1.951882020484108320e-10
1.949000000000000000e+03, 4.992021873682733147e-10, 7.101649527147982735e-10, 6.948324936737629374e-10, 8.141458036449609065e-11, -3.950540011155683741e-10, -6.237097420716053844e-10, 2.433988258425556718e-10, -1.111895022784855735e-09
1.950000000000000000e+03, 2.342031209939035900e-10, -4.929019776959163772e-10, -3.532304365833709341e-10, -1.038615368530577805e-11, -1.831913123307768584e-10, -1.005801741216913094e-10, -2.436106765723554775e-10, -2.437672407467542820e-09
1.951000000000000000e+03, -3.927214180731332931e-11, -1.644757862133225904e-12, -8.476170622710701239e-10, 1.808167511265735689e-10, -4.557002379595111980e-10, -2.501946002718811458e-10, 1.277068169981909127e-10, -7.972123918202444153e-10
1.952000000000000000e+03, 2.135119624042460117e-10, 4.482126024955056263e-10, -3.630062934833046435e-10, 1.625554826033710213e-10, -2.295297792800391688e-10, 4.263041775922623314e-11, 1.209707201969208644e-10, -8.487693353246519412e-10
1.953000000000000000e+03, 7.953460529380780492e-10, 1.683004523005109480e-10, -1.648661285119577548e-10, -5.374516987030674096e-10, -2.403867901468712474e-10, -6.890641159097301620e-10, -1.993198812679173873e-09, -1.487639679643190333e-09
1.954000000000000000e+03, -9.990286630425547949e-10, -9.018849365674312671e-11, -1.799509872039589292e-11, -8.723958941138937505e-10, -1.813085832586716897e-10, -4.335543921992436343e-10, 8.079727308378423650e-10, -6.788645607733094583e-10
1.955000000000000000e+03, -3.192297605544368399e-10, 5.718117511657649238e-10, 9.069081514405313701e-10, 8.773325045054575609e-10, -1.126452842571960804e-10, 3.524616933623753202e-10, -1.560301897906129503e-10, -3.611740772732000233e-10
1.956000000000000000e+03, -6.683485349174539522e-10, -1.450406509826508299e-09, 4.901658574942966950e-11, 9.309082991161065869e-11, -3.282953219036529174e-10, 5.753413423960768891e-10, 1.527535489484854507e-09, -8.809986597157433990e-10
1.957000000000000000e+03, 1.068594600158887692e-09, 6.855098872172948014e-10, -7.637483299429376479e-10, 4.384454847857151077e-10, -4.056169759828117587e-10, 1.596772754202954536e-10, -9.058676202119050013e-10, -1.479800140574360718e-09
1.958000000000000000e+03, 1.235043741316043755e-09, -7.494753410110285391e-10, 7.828215745024556976e-10, -8.983204252923953048e-10, -1.172757355854194828e-10, -3.882339381359028779e-10, 9.862556642996490135e-10, -1.223193486956966337e-09
1.959000000000000000e+03, -1.423551904126466272e-09, 4.457100444032516384e-10, -1.032639485994083682e-09, -1.214175349443708636e-09, -1.237874125067484195e-10, -1.259248528692559001e-11, -1.455612896216207247e-10, -4.018916919281241201e-10
1.960000000000000000e+03, -1.153547265874064516e-09, 9.024723943939514473e-10, -9.247621367950895845e-10, 2.983864171743974703e-10, 6.596225062837205509e-10, 5.026370670174378742e-10, 4.721425732433598350e-10, -8.046783400293224203e-10
1.961000000000000000e+03, 1.810941699641039677e-09, -3.292591744430493198e-10, -2.174746447868962950e-11, -2.736272648128724948e-10, 5.854023386805897145e-11, -5.054176077606264548e-10, -7.217021708459188112e-11, -1.395336047026856085e-09
1.962000000000000000e+03, 1.870545738724634645e-10, -5.522819701099507773e-10, 3.610511427346721028e-10, -5.548667645273460310e-10, -6.181026961882835964e-10, -1.175416414055778206e-09, 1.433288011056817683e-09, -3.555107935178556803e-10
1.963000000000000000e+03, -5.501209447895697294e-10, -2.307219648486375052e-11, -2.187851528091029625e-10, 8.707305497020184419e-10, -5.416256019608922988e-10, 1.613182937861995923e-11, -4.433964177421482111e-11, 6.902806373949983291e-10
1.964000000000000000e+03, -1.926480795315710516e-09, -4.534306616832348930e-10, 4.690783641809542469e-10, -2.962683356655332132e-10, 1.812200816622542243e-10, 3.411658369679956750e-10, 5.685994441837593834e-11, 5.377793529693655836e-10
1.965000000000000000e+03, 7.533516107666132335e-10, 1.560106952281719623e-10, -5.579823654869479499e-10, -1.642249152247397951e-09, 2.893702049039096209e-10, 4.495745557835821495e-10, 3.113710100692848368e-10, 6.862114303000709983e-11
1.966000000000000000e+03, 8.147355115099710348e-10, -9.058204591922083589e-10, 2.448649092310953204e-10, 1.204441748665631391e-10, -2.188655669325752120e-10, 2.482237252276980542e-10, -8.365652818572196209e-10, -9.857218653205892722e-10
1.967000000000000000e+03, 1.181634686428049849e-09, 1.248952807055449212e-09, -6.346786186633924305e-10, -9.421305609449295092e-10, -1.774457062843973686e-10, 2.436886979968072625e-10, 6.914756892098944557e-10, -2.755359531513864041e-10
1.968000000000000000e+03, 2.450010320561050325e-10, 4.425075993352905485e-10, -9.100110968687923527e-10, -3.538834711476954933e-10, 2.302759670953045741e-11, -1.143383389998387583e-10, -1.223300120006681160e-10, -2.383943564619995501e-10
1.969000000000000000e+03, -3.832152805001306771e-09, 1.691594846245236579e-09, -1.270147502764842649e-10, 3.169475267346100627e-10, 2.224980877752811504e-10, -1.686071704683637843e-10, 6.708568921663885045e-10, -8.526923533398329237e-10
1.970000000000000000e+03, -5.949371571009847389e-10, 1.131149916982129166e-09, 6.229658412261264594e-10, -7.503608361110695979e-10, 1.979617158207928608e-10, -5.975514005401967106e-10, 1.397460858931954067e-09, -6.451174648909976750e-10
1.971000000000000000e+03, 8.886157147761857269e-10, 3.481531545968922692e-10, -2.166074169735367512e-10, 5.307110115260780976e-10, 4.147061155493153370e-11, -4.402629080896793922e-10, -8.976409898001826109e-10, -1.461084715966827568e-11
1.972000000000000000e+03, 3.711889356587515944e-11, 5.195262921862433015e-10, -8.235860212192305147e-10, -8.886089192339215893e-12, 1.007528997830411443e-10, -5.636720565255625160e-10, 6.927359312249552189e-10, 8.661033817618843644e-11
1.973000000000000000e+03, 7.775081704683047388e-10, -8.597620984506183179e-10, -4.845176888143673336e-10, -5.541328702863819151e-11, -4.022760801168332561e-10, -9.012489843128964190e-10, 6.925993744811798854e-10, 6.329237852087513620e-10
1.974000000000000000e+03, 6.663479931919405949e-10, 3.463010021838848148e-10, -3.772583572614654839e-10, 2.182448601638274193e-11, 5.337348210350366687e-10, -7.072602562146628183e-10, 2.808934795656615139e-10, -2.200490509863866301e-10
1.975000000000000000e+03, -2.581439273060780423e-09, 3.027475198383771587e-10, 8.689603968735150435e-10, 1.144262136441069612e-10, 6.615441550682787692e-11, -5.358864023860270596e-11, -4.351938916761895215e-10, -5.828648611654151059e-10
1.976000000000000000e+03, -9.367863194120015296e-10, 3.249595331263967552e-10, 6.928466084259662179e-10, -9.265637060091550903e-10, -2.849753457113203473e-10, -5.227550675634925862e-10, 2.002160483060811570e-09, -5.427821221279661678e-10
1.977000000000000000e+03, 1.502077680394451676e-09, -4.255755629767104680e-10, -4.868562643174072710e-10, 1.507686077543364936e-10, 9.387869142892316227e-11, 2.502124778231399480e-10, 1.030292679146561017e-10, 5.340400703790681561e-11
1.978000000000000000e+03, -1.161619769811371362e-09, 8.333670042326271145e-10, -8.616757022455540750e-10, -5.014052466727968501e-10, 1.368460210730216125e-10, -3.727093950237935833e-10, -2.415285672150207804e-09, 3.322332757350160935e-12
1.979000000000000000e+03, 2.473867139559771518e-10, 2.191530241045026913e-09, -3.563502404784828310e-10, -5.166177626863219478e-10, 8.841460059857246202e-11, 1.762835868430405340e-10, 5.039617984248533538e-10, 1.912393753582281011e-11
1.980000000000000000e+03, 9.537437098671060319e-10, -2.097760362266074061e-10, 7.624238064378662758e-10, 3.842339991371864205e-10, 4.699131806151575580e-10, 2.014873658860355385e-10, 5.894146293388619698e-11, -6.455391966233956753e-10
1.981000000000000000e+03, -1.881753585734931710e-10, 2.417490084374212906e-10, -8.915931221346836409e-11, -1.153067912209842372e-10, -4.017688950086878661e-10, -1.219843954742122450e-09, 7.725092690224616383e-11, -7.451778062884056122e-10
1.982000000000000000e+03, -8.091104564229148190e-10, 7.875530015487558618e-10, 6.304508758251415081e-11, 1.629410544766878593e-10, 1.660795617855248908e-10, -9.870390203220763304e-10, 2.336232988982392265e-09, 3.242107376669796852e-12
1.983000000000000000e+03, -9.338675791794904967e-11, 1.586670961647287381e-09, 5.613522676799786290e-10, -1.193570688173370986e-09, 2.875094403475805284e-10, -1.660725468887958853e-10, -1.075412733156580850e-09, 3.814271330266198749e-10
1.984000000000000000e+03, 7.052803006202659174e-11, -1.599466901437341813e-09, 4.136598373926683487e-10, -3.884583019320794091e-10, 1.003626116644163654e-10, -7.586733000555602169e-10, 5.027209626596167971e-10, 1.875224907669599174e-11
1.985000000000000000e+03, -1.707336325740464050e-09, 8.662445362956551146e-10, 9.427058940002372868e-11, -2.562588498369879795e-10, 5.814392458265158254e-11, -3.990835031774798651e-10, 2.171734973483871036e-10, -7.042447140788225672e-10
1.986000000000000000e+03, -4.708208959703298936e-10, 5.556594049403433814e-10, 1.831596728222762413e-10, -6.131757252690564466e-10, 6.501055945632154085e-10, -9.625978076675859331e-10, 7.709763764338162018e-10, -9.378770142185164752e-10
1.987000000000000000e+03, -4.166596486560551831e-10, 4.896761097018790917e-10, 2.507041463297503554e-10, -1.123346650283728348e-09, 3.872240164085522334e-10, 3.021811128259981637e-10, 1.294936903024251441e-09, 6.514729788387853107e-10
1.988000000000000000e+03, 7.268076818615013129e-10, 1.953200464623276245e-10, 3.000874650714675501e-10, 3.059783457319303327e-10, 1.641440049499996136e-10, -4.152360143119672794e-12, -4.849431890011886395e-10, 5.568678136539011210e-10
1.989000000000000000e+03, 2.096300947416950054e-10, 1.398029181574421299e-09, 5.796150849300483702e-10, -4.045238453668026112e-11, -1.921927049529016106e-11, 1.675587435327942242e-11, 7.288647550198514969e-10, 5.337726323188015372e-10
1.990000000000000000e+03, 5.506345559264120054e-10, 3.184301133194839453e-10, -3.089551066567809838e-10, 1.611382670367983058e-10, 5.511271320421893774e-10, 8.813065595709040991e-10, -2.431296417458708370e-10, 4.589136055165138585e-10
1.991000000000000000e+03, -3.445948505764909562e-09, 1.817441053179274687e-09, 1.928481629762319645e-10, -1.416543299340673481e-10, 4.902781343311643507e-10, 1.343801321297944546e-09, -4.413511276258594475e-10, -7.976603089717546827e-10
1.992000000000000000e+03, 7.631653829873086617e-10, 4.286020665555668003e-10, -4.544283572003968623e-10, 5.786449040768308797e-10, 3.723580114692074648e-10, 9.991107573633540949e-10, 1.897614782185604965e-09, 1.303602202229012907e-09
1.993000000000000000e+03, 3.271321387552588275e-10, 5.066550214856265447e-10, 2.392935640098710798e-10, 2.809239541981122114e-11, -9.024574293012618608e-12, -4.025772644114106771e-10, -9.909783823250124288e-10, 9.092601825622276162e-10
1.994000000000000000e+03, -2.692077162416253131e-09, 1.946566885890530146e-09, 1.048912757384169904e-10, -5.544046377211767202e-10, 4.306651602902497365e-10, 5.569391384309285787e-10, 8.544478850853291285e-10, 1.160864115332001232e-09
1.995000000000000000e+03, -4.475360228859658870e-10, 8.018511647953274918e-10, 5.357913568150609169e-10, -1.090844061564185118e-09, 4.145685696297546667e-10, 1.155896565895670687e-10, -1.078342411269918699e-09, 9.637465012685882038e-10
1.996000000000000000e+03, -1.561859987070304144e-10, -4.814189033480154308e-10, 5.031505844818680074e-10, -6.783357355649839849e-10, 6.676047928163141225e-10, 6.926226207363849471e-10, 1.355218474240911582e-09, 2.855809332002487422e-10
1.997000000000000000e+03, 1.512625860122268400e-09, 1.165815646088467012e-10, -6.972013398030959155e-11, 8.974122953348940937e-11, -4.397180825130642800e-11, 1.176355038113016861e-09, 7.614654503614350747e-11, 3.877219787616942981e-10
1.998000000000000000e+03, -9.914550133715880820e-10, -3.565422899210811351e-10, -4.562476893025270968e-10, 6.312845713476318020e-10, 1.925063107957540746e-10, 1.308291588235043577e-10, -9.696296249115261835e-10, 4.608728374077249593e-10
1.999000000000000000e+03, -1.951354364231950749e-10, 1.033870415590089304e-09, 6.759802516849442156e-10, -1.179205447767854877e-09, 9.094339909817993032e-10, -9.554490325614671976e-10, -1.023953273712103128e-09, 1.509668821402074380e-09
2.000000000000000000e+03, -2.522621964046546014e-10, -9.975852090777854377e-11, 4.891405244608074775e-10, 1.149029587313160666e-10, 1.330794218152833669e-10, 7.627111424153655349e-11, 2.460040837241677879e-09, 7.892528090133795441e-10
2.001000000000000000e+03, -2.132082651180739641e-10, -2.078645766018854343e-10, 5.061257545793682153e-10, -6.585665664604660907e-10, -2.961283450700857826e-10, -2.832539337482289047e-10, -5.547637483399466466e-10, 8.800530119699064791e-10
2.002000000000000000e+03, -7.753646024117542551e-11, 2.318923608402090796e-09, 1.400199591014530112e-10, 5.427541248198753047e-10, 3.189919890948171606e-10, -1.233156740385196185e-12, 1.416547353327594387e-09, 6.151985409765927114e-10
2.003000000000000000e+03, -8.580437343438985959e-10, 7.240892822729847916e-11, -6.894322428824125277e-11, 1.807849883373816705e-10, -3.728818013751202638e-10, 2.195895044709572067e-10, -2.966215704082107365e-09, 1.253240240666468043e-09
2.004000000000000000e+03, -1.623439386976172720e-09, 4.444695038054739926e-10, 1.088996973144432551e-10, -1.222007814323766912e-09, 5.063643330711358625e-10, 7.039608301410400773e-10, 4.445916274418834006e-10, -8.245923188341465587e-10
2.005000000000000000e+03, -2.323541478011499578e-09, 2.089540673089116017e-09, 8.705843553499110156e-10, -5.452000751719314159e-10, -2.615841679830252895e-11, 2.955702271799604854e-10, 1.364593963819018442e-09, -8.866397210381834727e-10
2.006000000000000000e+03, 2.053585621616552938e-09, -4.449527316071297401e-10, 4.831039199703286231e-10, -4.210352842496111775e-10, 5.221206417820961195e-10, 8.000157355097300132e-10, 2.197918282833253539e-10, 7.255127603398007301e-10
2.007000000000000000e+03, 1.246496262868874199e-09, 1.115213452255205558e-09, 4.845842881297563998e-10, -2.728935206401554285e-10, 4.274337976894577083e-10, 7.158063719441824539e-10, 1.033239777442096874e-09, 1.548156629675291945e-09
2.008000000000000000e+03, -2.404638291474387107e-09, 3.733260560850402056e-10, -1.652222687971152240e-10, 5.661833955994731235e-10, -2.399418630310185978e-10, 5.536788883770221238e-10, 9.049342424700605335e-10, 3.487946594752046890e-10
2.009000000000000000e+03, 1.884760613488960751e-12, 4.852285207246591621e-11, -3.392302336083118794e-10, -4.546729457823403204e-10, 2.889042723258803033e-10, -2.584027383163723615e-10, -1.080451823354167771e-11, 7.770875595551052910e-10
2.010000000000000000e+03, 8.580095130074849912e-10, 7.208338979158212364e-10, 1.385463906022356995e-09, 3.912602633611904999e-12, 3.638907924942119443e-10, 6.720298154741950458e-10, -1.877352193518664168e-09, -3.306724566634405493e-10
2.011000000000000000e+03, 9.023418107435119206e-10, 1.253228041895139211e-09, -8.224607655182610865e-10, -7.281123448681806881e-10, 7.175516552620546684e-11, 3.862229534389331852e-10, -2.509355093542137055e-09, 4.648942151189326425e-10
2.012000000000000000e+03, 4.214731679227549401e-10, 6.331407549893133437e-10, 5.740249496264294931e-10, -1.696071109284032889e-09, 9.928632722064089620e-11, 1.259420492644326320e-09, 8.834611461019171763e-10, 9.038674079505248337e-10
2.013000000000000000e+03, -2.275748823670840451e-09, 1.443311232568163521e-09, -1.078587085789972644e-10, 7.903406605075030432e-10, 2.673433810508564449e-10, 6.253399692587159980e-10, 8.878727152558042114e-10, 1.165245756716906103e-09
2.014000000000000000e+03, 2.959610547525105074e-11, 4.615010162914438291e-10, 6.786232799919873193e-10, 2.007526079614918583e-10, 1.022100877252053694e-09, 2.304474066340092186e-13, -5.239335575509493068e-10, 3.527699721014915169e-10
