year, EC-Earth3-Veg, IPSL-CM6A-LR, UKESM1-0-LL, CESM2-WACCM, TaiESM1, NorESM2-LM, CMCC-CM2-SR5, GFDL-ESM4, ACCESS-ESM1-5, MIROC-ES2L, MPI-ESM1-2-LR, CNRM-ESM2-1, NorESM2-MM, CanESM5
2.015000000000000000e+03, 1.056046654106134142e+01, 1.203210353184782022e+01, 1.190709706192014039e+01, 7.209723184278260533e+00, 9.192711632355818452e+00, 5.950467550266846040e+00, 6.569735401350056847e+00, 8.390193774686776962e+00, 1.127249372958208795e+01, 1.192866157280535511e+01, 1.189845044212884062e+01, 6.098237759375583877e+00, 5.843945417487291571e+00, 2.180007389752844205e+01
2.016000000000000000e+03, 1.050539955229428557e+01, 1.224261864262587451e+01, 1.212473615045905895e+01, 7.196665519781773490e+00, 9.535810091317593162e+00, 5.759671949455384521e+00, 6.641673313881467422e+00, 8.436840765594025626e+00, 1.123752861750717358e+01, 1.133726583638604168e+01, 1.198758034008038820e+01, 6.570093640693420056e+00, 6.093477228617928176e+00, 2.144962039914082652e+01
2.017000000000000000e+03, 1.069367730315259024e+01, 1.226748001240187946e+01, 1.181963296983645861e+01, 7.081019919422629094e+00, 9.212433467006066579e+00, 5.767072059137069218e+00, 6.589460031905801429e+00, 8.457418724623522621e+00, 1.151714242648932363e+01, 1.128812892674524626e+01, 1.254616925031054819e+01, 6.627143348909338094e+00, 5.981253739287602400e+00, 2.185635850012383941e+01
2.018000000000000000e+03, 1.057378416851602054e+01, 1.243329982691363966e+01, 1.217707241023368070e+01, 7.112980182410931107e+00, 9.615797035423002015e+00, 5.765363583816559334e+00, 6.600741408493695062e+00, 8.351751274190164054e+00, 1.156979774921891924e+01, 1.151589009317416057e+01, 1.246839894640562107e+01, 6.164959344234805627e+00, 6.134201371623123400e+00, 2.219500912228750522e+01
2.019000000000000000e+03, 1.052676608543622727e+01, 1.231659700196855667e+01, 1.217058564680932697e+01, 7.532479317168562005e+00, 9.482853819237581305e+00, 5.679863939595871436e+00, 6.526651936191883330e+00, 8.379933282474613776e+00, 1.161749917343261806e+01, 1.205307186068793790e+01, 1.296130901045312633e+01, 6.381657458319129894e+00, 6.167736147468926511e+00, 2.194731018068679163e+01
2.020000000000000000e+03, 1.052617267896343023e+01, 1.255664858672832374e+01, 1.187180095771629595e+01, 7.143238350182469887e+00, 9.812937733313193078e+00, 5.626578619374821066e+00, 6.813759925916428095e+00, 8.664300997228732371e+00, 1.172619520990449615e+01, 1.165857362580148049e+01, 1.266574646465110554e+01, 6.784902970574465009e+00, 6.167140564861524510e+00, 2.177580058635518512e+01
2.021000000000000000e+03, 1.079727544367380965e+01, 1.238573164801057302e+01, 1.223681270212772532e+01, 7.463729007421136430e+00, 9.587373658238851348e+00, 5.764888232321824013e+00, 6.676558652477495137e+00, 8.583255766658986374e+00, 1.157595172271861195e+01, 1.152232034450033993e+01, 1.246611461636157259e+01, 6.661721873576001762e+00, 6.169968741429633141e+00, 2.216927415947700553e+01
2.022000000000000000e+03, 1.091115308982122833e+01, 1.243774575572193442e+01, 1.167534978887573693e+01, 7.277018947231360002e+00, 9.315124870031777249e+00, 5.473414684432625243e+00, 6.762358124731764342e+00, 8.333344229771372014e+00, 1.135014690376636182e+01, 1.169871893486685011e+01, 1.257265378322506955e+01, 5.859282930673573198e+00, 6.177632320020371992e+00, 2.189444302422060318e+01
2.023000000000000000e+03, 1.038393016380180534e+01, 1.273612854629661584e+01, 1.249478165257091256e+01, 7.421149498744878059e+00, 9.565767458693047232e+00, 5.622090203500657246e+00, 6.609985817984747491e+00, 8.351646708846891087e+00, 1.141945460677119328e+01, 1.187929053108720368e+01, 1.268687350276798576e+01, 5.786245985460330310e+00, 6.151419679768411086e+00, 2.248904482580351427e+01
2.024000000000000000e+03, 1.063741665930610480e+01, 1.283408479852170281e+01, 1.194661621686191921e+01, 7.657146498030805049e+00, 9.529071216628585361e+00, 5.563476161384109275e+00, 6.504371175491121981e+00, 8.339848713875074537e+00, 1.151675408113127830e+01, 1.210778542002933378e+01, 1.279268778451646504e+01, 5.653815522730540444e+00, 6.097557954571117378e+00, 2.254479345284533665e+01
2.025000000000000000e+03, 1.072507581513854724e+01, 1.284575955406452330e+01, 1.187815580891965261e+01, 7.676860828555517990e+00, 9.624519819072382631e+00, 5.824961008336186907e+00, 6.799761643823700297e+00, 8.332006839932656561e+00, 1.162768565136328114e+01, 1.185163917565813207e+01, 1.281861779664045642e+01, 6.486409480118726201e+00, 6.373133040387724435e+00, 2.222320112626989186e+01
2.026000000000000000e+03, 1.036560419230579555e+01, 1.248712441043676868e+01, 1.212575657473877833e+01, 7.230265026117377758e+00, 9.683855906706408945e+00, 5.699487532962344005e+00, 6.840308229785440730e+00, 8.435510335826080563e+00, 1.151437537932532251e+01, 1.152843729469534217e+01, 1.245715229056730777e+01, 6.189027665921710941e+00, 6.408554856509153907e+00, 2.235369951359573193e+01
2.027000000000000000e+03, 1.081137780587927999e+01, 1.244666404867142973e+01, 1.230927505039424297e+01, 7.247375698931318055e+00, 9.630169740998733019e+00, 5.650632515340261897e+00, 6.889014960688214728e+00, 8.329213198709846111e+00, 1.152463419756580620e+01, 1.155930735803558740e+01, 1.346192421944456186e+01, 6.427225456004626913e+00, 6.327232162423571893e+00, 2.231512324795167501e+01
2.028000000000000000e+03, 1.088439088184590098e+01, 1.270449789493322612e+01, 1.249329414588482123e+01, 7.344960099486948835e+00, 9.699962784412196726e+00, 5.363822438193364128e+00, 6.906585599435338452e+00, 8.516179426867740432e+00, 1.154099014923928124e+01, 1.200008401251030499e+01, 1.330538088226613702e+01, 6.058864449797830787e+00, 6.423470127440254807e+00, 2.305443931918548017e+01
2.029000000000000000e+03, 1.093648148041264001e+01, 1.290839212842467987e+01, 1.159696651625549890e+01, 7.381418922076545819e+00, 9.745800361758426789e+00, 5.621186222071925975e+00, 6.913400064644665832e+00, 8.477869170519399589e+00, 1.149133255317670610e+01, 1.226674328346108389e+01, 1.318696410683289955e+01, 6.216378428520912713e+00, 6.199530607224676970e+00, 2.259992726418495934e+01
2.030000000000000000e+03, 1.059284396615169577e+01, 1.271375549416733541e+01, 1.138647905206621225e+01, 7.742135533885337040e+00, 9.801787725638039461e+00, 5.723625493076275106e+00, 6.732156076881969931e+00, 8.680148140533116674e+00, 1.161738373931256518e+01, 1.178869597446480277e+01, 1.295127294648099969e+01, 6.076750938418927106e+00, 6.407460342712013812e+00, 2.254833831166252622e+01
2.031000000000000000e+03, 1.041673646769712214e+01, 1.290398875201495699e+01, 1.235669209006198344e+01, 7.249831111616820145e+00, 9.743293359710509804e+00, 5.938545265076808022e+00, 6.806310370560018086e+00, 8.709769504792337358e+00, 1.156102493490556071e+01, 1.165108798890460484e+01, 1.306276006198670991e+01, 6.007773034260047496e+00, 6.083831961000098154e+00, 2.341272451170189228e+01
2.032000000000000000e+03, 1.064434545155571321e+01, 1.278622093077290423e+01, 1.181396781173728527e+01, 7.230521044017427457e+00, 9.798609538916569051e+00, 5.951319766087921792e+00, 6.635776286376495747e+00, 8.640911417143072981e+00, 1.155003998194301573e+01, 1.184071006575405427e+01, 1.301389640611493270e+01, 6.294000200117873867e+00, 6.064297482816845886e+00, 2.313260909488624861e+01
2.033000000000000000e+03, 1.077405132138813038e+01, 1.291245388690209239e+01, 1.229818515667648349e+01, 7.458985460753339680e+00, 9.506535015175504810e+00, 5.773358719541914041e+00, 7.079052168563337410e+00, 8.854070833361948445e+00, 1.166042865923128602e+01, 1.212528701941321430e+01, 1.268142464883558773e+01, 6.206383160119380626e+00, 6.274675606391589611e+00, 2.317676931141399166e+01
2.034000000000000000e+03, 1.061359946743812088e+01, 1.279921033771376138e+01, 1.176956040910902956e+01, 7.729755430794986282e+00, 9.633578606107363385e+00, 5.789492115129613481e+00, 6.908708880133634267e+00, 8.876002631077888338e+00, 1.155846316509965455e+01, 1.256805330643192242e+01, 1.319782818375203881e+01, 6.306855683633182608e+00, 6.178797925653257472e+00, 2.347936315747895364e+01
2.035000000000000000e+03, 1.083973615829037662e+01, 1.310236545122461216e+01, 1.143142392181773026e+01, 7.589073034856977706e+00, 9.629820338741398089e+00, 6.051191291227234537e+00, 6.814042507513105029e+00, 9.084197500359493915e+00, 1.164349233004591078e+01, 1.207394040889900211e+01, 1.281666588908505311e+01, 6.302289709225501468e+00, 6.650049665552951517e+00, 2.340361716504133227e+01
2.036000000000000000e+03, 1.139040548392105912e+01, 1.299668013211579520e+01, 1.185793161561660014e+01, 7.763135217799204568e+00, 9.818183256883308729e+00, 6.072938354811748596e+00, 6.896724534255846528e+00, 9.093581575996140032e+00, 1.170092061796657212e+01, 1.188808501802380135e+01, 1.312631422659487512e+01, 6.110400302054381783e+00, 6.189366444344209128e+00, 2.356219563844220488e+01
2.037000000000000000e+03, 1.062714446626561404e+01, 1.246001120287020925e+01, 1.267218403688523587e+01, 7.346944126241569784e+00, 9.492430807132832271e+00, 6.229626223167739063e+00, 6.992828892634177507e+00, 9.165602585033264305e+00, 1.175892477743999009e+01, 1.197568217186927164e+01, 1.321105610029304067e+01, 6.278136656102822677e+00, 6.654045420849026726e+00, 2.351350336755105275e+01
2.038000000000000000e+03, 1.063594829753386328e+01, 1.309103429402272134e+01, 1.228076463268690333e+01, 7.567473736817522223e+00, 9.876488213449787779e+00, 6.207618226463582189e+00, 6.830144041832035384e+00, 9.151217757296313593e+00, 1.172122832027669226e+01, 1.250031957898143276e+01, 1.360989446051822149e+01, 6.111472017401430534e+00, 6.366980123586005291e+00, 2.350777005847418266e+01
2.039000000000000000e+03, 1.060120024101786740e+01, 1.294203050801179700e+01, 1.273524222317525201e+01, 7.580890483271011782e+00, 9.819385572148373598e+00, 5.971558692166158977e+00, 7.098068603796795273e+00, 9.293934310431623658e+00, 1.186355200515516906e+01, 1.233810472264256752e+01, 1.324671466779568618e+01, 6.200038946884668611e+00, 6.182558929194978070e+00, 2.368928918518430748e+01
2.040000000000000000e+03, 1.070841645668054554e+01, 1.288694357193576323e+01, 1.231325390902186356e+01, 7.857245110910532127e+00, 9.522299219107448920e+00, 5.654777036677898217e+00, 7.207890113748661953e+00, 9.130442337243112050e+00, 1.173554195837110470e+01, 1.195807019684900929e+01, 1.340320407899420907e+01, 6.083513871329682132e+00, 6.421683129212350849e+00, 2.358170208331572937e+01
2.041000000000000000e+03, 1.103172815681321950e+01, 1.307268547756379817e+01, 1.198327168537317355e+01, 7.860035765364667526e+00, 9.842688221655354397e+00, 5.827065389766090675e+00, 6.919002410738383624e+00, 9.253678708683544585e+00, 1.174519047547604522e+01, 1.200710822332020378e+01, 1.336215377220969280e+01, 5.857951872541919514e+00, 6.594643359247565506e+00, 2.392318030247805183e+01
2.042000000000000000e+03, 1.081160704041958631e+01, 1.318411341049713670e+01, 1.255995630325591428e+01, 7.571008066661485181e+00, 9.805497537949484865e+00, 6.197486526945976237e+00, 7.073497490266229093e+00, 9.268757020478503250e+00, 1.169772628529555725e+01, 1.230147298791215782e+01, 1.356313883388506092e+01, 5.359066634467758661e+00, 6.212997899076240671e+00, 2.372608953637622164e+01
2.043000000000000000e+03, 1.078832469626348178e+01, 1.292794707929510700e+01, 1.253969081340122393e+01, 7.883547748603328742e+00, 1.004415797032318025e+01, 6.253180506458799748e+00, 6.975745628036370327e+00, 9.228873521461034457e+00, 1.173010345669382559e+01, 1.274995286796903038e+01, 1.366744143344734574e+01, 6.003240195288699788e+00, 6.564975306481235506e+00, 2.385084522917478722e+01
2.044000000000000000e+03, 1.099424973987388832e+01, 1.295203036934553609e+01, 1.245222392329984729e+01, 7.687631346778659669e+00, 1.022362326960116086e+01, 6.289113796455533922e+00, 6.909690324177936382e+00, 9.087007890429436685e+00, 1.179837059186382930e+01, 1.228127482280271643e+01, 1.380336811576647271e+01, 5.754322729927730862e+00, 6.744675720930225715e+00, 2.372088674594456137e+01
2.045000000000000000e+03, 1.072562983653294921e+01, 1.280225527541531605e+01, 1.204712185743443698e+01, 7.505394147300117780e+00, 9.762142964154257641e+00, 5.964363312139300710e+00, 6.960505943981266874e+00, 9.096168624733357078e+00, 1.172852273564342518e+01, 1.201180334441992947e+01, 1.370701646033992027e+01, 6.238393874420729901e+00, 6.612418674341281388e+00, 2.415445265719644041e+01
2.046000000000000000e+03, 1.076791558748465327e+01, 1.297976045119118815e+01, 1.276448332616436687e+01, 7.919499738847444625e+00, 9.994442458554637199e+00, 5.807055247279614640e+00, 7.195862735623985706e+00, 9.264397152951874048e+00, 1.178914650052325896e+01, 1.233459144206493718e+01, 1.376787074163313740e+01, 5.706711570894955621e+00, 6.794904709935650544e+00, 2.430307549664866329e+01
2.047000000000000000e+03, 1.067782191190376118e+01, 1.318080479629656487e+01, 1.266451180013110722e+01, 7.781365083242746117e+00, 1.006788513613882685e+01, 6.128907038794723761e+00, 6.968877120299642236e+00, 9.269105216660371127e+00, 1.169953313318435129e+01, 1.278289325112506880e+01, 1.388246930594978856e+01, 5.835007521509768758e+00, 6.886776476167579375e+00, 2.380230662189068624e+01
2.048000000000000000e+03, 1.088099821686577862e+01, 1.309880263326424732e+01, 1.256840997605538668e+01, 7.668958512706470110e+00, 9.524856744381768436e+00, 6.137620454172860285e+00, 7.138158609256130660e+00, 9.289499872130219771e+00, 1.173443289460873906e+01, 1.230631678324196798e+01, 1.382082434499428913e+01, 5.475323380277214547e+00, 6.483910160263508971e+00, 2.397874519326601828e+01
2.049000000000000000e+03, 1.121229675711419205e+01, 1.277903244132409988e+01, 1.186229000353176311e+01, 8.130142890914255460e+00, 1.009760317444995970e+01, 6.296007608901233787e+00, 7.088406134712086804e+00, 9.188667967452868623e+00, 1.202524558196912174e+01, 1.229513092048080480e+01, 1.342201881357633475e+01, 6.252012547664206998e+00, 6.842310090140393264e+00, 2.399452324554392035e+01
2.050000000000000000e+03, 1.103929265446874020e+01, 1.328004314480390846e+01, 1.259633389996749742e+01, 7.880212507540802491e+00, 1.001895863899886940e+01, 6.269482471666443679e+00, 7.233168471496815854e+00, 9.242320561518846844e+00, 1.192585437276991023e+01, 1.247247958341458229e+01, 1.374163194152373890e+01, 5.989282044701585761e+00, 6.602462865466412367e+00, 2.399207641332848340e+01
2.051000000000000000e+03, 1.058779534976869030e+01, 1.331167934468211023e+01, 1.252210387839871331e+01, 7.716871392045530520e+00, 1.019547982245878792e+01, 5.972802259558654292e+00, 7.256910842544940010e+00, 9.435754219407993304e+00, 1.160840164784695183e+01, 1.266634215579437495e+01, 1.360725505307619798e+01, 5.792960465332090081e+00, 6.628217094214695848e+00, 2.391501830344162371e+01
2.052000000000000000e+03, 1.086670949830035227e+01, 1.302506746664970905e+01, 1.248440305679411111e+01, 7.722032835217941482e+00, 9.707425027515402149e+00, 5.868589571555028250e+00, 7.097771581129233454e+00, 9.574217269606595693e+00, 1.138684221543094921e+01, 1.207220889639365424e+01, 1.362997134303608604e+01, 6.063463670468697053e+00, 6.758676517720890509e+00, 2.425105822380477960e+01
2.053000000000000000e+03, 1.096021910860708992e+01, 1.310329524084720987e+01, 1.203077512296009388e+01, 7.894742009556640738e+00, 9.900326093069756084e+00, 6.402021781558642211e+00, 7.261164203538267969e+00, 9.419675730767840705e+00, 1.144427323650276840e+01, 1.184349590609455305e+01, 1.384497085807070427e+01, 5.840239007522540327e+00, 6.420177497911816467e+00, 2.450203311050633559e+01
2.054000000000000000e+03, 1.072504263202457153e+01, 1.304557952092038953e+01, 1.168539534318668416e+01, 7.773894298405897629e+00, 9.895393860361071603e+00, 6.267285231118076894e+00, 7.225554422892296103e+00, 9.378349102806392779e+00, 1.141304766644601543e+01, 1.193812774531860832e+01, 1.374729010460566592e+01, 6.270315668475369364e+00, 6.770490084624102067e+00, 2.429746675921360222e+01
2.055000000000000000e+03, 1.068718663224978549e+01, 1.334744243602425051e+01, 1.210658503640857653e+01, 7.771125409652522187e+00, 1.026874046690097053e+01, 6.114083604729691146e+00, 7.083535732963332165e+00, 9.361131993370587878e+00, 1.133107580285681060e+01, 1.255862247617092287e+01, 1.392952258209359861e+01, 6.005296072458368606e+00, 6.878979378151609758e+00, 2.461388041329247756e+01
2.056000000000000000e+03, 1.106568469248919406e+01, 1.298543356523909154e+01, 1.236283871089848319e+01, 7.598734920209789578e+00, 9.824644329280744159e+00, 6.283873407419811485e+00, 7.024017917721050885e+00, 9.459462802949190063e+00, 1.143069034235404224e+01, 1.261456983295031087e+01, 1.348015908468924628e+01, 6.250874989610315957e+00, 6.738880593350503823e+00, 2.443483889581708368e+01
2.057000000000000000e+03, 1.099822264064963839e+01, 1.277944601604257535e+01, 1.205699215533198476e+01, 7.742977030323347165e+00, 9.743837612559651973e+00, 6.427956161100173205e+00, 7.360171555968202384e+00, 9.652381985662728425e+00, 1.177608578384941396e+01, 1.246442603233979263e+01, 1.359828423673686260e+01, 5.657377051581122807e+00, 6.785538624200985858e+00, 2.465758737035200454e+01
2.058000000000000000e+03, 1.107293309122496261e+01, 1.327180184668787888e+01, 1.223577523511003129e+01, 8.144777800597179152e+00, 9.619611313929620877e+00, 6.196773071708755687e+00, 7.214243285826624330e+00, 9.683478566942023136e+00, 1.173987515823252359e+01, 1.241918379817797558e+01, 1.425405436532718717e+01, 5.960059200403446944e+00, 6.689665652996543699e+00, 2.419724446138797092e+01
2.059000000000000000e+03, 1.107379916974582379e+01, 1.296889178289599975e+01, 1.310003757611529451e+01, 7.661841452637728089e+00, 1.002471543289921918e+01, 6.567268339806057398e+00, 7.357126201367862883e+00, 9.791198786439693436e+00, 1.172896145139315927e+01, 1.244604322114506623e+01, 1.356254260018779867e+01, 6.255960827182085460e+00, 6.772387242253465445e+00, 2.469188435021467143e+01
2.060000000000000000e+03, 1.079161881857930361e+01, 1.297554301036126567e+01, 1.231965034216313271e+01, 7.882261685736327905e+00, 9.943209439806270922e+00, 6.440488499945726808e+00, 7.407876098959441435e+00, 9.878500266359667492e+00, 1.165524471719818500e+01, 1.239073761433723320e+01, 1.339611537243557926e+01, 6.293445261537099711e+00, 6.717368487600524851e+00, 2.493361739910343644e+01
2.061000000000000000e+03, 1.065593689553084467e+01, 1.313426877396753767e+01, 1.178467403503143807e+01, 8.118362054617380252e+00, 9.642051506177553577e+00, 6.267598447472967571e+00, 7.275017546914719802e+00, 9.649876601086210925e+00, 1.196094437562756774e+01, 1.227222119231925035e+01, 1.330947548703725758e+01, 5.657814895363165952e+00, 6.796388258075795719e+00, 2.519590312161869505e+01
2.062000000000000000e+03, 1.049531472646244445e+01, 1.308628565106937103e+01, 1.168458009250884011e+01, 7.895382726171088272e+00, 9.767759876238292449e+00, 6.392009964835312807e+00, 7.466735597623479492e+00, 9.633072228892356037e+00, 1.171685273561581475e+01, 1.249674598557744964e+01, 1.362584037558162287e+01, 6.238811737605341357e+00, 6.952195565142605282e+00, 2.455020416526065574e+01
2.063000000000000000e+03, 1.050875492087077667e+01, 1.307240386217496919e+01, 1.242078958013656909e+01, 7.627570430713614513e+00, 9.888778451540478187e+00, 6.330856461092456478e+00, 7.313290748392640594e+00, 9.595436659294128035e+00, 1.177046392313317114e+01, 1.277269115111345066e+01, 1.390120261549631664e+01, 5.920932872480854314e+00, 6.538564661264757660e+00, 2.489219814778743611e+01
2.064000000000000000e+03, 1.096161561502808190e+01, 1.317362054827259144e+01, 1.235083847713080374e+01, 8.081826932169825284e+00, 1.004042491306435281e+01, 6.436891169550897018e+00, 7.548989943470138186e+00, 9.536181438576569747e+00, 1.145772324191512048e+01, 1.275812602459292577e+01, 1.421847951891426831e+01, 6.270916262211311931e+00, 6.953201704219265089e+00, 2.470531006311390598e+01
2.065000000000000000e+03, 1.072576434674983048e+01, 1.340782395798886384e+01, 1.208541358351370398e+01, 8.201174396655899201e+00, 9.695456706612802122e+00, 6.381135546948788928e+00, 7.573929165892653081e+00, 9.634362956899042985e+00, 1.117673315503664888e+01, 1.220561816715988002e+01, 1.416557017965853760e+01, 6.224229422215509899e+00, 6.853142298163575674e+00, 2.480830948506488198e+01
2.066000000000000000e+03, 1.062155968292950980e+01, 1.297689946087206003e+01, 1.238743702188515705e+01, 7.979792438684529365e+00, 9.762572972601029520e+00, 6.752207451506583524e+00, 7.431329497297319620e+00, 9.853692208739490255e+00, 1.143565796408904056e+01, 1.221091966936737805e+01, 1.398064488348782142e+01, 6.219915421740173755e+00, 6.653770238420744221e+00, 2.480699935712328852e+01
2.067000000000000000e+03, 1.061144963785026896e+01, 1.292477309852848499e+01, 1.271444958815154180e+01, 8.164028784957752194e+00, 9.616370887524686495e+00, 6.555311467005055626e+00, 7.545950836108757720e+00, 9.962528459513460888e+00, 1.129126722141661965e+01, 1.248551229159078879e+01, 1.414763699865269864e+01, 5.611822633418145578e+00, 6.936669197454638613e+00, 2.494651926279349752e+01
2.068000000000000000e+03, 1.090941574452667240e+01, 1.308588969065736052e+01, 1.245323041574932255e+01, 8.062723745009215293e+00, 9.872908658368119816e+00, 6.530563344424370698e+00, 7.395455772593017230e+00, 9.729705985325942663e+00, 1.129927799235153429e+01, 1.289792982662018161e+01, 1.403307308166458434e+01, 6.135064793630476743e+00, 6.896407547237412672e+00, 2.465854540874574852e+01
2.069000000000000000e+03, 1.063379673180365970e+01, 1.313099812258850640e+01, 1.212277786220704101e+01, 8.165130150729815739e+00, 9.555153001453449590e+00, 6.430778473576004295e+00, 7.311134306753018564e+00, 9.623523712281725651e+00, 1.126594948449555744e+01, 1.252753328229427865e+01, 1.376553459796515355e+01, 6.250882411898201596e+00, 6.893667988279859493e+00, 2.485641980113024374e+01
2.070000000000000000e+03, 1.112961501331101033e+01, 1.346880557753028640e+01, 1.252260401633878395e+01, 7.780240719591358101e+00, 1.012922464471420980e+01, 6.396122247275604522e+00, 7.530888061978838977e+00, 9.555294483889211321e+00, 1.134251095070598581e+01, 1.224406772152787681e+01, 1.409803905305909488e+01, 6.444845828114780240e+00, 6.954273955174001820e+00, 2.542180722657269953e+01
2.071000000000000000e+03, 1.104637719362018444e+01, 1.344559578482306250e+01, 1.212279145981506545e+01, 7.653802338211326273e+00, 1.017386237504533142e+01, 6.344757390579843559e+00, 7.384428989837360291e+00, 9.564005814686545648e+00, 1.134583030450824559e+01, 1.216876097078452368e+01, 1.417920718250954160e+01, 5.553357134136353679e+00, 6.791766031271931681e+00, 2.470074719521377560e+01
2.072000000000000000e+03, 1.079806816850915752e+01, 1.293833551238427226e+01, 1.187125155614398153e+01, 8.123103268628995011e+00, 9.800355697589459680e+00, 6.243227945997032791e+00, 7.521935903380621902e+00, 9.665270897759935309e+00, 1.143792555959802648e+01, 1.237602576891792872e+01, 1.383351759310704843e+01, 6.107581695008602374e+00, 6.773099079369890418e+00, 2.470413125401486454e+01
2.073000000000000000e+03, 1.034026687568935365e+01, 1.315302317276185029e+01, 1.225345431175907684e+01, 8.031352336671183423e+00, 9.692886813841459670e+00, 6.432939020740126246e+00, 7.675319220912347973e+00, 9.626818523119670346e+00, 1.163415290811368052e+01, 1.272801489830046151e+01, 1.383115147232843789e+01, 6.120869555998527112e+00, 7.211278563480814086e+00, 2.533244591628240627e+01
2.074000000000000000e+03, 1.085924187955821374e+01, 1.301954601594808558e+01, 1.241698599068646303e+01, 8.264258089620600600e+00, 1.020111070229038752e+01, 6.327018918757491228e+00, 7.534510936168189232e+00, 9.743382020627748830e+00, 1.177654489912438862e+01, 1.289719069944771590e+01, 1.441647172209421157e+01, 6.002800190187993934e+00, 7.062949409995462169e+00, 2.519760400868176831e+01
2.075000000000000000e+03, 1.081260400850805148e+01, 1.306205703659844097e+01, 1.225128460962312182e+01, 7.906529850318213093e+00, 9.737410317137692672e+00, 6.376602101454890814e+00, 7.730168578390626877e+00, 9.629005008867050464e+00, 1.152228135796269193e+01, 1.255044664471094684e+01, 1.444916187715279143e+01, 6.459905695849419871e+00, 7.222676648657698983e+00, 2.524039645612880634e+01
2.076000000000000000e+03, 1.111465323038858877e+01, 1.331882389246821319e+01, 1.228615936028448097e+01, 7.809612498968442118e+00, 9.729805882193343081e+00, 6.437567696481139023e+00, 7.444646589680570692e+00, 9.551164814376368994e+00, 1.135672776793006200e+01, 1.244979311015447720e+01, 1.418785529153790215e+01, 6.628155641592039515e+00, 6.991072877848653278e+00, 2.502334782726380169e+01
2.077000000000000000e+03, 1.098270388469755865e+01, 1.298754461355239975e+01, 1.201000409655169499e+01, 7.996575847622572120e+00, 1.014122246702664043e+01, 6.548133147337729554e+00, 7.571492655489432622e+00, 9.736118991775441600e+00, 1.133846262102054681e+01, 1.254046396917012629e+01, 1.440663563396945079e+01, 5.775722101527937191e+00, 6.987007612766480413e+00, 2.511294837464497576e+01
2.078000000000000000e+03, 1.074630901543067907e+01, 1.287233516066293859e+01, 1.222777801019768162e+01, 7.808954368051545636e+00, 9.887846970825192372e+00, 6.689557314552422085e+00, 7.715455277383767907e+00, 9.375762022219950254e+00, 1.141488071761794032e+01, 1.267905484617003431e+01, 1.420331965248536576e+01, 6.077883761011039887e+00, 6.648321587801947707e+00, 2.584312333724919952e+01
2.079000000000000000e+03, 1.066314330319510084e+01, 1.315777105523254420e+01, 1.234121774139438621e+01, 7.916949293594661263e+00, 1.043494907438468111e+01, 6.858057804716611194e+00, 7.694514401810393700e+00, 9.439456143089152818e+00, 1.121736839377261319e+01, 1.294761551457003357e+01, 1.349495021009522766e+01, 5.603944931323992407e+00, 6.568743464356188611e+00, 2.521679626647237882e+01
2.080000000000000000e+03, 1.052166381156957442e+01, 1.332277698926586673e+01, 1.249095266710595986e+01, 8.188736851267446326e+00, 9.924566622775243374e+00, 6.520483077420914597e+00, 7.452577165125308767e+00, 9.411696295567535842e+00, 1.119745834736881207e+01, 1.286379327604628031e+01, 1.389754145158690690e+01, 6.388115033015288269e+00, 6.481499383011227522e+00, 2.550134375701500389e+01
2.081000000000000000e+03, 1.084607936911593740e+01, 1.304401812210113576e+01, 1.245850189007080644e+01, 7.449775109984662080e+00, 9.867524806186818154e+00, 6.657128313151529753e+00, 7.717635882155511773e+00, 9.481201863539789443e+00, 1.135040174499708598e+01, 1.239507407051154075e+01, 1.391972169350211175e+01, 5.914913448737212143e+00, 7.199185183758954665e+00, 2.502559228097214827e+01
2.082000000000000000e+03, 1.108009029251131849e+01, 1.308073071480280802e+01, 1.259515100716369140e+01, 7.988770047436388744e+00, 9.962573889901161550e+00, 6.450892273191443316e+00, 7.604782236275515750e+00, 9.663372708049354998e+00, 1.133209320240250584e+01, 1.221637765572208423e+01, 1.434082546553235993e+01, 6.164867549055799145e+00, 6.793719868724226174e+00, 2.581065297646422252e+01
2.083000000000000000e+03, 1.088769239378847153e+01, 1.298204978383441954e+01, 1.208103716485127066e+01, 8.216975949744401930e+00, 9.747154624293390413e+00, 6.722680327168474079e+00, 7.507612331246474646e+00, 9.297202419116764815e+00, 1.119840662922658758e+01, 1.260567394233130045e+01, 1.376531670913826133e+01, 6.120508719248722862e+00, 6.761717637108701773e+00, 2.538149859800236996e+01
2.084000000000000000e+03, 1.087217580424196051e+01, 1.288880358665530501e+01, 1.238319099815579349e+01, 8.066202765137076014e+00, 9.776569331905616167e+00, 6.709086042765770586e+00, 7.599229171299321628e+00, 9.229187962790364352e+00, 1.134033652064798581e+01, 1.312290367659213430e+01, 1.399642874846093221e+01, 5.809940256933423086e+00, 6.879059327692174541e+00, 2.581237014283102482e+01
2.085000000000000000e+03, 1.102869249432479393e+01, 1.294217742247779057e+01, 1.243087040421130141e+01, 8.481426139603547298e+00, 9.551319253779706031e+00, 6.233600242359885080e+00, 7.768686615105386828e+00, 9.266274162176754814e+00, 1.146914678246297115e+01, 1.274369351161621111e+01, 1.362308168616766935e+01, 6.194375737409545835e+00, 6.942561813408001825e+00, 2.561134914562557441e+01
2.086000000000000000e+03, 1.070971045926370913e+01, 1.294457076855698929e+01, 1.296585625834235067e+01, 7.895520933024849697e+00, 1.010244900965389192e+01, 6.703085232039511787e+00, 7.853267844601510284e+00, 9.568367818415458359e+00, 1.150030943741255562e+01, 1.230524523995457820e+01, 1.443688774366874128e+01, 6.278323932208299318e+00, 7.067822610886260293e+00, 2.578504265791006134e+01
2.087000000000000000e+03, 1.053223019135273830e+01, 1.358287393018247791e+01, 1.250854178696924812e+01, 8.360156197820407087e+00, 1.023875561485995433e+01, 6.399836470631048435e+00, 7.745510938749402996e+00, 9.337150648109213691e+00, 1.137968318373246213e+01, 1.251975171527352870e+01, 1.441169764857810165e+01, 6.159637018400955455e+00, 6.914547059963181752e+00, 2.550886345966948454e+01
2.088000000000000000e+03, 1.078664429108756195e+01, 1.354443484059757274e+01, 1.152449010325173084e+01, 8.194615871095162873e+00, 9.875036466473016361e+00, 6.432476068926270329e+00, 7.864381978630593295e+00, 9.416424554957481874e+00, 1.139915102065209851e+01, 1.293377835231090422e+01, 1.395307872570424479e+01, 6.539809731786741409e+00, 6.748968922290418782e+00, 2.487807731780114295e+01
2.089000000000000000e+03, 1.075842077330628932e+01, 1.290602342910161582e+01, 1.245059125281779622e+01, 8.234351785390257916e+00, 1.017993979723651776e+01, 6.518139170445667929e+00, 7.670507333198829159e+00, 9.325134837236769059e+00, 1.155607045741644967e+01, 1.237716250866552592e+01, 1.355234113051605682e+01, 6.393202005799840215e+00, 7.011974003139707534e+00, 2.540463174828679627e+01
2.090000000000000000e+03, 1.078067570210640369e+01, 1.322647460226868787e+01, 1.244430480161210006e+01, 7.954723187376816718e+00, 1.001816733132904957e+01, 6.538240515234619465e+00, 7.730416446282450060e+00, 9.345870435907889018e+00, 1.141918221868919225e+01, 1.232769683151261475e+01, 1.395142802952199368e+01, 6.196247691134740165e+00, 6.908411335340110426e+00, 2.584855430529476550e+01
2.091000000000000000e+03, 1.085188889771905352e+01, 1.296692440073905139e+01, 1.180997460831331480e+01, 8.106143026012411212e+00, 1.001375752352985948e+01, 6.666595866534045456e+00, 7.584951101797995143e+00, 9.308276341488836536e+00, 1.146361554171256714e+01, 1.275907175100388535e+01, 1.376058174904765607e+01, 5.824868653435027355e+00, 6.971267305366387390e+00, 2.516101841670833394e+01
2.092000000000000000e+03, 1.047536674709030358e+01, 1.270123430278585275e+01, 1.202942418916421019e+01, 7.762074398197450265e+00, 1.016434702881440622e+01, 6.506101206343637422e+00, 7.898144844941068499e+00, 9.432432812336543293e+00, 1.157586253994090164e+01, 1.304886960689202624e+01, 1.356857727909133793e+01, 5.792898015890478369e+00, 7.200103104901670825e+00, 2.509220675903354447e+01
2.093000000000000000e+03, 1.048448616085167195e+01, 1.336408472034114681e+01, 1.215582707231623871e+01, 8.020777317445066501e+00, 9.744999503578783973e+00, 6.312749243011039013e+00, 7.739040645467089696e+00, 9.244665501420280762e+00, 1.138775844637552659e+01, 1.238920493265557710e+01, 1.364484496983945050e+01, 5.831807376609059013e+00, 7.122404021897541959e+00, 2.583814852841624443e+01
2.094000000000000000e+03, 1.085534862520652233e+01, 1.311799266240821282e+01, 1.231849865442341496e+01, 8.286255787350532032e+00, 9.506407175797097153e+00, 6.798976213645826050e+00, 7.773273874011680462e+00, 9.314119160449862989e+00, 1.166636677174589565e+01, 1.215262483632673707e+01, 1.369926958374179726e+01, 6.123322105209858535e+00, 6.859220691294745542e+00, 2.530075191741475749e+01
2.095000000000000000e+03, 1.079443507934395541e+01, 1.298783501398689921e+01, 1.251725090225007264e+01, 7.709796043566799817e+00, 1.016997682408563364e+01, 6.828319133535459606e+00, 7.861979412171240966e+00, 9.280112136682058477e+00, 1.186995426712377366e+01, 1.240378652691900463e+01, 1.321986094698383418e+01, 5.381902363602240058e+00, 6.671067244730735091e+00, 2.518134914284106074e+01
2.096000000000000000e+03, 1.066573170989111752e+01, 1.290632909397312567e+01, 1.222128617790059302e+01, 7.687324635805090622e+00, 1.022744399565564954e+01, 6.396934902883525176e+00, 7.576636064313788665e+00, 9.319182278299662059e+00, 1.149591767366867856e+01, 1.268555385547280245e+01, 1.387075154385539655e+01, 5.953275582634111274e+00, 6.946073917181985635e+00, 2.544911698446463788e+01
2.097000000000000000e+03, 1.087400814962840023e+01, 1.314219256651769641e+01, 1.149177759888450190e+01, 8.104686857419599377e+00, 9.569466636351714683e+00, 6.308565118869975841e+00, 7.792367937141009726e+00, 9.642365868025672526e+00, 1.133564351862053599e+01, 1.280947009308609097e+01, 1.408532647308232555e+01, 6.342922137836527696e+00, 7.164048244927794684e+00, 2.513364476846856377e+01
2.098000000000000000e+03, 1.077968653742379246e+01, 1.328036613461193127e+01, 1.211491606580984204e+01, 7.994755254004733303e+00, 9.859930012552483802e+00, 6.720754848669340475e+00, 7.937102805655026572e+00, 9.464095848828041113e+00, 1.147127045136769574e+01, 1.217488248626803937e+01, 1.407777632142964919e+01, 5.855065820155628487e+00, 6.934144769837112143e+00, 2.465849954213265249e+01
2.099000000000000000e+03, 1.101654848025383338e+01, 1.308491723419060904e+01, 1.241500737404594901e+01, 8.174505261801829903e+00, 9.745730919743502696e+00, 6.618996693793167907e+00, 7.831523200644531890e+00, 9.527552434981576113e+00, 1.162296833503606486e+01, 1.207152855274245518e+01, 1.375038152382038703e+01, 6.582590566629207274e+00, 6.831789670871685871e+00, 2.506207467061370764e+01
2.100000000000000000e+03, 1.078213681294937842e+01, 1.259084990950787919e+01, 1.218228888156052037e+01, 7.916119736213386382e+00, 9.786484751071446553e+00, 6.758150423435956178e+00, 7.618215838988108501e+00, 9.542528999532182254e+00, 1.153739020261302706e+01, 1.248351283938550260e+01, 1.377586696564917723e+01, 6.054122361032139743e+00, 7.099187219351524192e+00, 2.552539153357155399e+01
