year, GFDL-ESM4, MIROC-ES2L, CanESM5, CNRM-ESM2-1, INM-CM5-0, MPI-ESM1-2-LR, CESM2-WACCM, EC-Earth3-Veg, TaiESM1, NorESM2-LM, UKESM1-0-LL, CMCC-CM2-SR5, INM-CM4-8, NorESM2-MM, IPSL-CM6A-LR, ACCESS-ESM1-5
1.850000000000000000e+03, 4.179505488855040198e+02, 5.362897827921919998e+02, 5.094939515944959680e+02, 5.072733528391680125e+02, 5.775739815198719498e+02, 4.296344034344959937e+02, 5.450652733931519833e+02, 4.321917209149439714e+02, 5.702393853378559925e+02, 5.275959301242879746e+02, 5.844275413647360438e+02, 3.900591654830079733e+02, 5.763761554063360109e+02, 5.248715786813439763e+02, 3.654497410744319836e+02, 6.341159509032960386e+02
1.851000000000000000e+03, 4.178168009195520085e+02, 5.353983757516799642e+02, 5.089761731543039787e+02, 5.070736704143359930e+02, 5.776765238640639382e+02, 4.283996003368960146e+02, 5.449829979258879575e+02, 4.282295464755200101e+02, 5.679556706959359644e+02, 5.265734259179520222e+02, 5.844731753922559392e+02, 3.893217397309439889e+02, 5.755686344458239319e+02, 5.245697565655040080e+02, 3.649019314175999966e+02, 6.338738221219839488e+02
1.852000000000000000e+03, 4.176191653150719958e+02, 5.338707766804479888e+02, 5.091592796897280095e+02, 5.062524927999999704e+02, 5.761335568629759791e+02, 4.269163602247679705e+02, 5.448066358312960347e+02, 4.264890109788159975e+02, 5.687368849817599994e+02, 5.260719213772799776e+02, 5.843305019473920083e+02, 3.921284001955839926e+02, 5.755856129884159600e+02, 5.237851197276160065e+02, 3.644245860679679936e+02, 6.342672813916159384e+02
1.853000000000000000e+03, 4.152907226152959765e+02, 5.328633384140799762e+02, 5.075486333992959658e+02, 5.068583180697600028e+02, 5.762422732226559674e+02, 4.247988742389759977e+02, 5.447101332848640141e+02, 4.230502185697279742e+02, 5.676528755015680190e+02, 5.249991190773760081e+02, 5.841510528450560287e+02, 3.923797564456959890e+02, 5.751250448547839369e+02, 5.238701802127360452e+02, 3.638042988380159954e+02, 6.345377301135359858e+02
1.854000000000000000e+03, 4.150680889589759772e+02, 5.323159314104319719e+02, 5.061148189655040142e+02, 5.057025021050880014e+02, 5.754767624110079396e+02, 4.220877432422399806e+02, 5.436021994946560199e+02, 4.172749639516159732e+02, 5.654531140485120204e+02, 5.239037010903040255e+02, 5.841901102039039415e+02, 3.897306004848639986e+02, 5.744032219135999640e+02, 5.226138016153599892e+02, 3.640133429493760104e+02, 6.340668943237119493e+02
1.855000000000000000e+03, 4.155226508492800122e+02, 5.317760405995519477e+02, 5.060707955507199927e+02, 5.058272910376959999e+02, 5.752973804175360328e+02, 4.227830246277119954e+02, 5.422695516733440400e+02, 4.174029070008319877e+02, 5.666964399718399363e+02, 5.236496269312000322e+02, 5.847019495096319588e+02, 3.924218001489920198e+02, 5.747948692439040315e+02, 5.221251148677120000e+02, 3.641182005493760130e+02, 6.333462122332159652e+02
1.856000000000000000e+03, 4.157280375275519759e+02, 5.312129636761600295e+02, 5.056155290173439880e+02, 5.054424888115199792e+02, 5.757058049638400234e+02, 4.230353875107840054e+02, 5.411539674726400335e+02, 4.149576948776959853e+02, 5.676673710161919644e+02, 5.235228582871039862e+02, 5.849864239841280096e+02, 3.915025429299199686e+02, 5.742600787066879775e+02, 5.222707075481599759e+02, 3.639885126696959787e+02, 6.328484657889280243e+02
1.857000000000000000e+03, 4.140184727715840154e+02, 5.308251751055360046e+02, 5.046527852543999870e+02, 5.052822328442879893e+02, 5.760702732042240086e+02, 4.229063707197440181e+02, 5.403122881003520206e+02, 4.130521051299839996e+02, 5.661087005409279982e+02, 5.232086210314239452e+02, 5.849558223421439607e+02, 3.899904460062720091e+02, 5.731583524863999628e+02, 5.220005608161279724e+02, 3.635188177305599879e+02, 6.327987381207040016e+02
1.858000000000000000e+03, 4.134127146106879991e+02, 5.297634122137600343e+02, 5.034830777548800143e+02, 5.055701634252799863e+02, 5.767992767938559382e+02, 4.217700498800639934e+02, 5.398415529738240366e+02, 4.125961339535359684e+02, 5.647976617738239611e+02, 5.219484507832320332e+02, 5.848876397363200113e+02, 3.912556494192639889e+02, 5.735339607982079997e+02, 5.213330625003519572e+02, 3.642360101601279894e+02, 6.337953047511040268e+02
1.859000000000000000e+03, 4.135147871928319887e+02, 5.289845467381759363e+02, 5.036026657505279900e+02, 5.046955336007679875e+02, 5.761952299089920189e+02, 4.213814224486399667e+02, 5.390927522693119727e+02, 4.105557896069120147e+02, 5.647012934451199726e+02, 5.216338779832319688e+02, 5.845371972485120295e+02, 3.919074442608639970e+02, 5.736669705666560048e+02, 5.208499122339840142e+02, 3.644643480698879898e+02, 6.353767251312640383e+02
1.860000000000000000e+03, 4.129049018367999793e+02, 5.288324780523520303e+02, 5.033537589739519831e+02, 5.033358409072640143e+02, 5.766475436523519420e+02, 4.200940060016640132e+02, 5.386293991178239366e+02, 4.090957691617280148e+02, 5.646721681981439360e+02, 5.214157406207999657e+02, 5.850708469350399810e+02, 3.915457274839039883e+02, 5.737546818519040244e+02, 5.201240292065280073e+02, 3.637232648847360110e+02, 6.355693946798079423e+02
1.861000000000000000e+03, 4.131894434201599893e+02, 5.286783625461760039e+02, 5.030481787617279679e+02, 5.039392167034880003e+02, 5.770949584486399999e+02, 4.177881118801919911e+02, 5.389973234647039817e+02, 4.082647265443840183e+02, 5.626543053209600203e+02, 5.209078607380480435e+02, 5.847699307888640305e+02, 3.915202261155839665e+02, 5.744008059944959541e+02, 5.194533432197119964e+02, 3.633288996454400035e+02, 6.360623763947519365e+02
1.862000000000000000e+03, 4.125730820587519929e+02, 5.285902486077440017e+02, 5.040802795356160004e+02, 5.043551909969920075e+02, 5.776009592832000408e+02, 4.158249091727359996e+02, 5.390688615137279385e+02, 4.068912765337599922e+02, 5.636449999257599757e+02, 5.208419598335999581e+02, 5.843230528634879875e+02, 3.920571305820159864e+02, 5.750977986560000090e+02, 5.191709155655679524e+02, 3.632746756833279846e+02, 6.368635891220479834e+02
1.863000000000000000e+03, 4.130124773457919787e+02, 5.285905841520640251e+02, 5.050774501457919996e+02, 5.041156123525120165e+02, 5.773164848087039900e+02, 4.163367820328959965e+02, 5.383910619873280439e+02, 4.055473208688640057e+02, 5.640483241983999960e+02, 5.197365426257920262e+02, 5.844929053982720006e+02, 3.931461061181440186e+02, 5.755352142315520041e+02, 5.186684043919359510e+02, 3.639648903495680088e+02, 6.367921181818879859e+02
1.864000000000000000e+03, 4.127661207060480137e+02, 5.282227604684800326e+02, 5.046115133030399988e+02, 5.028087343349760090e+02, 5.768965175377919650e+02, 4.156360312750080084e+02, 5.377522862653439688e+02, 4.034872465162239905e+02, 5.621871940730879942e+02, 5.182885682216959822e+02, 5.844308968079359374e+02, 3.941020718858239889e+02, 5.761821436805120129e+02, 5.183300414996480185e+02, 3.639832781783039763e+02, 6.348860251176960219e+02
1.865000000000000000e+03, 4.112383874170880063e+02, 5.281048837488640402e+02, 5.056031809863679882e+02, 5.035146189209600038e+02, 5.764222591959039619e+02, 4.148783050915839681e+02, 5.367795097272320390e+02, 4.027377411686400137e+02, 5.618617160826879626e+02, 5.182250161274879474e+02, 5.846506112286720054e+02, 3.951068257976319842e+02, 5.760802053160959986e+02, 5.180644917247999501e+02, 3.633679570042879732e+02, 6.348269693173759833e+02
1.866000000000000000e+03, 4.105215305318399714e+02, 5.281718583951360415e+02, 5.057294798684159787e+02, 5.033100711034879851e+02, 5.762630098616319856e+02, 4.150090331586559955e+02, 5.363368261058559483e+02, 4.032808867594239928e+02, 5.615700945141759348e+02, 5.185341866639359978e+02, 5.850548750254080232e+02, 3.950018675343359860e+02, 5.767072705413120275e+02, 5.172396902318080265e+02, 3.631108293918720165e+02, 6.352254617518079840e+02
1.867000000000000000e+03, 4.098312823111679677e+02, 5.282946340618240129e+02, 5.052625363927039643e+02, 5.025797588910079980e+02, 5.760908085166080355e+02, 4.159549325967360005e+02, 5.349617990369280278e+02, 4.025179931934719662e+02, 5.634914548449279437e+02, 5.179449708380159336e+02, 5.848602593198079376e+02, 3.946404863016960007e+02, 5.761859688857599622e+02, 5.161204485980159689e+02, 3.620160153845760078e+02, 6.354022936084479625e+02
1.868000000000000000e+03, 4.090335256903679806e+02, 5.290145779548159908e+02, 5.051447603363839676e+02, 5.026962263244799942e+02, 5.760604082012159779e+02, 4.151825431265280031e+02, 5.340588828262399375e+02, 4.006977323663359698e+02, 5.633450904125439820e+02, 5.177712930979839712e+02, 5.846455109550080351e+02, 3.934821202001920142e+02, 5.751015567523839991e+02, 5.163304657879040178e+02, 3.625975136911359868e+02, 6.345448436531199832e+02
1.869000000000000000e+03, 4.090039642357759817e+02, 5.297383134986239384e+02, 5.063420160245759689e+02, 5.023056527360000132e+02, 5.760031643402239752e+02, 4.146676839219200019e+02, 5.338357122990080370e+02, 4.014050933473279770e+02, 5.619812705239039587e+02, 5.164340818739200358e+02, 5.853545161031679527e+02, 3.939395006627839848e+02, 5.751612836413439709e+02, 5.167923760988160211e+02, 3.628709152030720020e+02, 6.341323254661119790e+02
1.870000000000000000e+03, 4.093373946265600125e+02, 5.292834831728639529e+02, 5.074912217661440081e+02, 5.027186406850560161e+02, 5.758553235128320011e+02, 4.138804969472000153e+02, 5.335004364144639339e+02, 4.016555100733439758e+02, 5.610800320348159858e+02, 5.161084025569280129e+02, 5.861025786101760104e+02, 3.941971987005439928e+02, 5.756153422151679706e+02, 5.167004369551359559e+02, 3.628619561697279892e+02, 6.350945994670080381e+02
1.871000000000000000e+03, 4.084755825950720123e+02, 5.288568721244159860e+02, 5.070994066636799857e+02, 5.018681029427199860e+02, 5.766498924625919926e+02, 4.133434918174719996e+02, 5.330809724600319441e+02, 4.011723598069759760e+02, 5.620547211755520038e+02, 5.156494450360320343e+02, 5.858662211911679378e+02, 3.962537162833920092e+02, 5.760303434301439438e+02, 5.167701966192639702e+02, 3.617832147353599908e+02, 6.355569795399679833e+02
1.872000000000000000e+03, 4.073362083020799673e+02, 5.284128798801920084e+02, 5.079065585254400048e+02, 5.018038797598720180e+02, 5.771681742192639604e+02, 4.130169400852479953e+02, 5.330157426442240194e+02, 4.008084619919359852e+02, 5.616131112959999427e+02, 5.148416220856320251e+02, 5.852776764538880343e+02, 3.961442617262080148e+02, 5.763938050375679722e+02, 5.159910627082240353e+02, 3.619762869370879912e+02, 6.358333338419199663e+02
1.873000000000000000e+03, 4.060895940444160033e+02, 5.275728446750720195e+02, 5.084499389972480117e+02, 5.011631243264000091e+02, 5.758535786823680382e+02, 4.116456375582719716e+02, 5.318773078753280288e+02, 4.005289200189440066e+02, 5.602406008094719709e+02, 5.135826933514240409e+02, 5.848235507711999617e+02, 3.939774507253760021e+02, 5.757200320430080183e+02, 5.151681738178559726e+02, 3.618345865707519806e+02, 6.361001586851839420e+02
1.874000000000000000e+03, 4.056019139297279708e+02, 5.272285762027520377e+02, 5.090290884935679969e+02, 5.015187677511680135e+02, 5.756168186101759829e+02, 4.097950099701760109e+02, 5.309533530357759901e+02, 3.991691602165760173e+02, 5.611109356666879648e+02, 5.130558887690240226e+02, 5.847943584153599659e+02, 3.955051840143360096e+02, 5.758931729121279659e+02, 5.144669868523519654e+02, 3.610667269488640159e+02, 6.356449592606719534e+02
1.875000000000000000e+03, 4.046119910768640011e+02, 5.273009195581439599e+02, 5.102041647022080042e+02, 5.005784047943679980e+02, 5.764197761679359928e+02, 4.099312745185279709e+02, 5.305535519784959888e+02, 3.982626201272319690e+02, 5.601484603392000281e+02, 5.131052808929280218e+02, 5.848896530022400384e+02, 3.966142251008000130e+02, 5.755052836782080021e+02, 5.137391241134080246e+02, 3.620663134781439680e+02, 6.353104215736319702e+02
1.876000000000000000e+03, 4.045806847918079825e+02, 5.266829811384319555e+02, 5.089453030768639792e+02, 4.996036485447679638e+02, 5.765484238602240339e+02, 4.096474040238080079e+02, 5.305181184983040339e+02, 3.971702220390399702e+02, 5.586835409469439355e+02, 5.128195313500159500e+02, 5.852798239375359799e+02, 3.957651301990400157e+02, 5.758953203957760252e+02, 5.133290218455040304e+02, 3.622860278988799791e+02, 6.350999010672639997e+02
1.877000000000000000e+03, 4.041644756172800044e+02, 5.256386329968639757e+02, 5.086038196224000103e+02, 4.989698053242880178e+02, 5.768283349319680156e+02, 4.089144074567680036e+02, 5.294826287267840144e+02, 3.972711537704959710e+02, 5.600266913054720135e+02, 5.119192994938879906e+02, 5.848531457802239402e+02, 3.964051138805759820e+02, 5.760757090222080024e+02, 5.128419457105919719e+02, 3.617436540600319859e+02, 6.355415445012480404e+02
1.878000000000000000e+03, 4.041163250073599897e+02, 5.251937347829759801e+02, 5.083225663733759916e+02, 4.993830952632320077e+02, 5.764835966975999781e+02, 4.074804923596799995e+02, 5.293495182950399567e+02, 3.981050485145599964e+02, 5.601891954196479446e+02, 5.112134149079039958e+02, 5.843015780270079631e+02, 3.975350929326079950e+02, 5.769292666634239595e+02, 5.129321400238079605e+02, 3.618372038164479818e+02, 6.362197466808320314e+02
1.879000000000000000e+03, 4.037459511869440121e+02, 5.253443270737919875e+02, 5.079389049978880166e+02, 4.995235205611519973e+02, 5.767482740572160083e+02, 4.057213677076479712e+02, 5.281915548467200097e+02, 3.968612863836160045e+02, 5.592248410439680129e+02, 5.102996941701119908e+02, 5.837109529149439595e+02, 3.970562711879679796e+02, 5.776021001338880296e+02, 5.123816795668479926e+02, 3.621121488322559685e+02, 6.371471240724480367e+02
1.880000000000000000e+03, 4.028554836705279740e+02, 5.252412478586879843e+02, 5.080869807063039616e+02, 4.988908853002239994e+02, 5.778033596170239434e+02, 4.048525763543040057e+02, 5.276971638456319624e+02, 3.973840644341759685e+02, 5.596859460485119371e+02, 5.093896644198400168e+02, 5.843503661711359882e+02, 3.964047112273919993e+02, 5.775149257195520249e+02, 5.117137785978879947e+02, 3.621628831334400047e+02, 6.371865169756159730e+02
1.881000000000000000e+03, 4.024128000491519970e+02, 5.255915561287679338e+02, 5.078549518090239872e+02, 4.985356445286399776e+02, 5.778242304737279937e+02, 4.061962635837439848e+02, 5.277870897233920005e+02, 3.975572053032959730e+02, 5.601417158983680338e+02, 5.084266522214400084e+02, 5.843416420188159464e+02, 3.962132831928319661e+02, 5.770835499417599976e+02, 5.105226298163199772e+02, 3.615706474086400135e+02, 6.374093184040959841e+02
1.882000000000000000e+03, 4.028412565913599792e+02, 5.261293665648639717e+02, 5.088868177018879919e+02, 4.982160385638400157e+02, 5.775751894794240116e+02, 4.069348301864960149e+02, 5.270481540218879672e+02, 3.967432083374079639e+02, 5.586524695429119447e+02, 5.081296283893759664e+02, 5.837031011778559559e+02, 3.952255749324800149e+02, 5.768062561157120172e+02, 5.094232859607039927e+02, 3.617480161361920068e+02, 6.380934261637120244e+02
1.883000000000000000e+03, 4.022500946083840176e+02, 5.259607219896320203e+02, 5.078880700334079847e+02, 4.975017318154239661e+02, 5.776052542504959320e+02, 4.071560210022399815e+02, 5.252960758005759772e+02, 3.949103310438400172e+02, 5.586344172584960006e+02, 5.080643314647039688e+02, 5.835200953057279776e+02, 3.985918562140159906e+02, 5.774424481464319570e+02, 5.090267732377599827e+02, 3.619524968448000095e+02, 6.377489563647999375e+02
1.884000000000000000e+03, 4.011501132185599658e+02, 5.260007524270080239e+02, 5.067281604280319698e+02, 4.977286268846079906e+02, 5.791846613647360300e+02, 4.057347223715839846e+02, 5.249686516531199914e+02, 3.959020658360319658e+02, 5.585028167761919349e+02, 5.075339030036479926e+02, 5.838680547655679902e+02, 3.993600178257919993e+02, 5.790831927623679576e+02, 5.093005774028799806e+02, 3.616925171056639670e+02, 6.387509588131839564e+02
1.885000000000000000e+03, 4.011644409610240132e+02, 5.256018237849599473e+02, 5.066133707161599773e+02, 4.973252355031040111e+02, 5.790832598712320305e+02, 4.055385967165439638e+02, 5.239463823278080099e+02, 3.960294049054720062e+02, 5.573623351869439375e+02, 5.071040707297279937e+02, 5.840817964974079359e+02, 3.972024342937600068e+02, 5.785629648486400356e+02, 5.097273562234880160e+02, 3.613551272919040116e+02, 6.401472258375679303e+02
1.886000000000000000e+03, 4.020905097297920179e+02, 5.253285564907520211e+02, 5.070744086118399991e+02, 4.976817177886720174e+02, 5.789082399539199741e+02, 4.048729103400959843e+02, 5.232403970785279625e+02, 3.946944753827839918e+02, 5.588950680862719764e+02, 5.068264078049280101e+02, 5.845553837506560058e+02, 3.963416288952320201e+02, 5.784216335810559713e+02, 5.091901497671680090e+02, 3.617031874150400199e+02, 6.402954693181440007e+02
1.887000000000000000e+03, 4.027062000025599673e+02, 5.254802225233919444e+02, 5.081564719349759685e+02, 4.962204222750719964e+02, 5.791000370872319536e+02, 4.034167822090240065e+02, 5.221717555281919658e+02, 3.939255755735039770e+02, 5.574271959039999729e+02, 5.062996032225279919e+02, 5.849795788799999627e+02, 3.986819163095040039e+02, 5.784141844971519504e+02, 5.083838367662079918e+02, 3.615252482621439754e+02, 6.396645788876800225e+02
1.888000000000000000e+03, 4.018873711984639954e+02, 5.251181366476799894e+02, 5.071105802895360171e+02, 4.964438276833279815e+02, 5.796336867737600187e+02, 4.026668742082559902e+02, 5.224495862251519611e+02, 3.918359062118399834e+02, 5.561315586211840127e+02, 5.065848494489599716e+02, 5.847802655539200032e+02, 4.012028272312319928e+02, 5.789137428807680408e+02, 5.069310976327680009e+02, 3.621278523064319756e+02, 6.388359186350079426e+02
1.889000000000000000e+03, 4.012815123742719834e+02, 5.246549512683519652e+02, 5.061891420323839839e+02, 4.975878995968000140e+02, 5.799484944547839405e+02, 4.017410738749439929e+02, 5.225542760529920088e+02, 3.922372172185599766e+02, 5.574589383966720106e+02, 5.062680285020159658e+02, 5.848338855362559343e+02, 3.992054325575679741e+02, 5.782909726228480167e+02, 5.056515664773119738e+02, 3.619923595100160014e+02, 6.378833754193919958e+02
1.890000000000000000e+03, 4.015374320271359920e+02, 5.246176387399680152e+02, 5.067101752524799849e+02, 4.968655397847039694e+02, 5.804727489003520304e+02, 4.003209160949759848e+02, 5.223992545771519644e+02, 3.914147309813760103e+02, 5.589132210339839730e+02, 5.057419621171200106e+02, 5.854962500239359997e+02, 3.987185577492479638e+02, 5.780998465781759705e+02, 5.054416499507199774e+02, 3.620339670056960131e+02, 6.364691232194560371e+02
1.891000000000000000e+03, 4.011994382336000058e+02, 5.240399656386559855e+02, 5.064192918814719633e+02, 4.960176863969280134e+02, 5.807656119828479859e+02, 4.001088520847359860e+02, 5.215333489049600075e+02, 3.915879725137920104e+02, 5.574514893127679898e+02, 5.049356491161599934e+02, 5.848620041502720142e+02, 4.000604665937920004e+02, 5.783013073879039894e+02, 5.049889671086079943e+02, 3.614047542968319817e+02, 6.362611528499199949e+02
1.892000000000000000e+03, 4.006705532764160012e+02, 5.237300904591360222e+02, 5.070587051376639920e+02, 4.962155568824319971e+02, 5.806006583951359517e+02, 4.007070604984319857e+02, 5.216143493038080123e+02, 3.932672376176639659e+02, 5.569570983116799425e+02, 5.038958643773439690e+02, 5.844725043036160059e+02, 3.990949713674239661e+02, 5.785569921597440270e+02, 5.034583145840639986e+02, 3.611737655869440005e+02, 6.372375868211199759e+02
1.893000000000000000e+03, 3.995843963125760183e+02, 5.233585757880319989e+02, 5.073672045854719954e+02, 4.953430074327039847e+02, 5.802410891018239454e+02, 4.002568606842879717e+02, 5.208910499676160271e+02, 3.915690478141439712e+02, 5.550178534686720013e+02, 5.031630355824639764e+02, 5.844522374266880433e+02, 3.976110266122240091e+02, 5.787432863662079399e+02, 5.031796785807359811e+02, 3.614281081815040011e+02, 6.378122400235520217e+02
1.894000000000000000e+03, 3.992111368110079752e+02, 5.227894590668799992e+02, 5.077874067374079914e+02, 4.951793624678400079e+02, 5.797926676725760444e+02, 4.000211743539200029e+02, 5.196729234227200322e+02, 3.913660099461120012e+02, 5.558371855892479516e+02, 5.033526181232639942e+02, 5.846425581649920105e+02, 3.974981495029759913e+02, 5.788373729935359506e+02, 5.035888077701119983e+02, 3.616886583459839812e+02, 6.389522854051839431e+02
1.895000000000000000e+03, 3.990260841185279901e+02, 5.225952124600320303e+02, 5.071183649177600046e+02, 4.952595240058880108e+02, 5.804863048908799783e+02, 4.007699750584320100e+02, 5.193946900725759406e+02, 3.916501824307200081e+02, 5.560324052746240113e+02, 5.030458635059200105e+02, 5.843706330480639508e+02, 3.983085225902079856e+02, 5.781594392494080239e+02, 5.029888880803840152e+02, 3.609377772666879878e+02, 6.396016307732479618e+02
1.896000000000000000e+03, 3.979351624253440036e+02, 5.222809080954880301e+02, 5.077622744678399727e+02, 4.948965657149440176e+02, 5.814329425264639895e+02, 4.000265430630399806e+02, 5.199787720703999412e+02, 3.909364125532159733e+02, 5.573732068229120387e+02, 5.030545876582399956e+02, 5.843993556418560047e+02, 4.002702824570880011e+02, 5.788638138859520268e+02, 5.025437885399039715e+02, 3.607247737323519914e+02, 6.404231774863359306e+02
1.897000000000000000e+03, 3.978720800931839676e+02, 5.215063375871999369e+02, 5.078817282457599731e+02, 4.948593202954239700e+02, 5.818623721471999488e+02, 3.988613654118399836e+02, 5.200311505387519446e+02, 3.847245141114880198e+02, 5.566716843130880079e+02, 5.029797612748799907e+02, 5.842725869977599586e+02, 4.023590122946559973e+02, 5.792718357790720347e+02, 5.022910230036479788e+02, 3.616180598210559651e+02, 6.402598345113599407e+02
1.898000000000000000e+03, 3.980325038325759692e+02, 5.215968338903039694e+02, 5.083820919357439720e+02, 4.943993225871359982e+02, 5.818125773701119670e+02, 3.982762096721920102e+02, 5.186808866406399829e+02, 3.847859858309120114e+02, 5.526982355845119628e+02, 5.028174249328640144e+02, 5.846728913715199951e+02, 4.012769154170879915e+02, 5.784347198095359772e+02, 5.016737892270080010e+02, 3.613231499182080029e+02, 6.399040233144320382e+02
1.899000000000000000e+03, 3.971222056468479877e+02, 5.215232154664960262e+02, 5.085206046310399870e+02, 4.940637782671360014e+02, 5.819111602913279739e+02, 3.986286318714879826e+02, 5.185672377794560362e+02, 3.838505218211839747e+02, 5.517418336092159734e+02, 5.026027101224959779e+02, 5.850212534845439905e+02, 4.004294646824960182e+02, 5.777346401402879792e+02, 5.009323704975359988e+02, 3.603843975741439749e+02, 6.388333684981760143e+02
1.900000000000000000e+03, 3.951780618567680108e+02, 5.211149251379199541e+02, 5.084361816801280156e+02, 4.935530798120959730e+02, 5.817622457221119703e+02, 3.992354302197759921e+02, 5.180601967575039453e+02, 3.835546723942400149e+02, 5.528530557337600158e+02, 5.018862223360000030e+02, 5.851445995765759562e+02, 3.992497244078080030e+02, 5.778334914969599367e+02, 5.002866825625599745e+02, 3.594305457356799707e+02, 6.372248361369599934e+02
1.901000000000000000e+03, 3.939483254783999655e+02, 5.207592817131519496e+02, 5.085458375639040014e+02, 4.936875324211200109e+02, 5.823534077050879887e+02, 3.991364110909439660e+02, 5.175117495664640046e+02, 3.828378490634240165e+02, 5.513676010291200100e+02, 5.014392773017600007e+02, 5.849495141089280423e+02, 3.980607902187520040e+02, 5.784398200831999475e+02, 4.999661370736640151e+02, 3.598418559631359699e+02, 6.355316794982400097e+02
1.902000000000000000e+03, 3.948960368558080063e+02, 5.200287681740800281e+02, 5.085702987448319732e+02, 4.947575832576000039e+02, 5.836925650862079920e+02, 3.980199880294400145e+02, 5.172051627212799758e+02, 3.826094775992319796e+02, 5.521269378252800379e+02, 5.009608582103039680e+02, 5.846662475939839396e+02, 3.986313162260479999e+02, 5.797148884992000148e+02, 5.000211663421439994e+02, 3.605861268193280011e+02, 6.358568219443200178e+02
1.903000000000000000e+03, 3.949507976888319831e+02, 5.195945402695680286e+02, 5.075789666058240073e+02, 4.935145257697279817e+02, 5.850199113072640102e+02, 3.974633535569919900e+02, 5.161439031459840407e+02, 3.827152411688960001e+02, 5.510349088358400422e+02, 4.996335455436799862e+02, 5.845763888250879745e+02, 4.005988139007999962e+02, 5.811216245063679935e+02, 4.992613597839359727e+02, 3.600501618769919787e+02, 6.371292060057600111e+02
1.904000000000000000e+03, 3.935386929725439700e+02, 5.195745418280960166e+02, 5.065168681697280135e+02, 4.928335721267200142e+02, 5.859437990379519761e+02, 3.971084147752960121e+02, 5.149990259261439860e+02, 3.830817226752000124e+02, 5.488292753571839739e+02, 4.981853362585599712e+02, 5.844497543987199606e+02, 4.010174389944319842e+02, 5.814479078031359904e+02, 4.988316281733119695e+02, 3.584888070471679953e+02, 6.373597920624639528e+02
1.905000000000000000e+03, 3.919941153587199665e+02, 5.189905269391359752e+02, 5.068715049615360044e+02, 4.931802565181440059e+02, 5.860434557009920127e+02, 3.951912487485440124e+02, 5.147765264875520188e+02, 3.836065139916800035e+02, 5.483550841241600438e+02, 4.974979066101760168e+02, 5.846946346434559700e+02, 4.024909483212799728e+02, 5.816707763404799607e+02, 4.992521994239999685e+02, 3.585620899266559718e+02, 6.380177944739839404e+02
1.906000000000000000e+03, 3.920662238330879745e+02, 5.185560977080319844e+02, 5.067317843066879846e+02, 4.929167535636480011e+02, 5.862057920430079321e+02, 3.948444301393919886e+02, 5.139501814906880099e+02, 3.823872465960960199e+02, 5.492132722769920292e+02, 4.972375913267200076e+02, 5.848001968865279423e+02, 4.020274609520640183e+02, 5.824950074081280036e+02, 4.990389610086400012e+02, 3.586928179937279992e+02, 6.379218287984639346e+02
1.907000000000000000e+03, 3.920253209804799894e+02, 5.184108741263360116e+02, 5.071337328476159882e+02, 4.922829438975999778e+02, 5.855469172162560199e+02, 3.954694485442560108e+02, 5.130134759669759887e+02, 3.807395562127359767e+02, 5.479273993338879336e+02, 4.975103217500159758e+02, 5.843931816263680048e+02, 4.021180914728959692e+02, 5.836143832596479797e+02, 4.989169235394559792e+02, 3.587881796894719741e+02, 6.375650109685759617e+02
1.908000000000000000e+03, 3.915535456665600123e+02, 5.177641795583999738e+02, 5.066478646722559915e+02, 4.914098911313919871e+02, 5.850404466196480371e+02, 3.960554095902720064e+02, 5.126239425658880009e+02, 3.789587889520639692e+02, 5.470047531171840092e+02, 4.976926565335039641e+02, 5.840595163545599462e+02, 4.008171190353920110e+02, 5.838522841825280238e+02, 4.983172722851840035e+02, 3.583376107765760139e+02, 6.376431927951359739e+02
1.909000000000000000e+03, 3.900686278328319645e+02, 5.171189278310399686e+02, 5.070263922196480166e+02, 4.921368143462399871e+02, 5.851560751923200314e+02, 3.962590514380800073e+02, 5.125200244899839390e+02, 3.774093795000320029e+02, 5.474710255042559766e+02, 4.970014352343039832e+02, 5.837228982927359766e+02, 4.004054061547519723e+02, 5.837891347415039718e+02, 4.972698706903040033e+02, 3.579155966853119821e+02, 6.373312036863999310e+02
1.910000000000000000e+03, 3.897508338073599816e+02, 5.169146148945919776e+02, 5.059138279178239941e+02, 4.917445294817279660e+02, 5.850685652336640032e+02, 3.952713096232960197e+02, 5.120608656424959690e+02, 3.775869495541759875e+02, 5.459315146096639637e+02, 4.965632814612479820e+02, 5.835300945264640404e+02, 3.989969253171199739e+02, 5.835668030750720163e+02, 4.970215007846400113e+02, 3.582939564605439955e+02, 6.376391662632960333e+02
1.911000000000000000e+03, 3.888840221655040068e+02, 5.167845579161599971e+02, 5.045251106406399799e+02, 4.920678264340480155e+02, 5.850017248051200340e+02, 3.947194063257600192e+02, 5.115368796323840002e+02, 3.774904805621760033e+02, 5.437577578414079653e+02, 4.965628116991999832e+02, 5.834762061086720450e+02, 4.005551260303359982e+02, 5.832226017116159937e+02, 4.962967921623039729e+02, 3.590909748838399764e+02, 6.372667120680960124e+02
1.912000000000000000e+03, 3.888830155325439932e+02, 5.160862230773759620e+02, 5.030243886694399862e+02, 4.921891257057279745e+02, 5.864079239413759979e+02, 3.940883816775680089e+02, 5.101296738631679659e+02, 3.767404718981119913e+02, 5.451939881943039836e+02, 4.956865041530879807e+02, 5.830283215503359315e+02, 4.023427048407040161e+02, 5.839144269905920055e+02, 4.954787015557120071e+02, 3.587730801950719979e+02, 6.362890030284800105e+02
1.913000000000000000e+03, 3.887067541012480092e+02, 5.147457570734079582e+02, 5.030674725601280102e+02, 4.921389282754560099e+02, 5.870762611179519581e+02, 3.918775137075199950e+02, 5.091149207306239646e+02, 3.716811346411519708e+02, 5.457704868904960449e+02, 4.942798352547840182e+02, 5.822992508518400427e+02, 4.031896858132479906e+02, 5.852669390356479653e+02, 4.939999241830399797e+02, 3.583690512793600078e+02, 6.358677606891519645e+02
1.914000000000000000e+03, 3.887269874237439922e+02, 5.149793294745600178e+02, 5.047643201863679678e+02, 4.924681643622399747e+02, 5.868651366318080136e+02, 3.910745897041919648e+02, 5.087308231475199705e+02, 3.713329738547199668e+02, 5.437666497658880189e+02, 4.934166139371519648e+02, 5.814457603194880448e+02, 4.002934014607359927e+02, 5.860836539105280281e+02, 4.935101301391359812e+02, 3.587122795642879964e+02, 6.364347634810879981e+02
1.915000000000000000e+03, 3.874115194716159749e+02, 5.159311680471039381e+02, 5.053241087754240084e+02, 4.928288073973760106e+02, 5.876405124464639584e+02, 3.914621433937920187e+02, 5.079303486177279865e+02, 3.723909786501120038e+02, 5.418381423411200331e+02, 4.938951672463359728e+02, 5.807494387466240369e+02, 3.996260038082559731e+02, 5.864952996823039939e+02, 4.935697228103679777e+02, 3.588047555788800196e+02, 6.364645598167039680e+02
1.916000000000000000e+03, 3.870655732776959894e+02, 5.165710175109120428e+02, 5.053231692513280109e+02, 4.929677227458560083e+02, 5.878602939760639856e+02, 3.910296603197439822e+02, 5.077535838699519672e+02, 3.719383293624320004e+02, 5.417054345625599581e+02, 4.937266233344000170e+02, 5.800952615403519985e+02, 4.007459836395519801e+02, 5.858709188116480391e+02, 4.930972428533759739e+02, 3.577504082165759769e+02, 6.356345573867520216e+02
1.917000000000000000e+03, 3.861548724387839684e+02, 5.155458289500160163e+02, 5.053585020682239701e+02, 4.930324827996159911e+02, 5.886125843415039753e+02, 3.910855955578879843e+02, 5.069067706695680045e+02, 3.720035927326720184e+02, 5.424194728755200003e+02, 4.935535831285760082e+02, 5.799129938657280263e+02, 3.998124322324479749e+02, 5.858497124106239653e+02, 4.932239443886080039e+02, 3.574971058094079694e+02, 6.356377786122239968e+02
1.918000000000000000e+03, 3.859136496271360102e+02, 5.146424094228480044e+02, 5.048485418106880047e+02, 4.943086920663039905e+02, 5.898636277841919764e+02, 3.917454770175999670e+02, 5.062578279546879685e+02, 3.726011971665919873e+02, 5.425285583339519917e+02, 4.937244758507520146e+02, 5.795681885224960297e+02, 3.997049573867519712e+02, 5.866590453104639664e+02, 4.923888752394240100e+02, 3.583928749260799691e+02, 6.352186166476799372e+02
1.919000000000000000e+03, 3.846336151552000047e+02, 5.148119264133119941e+02, 5.056055633510399616e+02, 4.944564993392639849e+02, 5.899665727815679475e+02, 3.922627185868799984e+02, 5.059833527009279805e+02, 3.719019899125759707e+02, 5.418070038282239693e+02, 4.932818593382399968e+02, 5.788974354268159459e+02, 3.993405898096639817e+02, 5.868994292613119796e+02, 4.918801564958719723e+02, 3.578162084577280098e+02, 6.355771793080319867e+02
1.920000000000000000e+03, 3.842294184673280029e+02, 5.151115339366399439e+02, 5.067571179028479946e+02, 4.935277462159359629e+02, 5.898357104967680016e+02, 3.920898125987839649e+02, 5.060966660177920176e+02, 3.715407428976640176e+02, 5.396547554508799749e+02, 4.924878943682559793e+02, 5.786757077401599645e+02, 4.002929652531199736e+02, 5.870308284170239403e+02, 4.906808204328959846e+02, 3.577717488353279691e+02, 6.366228025180159875e+02
1.921000000000000000e+03, 3.852934630604800077e+02, 5.153859756359679523e+02, 5.071259482193920007e+02, 4.935317056389120012e+02, 5.902482286837760057e+02, 3.915830735667199747e+02, 5.054617155010560055e+02, 3.705370627276799951e+02, 5.401711581593599476e+02, 4.915033402245119873e+02, 5.784099566387200184e+02, 3.978635908218880104e+02, 5.867152825384960124e+02, 4.897274383564799791e+02, 3.577136325591039849e+02, 6.360099643719679534e+02
1.922000000000000000e+03, 3.849511742996480166e+02, 5.146766349434880112e+02, 5.075404796723199752e+02, 4.933897032826880036e+02, 5.909549521305599455e+02, 3.914874434355199924e+02, 5.046938223247360042e+02, 3.701267926876159891e+02, 5.415912488304639965e+02, 4.909825418854400141e+02, 5.781206503260159479e+02, 3.974133238988799803e+02, 5.873401331712000228e+02, 4.895962405273600098e+02, 3.577974515302399823e+02, 6.367187681935359933e+02
1.923000000000000000e+03, 3.833657273876480076e+02, 5.143586060369920006e+02, 5.073853239787520124e+02, 4.940257610956799681e+02, 5.910030020771839645e+02, 3.916675636264960190e+02, 5.054983233863679857e+02, 3.696144165109760138e+02, 5.385952071516160231e+02, 4.910322359992320003e+02, 5.772889701744639979e+02, 4.001457284055039736e+02, 5.884740716462080172e+02, 4.894113556070399795e+02, 3.582518456483840055e+02, 6.379753145630719473e+02
1.924000000000000000e+03, 3.838897133977599765e+02, 5.139303843758079893e+02, 5.049311528222719971e+02, 4.940647177912319989e+02, 5.917240197119999721e+02, 3.909676852838400123e+02, 5.042791902085119773e+02, 3.698035628441600124e+02, 5.379565656473599802e+02, 4.903975203635200160e+02, 5.766788834918399971e+02, 4.011125322547200085e+02, 5.882182526566399474e+02, 4.890119907573759974e+02, 3.580576325959680162e+02, 6.380314846822400341e+02
1.925000000000000000e+03, 3.847518609735680002e+02, 5.141420457328639486e+02, 5.044655515238399630e+02, 4.936653193871359804e+02, 5.923143092797439522e+02, 3.908747395071999904e+02, 5.041723864514559637e+02, 3.693385655255040092e+02, 5.385681958338559525e+02, 4.905276444508160125e+02, 5.763939392552960044e+02, 4.010016013025280017e+02, 5.888632359485440020e+02, 4.884061319331839854e+02, 3.576863863603200002e+02, 6.378469353062399705e+02
1.926000000000000000e+03, 3.845824782008319858e+02, 5.143253200404479912e+02, 5.052117685370880054e+02, 4.942395028275199707e+02, 5.922565285478399346e+02, 3.902376750612480123e+02, 5.038461031546879667e+02, 3.671234361425919701e+02, 5.386705032970239699e+02, 4.902717583523839835e+02, 5.763040133775359664e+02, 4.010772329922559720e+02, 5.899275825315839938e+02, 4.876818595184639662e+02, 3.576861514792959724e+02, 6.366920588656639666e+02
1.927000000000000000e+03, 3.840020200816639999e+02, 5.151412967178239342e+02, 5.065457585356799655e+02, 4.926257359749120042e+02, 5.922529717780479359e+02, 3.896016172482559909e+02, 5.037169521459200041e+02, 3.659845987205119968e+02, 5.382034256035840372e+02, 4.889432377262079967e+02, 5.765192986132479973e+02, 4.002652828467199697e+02, 5.900234139893759675e+02, 4.876715247534079936e+02, 3.578560375685119652e+02, 6.369306979860480169e+02
1.928000000000000000e+03, 3.822600417443840115e+02, 5.149197368033279645e+02, 5.073599568281599659e+02, 4.921612419727359793e+02, 5.935109274337279430e+02, 3.881798488555519953e+02, 5.032520890449919762e+02, 3.659556076912639924e+02, 5.349649195991039505e+02, 4.887557691146240018e+02, 5.761281881538559446e+02, 3.990381972684800189e+02, 5.901368279695359433e+02, 4.881612852428800124e+02, 3.583286181887999646e+02, 6.371964490874879630e+02
1.929000000000000000e+03, 3.816288828784639691e+02, 5.144671210700799975e+02, 5.056551232471039725e+02, 4.925276563701759756e+02, 5.939298209628159384e+02, 3.873503161876479908e+02, 5.026906562887679684e+02, 3.650723543777280042e+02, 5.357326114488320172e+02, 4.891137949040639796e+02, 5.756894304010239694e+02, 4.002477338787840040e+02, 5.906998713384959956e+02, 4.879332828774399786e+02, 3.577976864112640101e+02, 6.388365897236479896e+02
1.930000000000000000e+03, 3.811153658511360049e+02, 5.142207644303359757e+02, 5.054396366848000071e+02, 4.929693333585919959e+02, 5.939345185832960397e+02, 3.877578012098559839e+02, 5.022138813644800166e+02, 3.650637644431359945e+02, 5.350769242931199869e+02, 4.886793321185280092e+02, 5.750408903393280298e+02, 3.989452850462719766e+02, 5.905243145502720381e+02, 4.868588028559360055e+02, 3.573114826915839899e+02, 6.396567942594559781e+02
1.931000000000000000e+03, 3.800027344404479663e+02, 5.137511030456320213e+02, 5.053985996144639898e+02, 4.910150561300479808e+02, 5.946213106974720404e+02, 3.881385769041920071e+02, 5.008871726776320088e+02, 3.651225182535679892e+02, 5.344102983925760100e+02, 4.883476801126399778e+02, 5.746927295528960258e+02, 3.996373116518399797e+02, 5.904007671316479673e+02, 4.856731234467840181e+02, 3.578230535618559998e+02, 6.396928988282879800e+02
1.932000000000000000e+03, 3.778979320299520168e+02, 5.137956297768960212e+02, 5.059169149255679940e+02, 4.913377155481599630e+02, 5.942526817075199688e+02, 3.883138652569600140e+02, 4.999585873264639986e+02, 3.643353648332799821e+02, 5.353511311114240243e+02, 4.877215879659519828e+02, 5.750077385605119389e+02, 3.998010908344319887e+02, 5.911891620659199589e+02, 4.843062836592640110e+02, 3.578444948439039877e+02, 6.393499725332479784e+02
1.933000000000000000e+03, 3.762346723901439987e+02, 5.136721830215680029e+02, 5.055368103198720178e+02, 4.902540080578559696e+02, 5.951277812940800231e+02, 3.878290708234239901e+02, 5.000337828085760066e+02, 3.636004221091839668e+02, 5.341293806878719579e+02, 4.871568333209600041e+02, 5.750117650923519932e+02, 3.997375722946559904e+02, 5.915438995210239455e+02, 4.842284038225919858e+02, 3.565624135516159754e+02, 6.396802823618560296e+02
1.934000000000000000e+03, 3.763395299901440012e+02, 5.135717881610239601e+02, 5.061918263869440011e+02, 4.899897669058560155e+02, 5.957790057103360368e+02, 3.860257885388799650e+02, 5.002632615690239959e+02, 3.620518179635199658e+02, 5.318737511055360301e+02, 4.864781949337599940e+02, 5.748095660851199682e+02, 3.987873107804159645e+02, 5.921493556920320316e+02, 4.835760050012160036e+02, 3.550252514672640132e+02, 6.402583581163520421e+02
1.935000000000000000e+03, 3.760215346380799701e+02, 5.134412278661119444e+02, 5.058099769507840051e+02, 4.889904823664639935e+02, 5.950426872545280048e+02, 3.855775013273599825e+02, 4.986746940948480074e+02, 3.590959744942080079e+02, 5.333216584007680012e+02, 4.859130376355839758e+02, 5.747941981552639845e+02, 3.980344499896319803e+02, 5.918673642455039499e+02, 4.832977716510719688e+02, 3.550759186595839765e+02, 6.404524369510399993e+02
1.936000000000000000e+03, 3.758326231859199993e+02, 5.132372169195519973e+02, 5.068211397591039713e+02, 4.884728381439999794e+02, 5.947774730239999599e+02, 3.853047373496319778e+02, 4.964248358748159831e+02, 3.581338011566080013e+02, 5.321425556602879396e+02, 4.842790374604799695e+02, 5.743928871485439913e+02, 3.992418055618559833e+02, 5.925548274483199975e+02, 4.827816038236159670e+02, 3.551549729013759702e+02, 6.410675567984640111e+02
1.937000000000000000e+03, 3.747487479234559942e+02, 5.135904108707840123e+02, 5.083117618462719633e+02, 4.879136870891520061e+02, 5.954674192547839766e+02, 3.856679640760319785e+02, 4.969141601566719828e+02, 3.578241944125439886e+02, 5.311814225100799831e+02, 4.835182913781760021e+02, 5.739843283845119686e+02, 3.980051234160640092e+02, 5.936280995102720226e+02, 4.821781609185279649e+02, 3.552782518845439768e+02, 6.408846851440639512e+02
1.938000000000000000e+03, 3.742665036267520122e+02, 5.139057554227199489e+02, 5.085606015139840110e+02, 4.884831729090560088e+02, 5.962260178534399984e+02, 3.858382863728639904e+02, 4.972820845035519710e+02, 3.556298687774719838e+02, 5.316000140492799346e+02, 4.825303482367999663e+02, 5.742833654824960377e+02, 3.994477962199039780e+02, 5.936716531630079317e+02, 4.819144901918720052e+02, 3.549654574694399685e+02, 6.407346968330240315e+02
1.939000000000000000e+03, 3.737017154273279971e+02, 5.137643906007040187e+02, 5.074186770841599810e+02, 4.879748568186880107e+02, 5.963372172410879557e+02, 3.861426250711039643e+02, 4.965196606996480000e+02, 3.508820844216319870e+02, 5.305410697297919569e+02, 4.818072502271999724e+02, 5.738735987589119532e+02, 4.009172454604799896e+02, 5.935730031329279655e+02, 4.819820017090559645e+02, 3.556390291374079879e+02, 6.404698181468160101e+02
1.940000000000000000e+03, 3.724177886412799694e+02, 5.131065895157760224e+02, 5.064350289100800069e+02, 4.874850627747840122e+02, 5.972749965066240065e+02, 3.856119617290240171e+02, 4.957113344327680124e+02, 3.498210261729279864e+02, 5.275874744074239970e+02, 4.810062388264959736e+02, 5.732831078645759817e+02, 3.999550050140159669e+02, 5.936084366131200341e+02, 4.817465167052799870e+02, 3.558655886622719891e+02, 6.406269199974400408e+02
1.941000000000000000e+03, 3.720868077240319849e+02, 5.121969959731200106e+02, 5.049814844702719938e+02, 4.877057502740480004e+02, 5.983242435952639653e+02, 3.845330860769279866e+02, 4.950730620272639726e+02, 3.486118586613760044e+02, 5.272634728120319778e+02, 4.804257471528960082e+02, 5.731646607196159948e+02, 3.997605570805760067e+02, 5.937820472442880373e+02, 4.810708646625279812e+02, 3.555568207790079782e+02, 6.413495482449919791e+02
1.942000000000000000e+03, 3.724815420620799955e+02, 5.109522607636479847e+02, 5.051909312348159915e+02, 4.878494639063039813e+02, 5.978536091320320338e+02, 3.837692529868800193e+02, 4.940341497036799865e+02, 3.492972414894080089e+02, 5.270339940515840453e+02, 4.803159906058239699e+02, 5.725500777431039978e+02, 3.994348777635839838e+02, 5.933028228464639824e+02, 4.798637104168959695e+02, 3.547047059783679970e+02, 6.411433227059200135e+02
1.943000000000000000e+03, 3.710461505699839790e+02, 5.106849997127679899e+02, 5.052847494266879949e+02, 4.880636082913279665e+02, 5.984865799372799984e+02, 3.827682571714560140e+02, 4.935056002908160053e+02, 3.486353803182079787e+02, 5.242133749432319973e+02, 4.795329979351039924e+02, 5.719350250045439452e+02, 4.011565221150719935e+02, 5.931494790922239417e+02, 4.790854489210880160e+02, 3.541832029962239972e+02, 6.414863832186879335e+02
1.944000000000000000e+03, 3.699026155274240182e+02, 5.109535693864959853e+02, 5.035560250900479673e+02, 4.881958798622719655e+02, 5.997062164316159851e+02, 3.826433340211199834e+02, 4.927043204546559991e+02, 3.470552350064639882e+02, 5.241175099310080441e+02, 4.786642065817599700e+02, 5.713219855319040335e+02, 4.004453359288319803e+02, 5.932624904191999349e+02, 4.791817501409279885e+02, 3.543988908851200108e+02, 6.414126305771519583e+02
1.945000000000000000e+03, 3.701224977203199842e+02, 5.106374195281919697e+02, 5.035347180257280115e+02, 4.890290364088319848e+02, 6.007133862625279335e+02, 3.818474228940800117e+02, 4.927888776232960026e+02, 3.467929064570880087e+02, 5.244674155479040110e+02, 4.782078327521280130e+02, 5.713968790241279976e+02, 3.985699116154879675e+02, 5.935087799500799974e+02, 4.787235979263999752e+02, 3.546345101066240204e+02, 6.411407054602240123e+02
1.946000000000000000e+03, 3.701398789160959950e+02, 5.092941013975039937e+02, 5.022482411028479987e+02, 4.886315506073599977e+02, 6.009380667391999395e+02, 3.807278792703999670e+02, 4.925799006208000037e+02, 3.467402259988480182e+02, 5.245030503546879572e+02, 4.783532912148480136e+02, 5.713424537354239874e+02, 3.989530696744959641e+02, 5.932068571709439766e+02, 4.770083624714239932e+02, 3.539437585694719814e+02, 6.408047584870399760e+02
1.947000000000000000e+03, 3.681580870533119878e+02, 5.094105352765440102e+02, 5.015588988518400129e+02, 4.871264330055680034e+02, 6.008876008734720244e+02, 3.801966790574080051e+02, 4.926086232145920007e+02, 3.460587019304959995e+02, 5.223165764567039560e+02, 4.778163531939840141e+02, 5.711170350612479751e+02, 4.007378970214400056e+02, 5.919672222351359778e+02, 4.768028415754239973e+02, 3.537053207756799793e+02, 6.414306157527039431e+02
1.948000000000000000e+03, 3.667396069949439834e+02, 5.096974927790079732e+02, 5.009158617169919694e+02, 4.856068869980159661e+02, 6.005387018895360143e+02, 3.811320759582719688e+02, 4.921682548490239810e+02, 3.456716180029440011e+02, 5.200392036024319395e+02, 4.769742711685120184e+02, 5.702975687229439927e+02, 3.983308027330559753e+02, 5.909051573534719637e+02, 4.763013034803199730e+02, 3.534765802127359962e+02, 6.418535358136319928e+02
1.949000000000000000e+03, 3.668906354933760099e+02, 5.101196075335680007e+02, 4.990995938672639909e+02, 4.860920840847359727e+02, 6.010965107671039505e+02, 3.822131997573119975e+02, 4.914234471219199918e+02, 3.436249654231040154e+02, 5.210695595458560092e+02, 4.761084997140479800e+02, 5.696741944852479946e+02, 3.993338789232639670e+02, 5.909289810001920387e+02, 4.754349280460800173e+02, 3.527131497758720116e+02, 6.407929473269759910e+02
1.950000000000000000e+03, 3.651742591877119821e+02, 5.093972141670399765e+02, 4.988668938813439695e+02, 4.868016932126719780e+02, 6.015613738680319784e+02, 3.818081306542080142e+02, 4.902401836318720143e+02, 3.417147451637760014e+02, 5.206226145116160069e+02, 4.752713166356479633e+02, 5.696421164482559334e+02, 4.010731393515520153e+02, 5.907752345927680153e+02, 4.744688288399360090e+02, 3.522110412554239929e+02, 6.415378557173760328e+02
1.951000000000000000e+03, 3.649231042641919771e+02, 5.084109823016959808e+02, 4.986631849246720094e+02, 4.862771703316479943e+02, 6.011559021117440125e+02, 3.805064535736319726e+02, 4.890103130357759937e+02, 3.398701238190079721e+02, 5.191125979627520337e+02, 4.738942427463679792e+02, 5.694399845498879813e+02, 3.979684819763199926e+02, 5.909203239567359560e+02, 4.725637088542719653e+02, 3.518340236574720166e+02, 6.418036068188159788e+02
1.952000000000000000e+03, 3.646297714196479660e+02, 5.079978265804799662e+02, 4.966574016430079723e+02, 4.856565475573759727e+02, 6.015833855754240176e+02, 3.785861669847039934e+02, 4.868923572879359654e+02, 3.390011982479359745e+02, 5.171091299368960108e+02, 4.728440896880640025e+02, 5.692446977556479624e+02, 3.953318418186240137e+02, 5.908772400660479889e+02, 4.714397360455679973e+02, 3.508381616701440180e+02, 6.409264939663360110e+02
1.953000000000000000e+03, 3.625196338544640184e+02, 5.069140519813120136e+02, 4.976098441953279803e+02, 4.844962352988159751e+02, 6.019189298954239575e+02, 3.783133694525440092e+02, 4.861077540044800003e+02, 3.371665090150399919e+02, 5.177115997634559790e+02, 4.723547654062080028e+02, 5.684769723514880297e+02, 3.967186129387520168e+02, 5.907040991969280412e+02, 4.705713473454080145e+02, 3.496637565501440008e+02, 6.408163683205119696e+02
1.954000000000000000e+03, 3.618173395927040019e+02, 5.052740455628799623e+02, 4.977803678187519836e+02, 4.836027143290879735e+02, 6.034561926430719723e+02, 3.780383573278720064e+02, 4.859321972162559859e+02, 3.359183848079359791e+02, 5.174102809640960459e+02, 4.717593084559359795e+02, 5.674755738828799849e+02, 3.982573185269760074e+02, 5.904900219207679584e+02, 4.695549164912640094e+02, 3.500208428154879812e+02, 6.404034474803199828e+02
1.955000000000000000e+03, 3.611670882549759654e+02, 5.046701664501759979e+02, 4.975097177702400018e+02, 4.827680478330879623e+02, 6.032275527434239848e+02, 3.779678259118080064e+02, 4.847537655644159713e+02, 3.342398914560000094e+02, 5.142890812538879572e+02, 4.703421034659839961e+02, 5.665592694538239584e+02, 3.984155276738559905e+02, 5.900446203904000413e+02, 4.686665629040639942e+02, 3.499751416791040128e+02, 6.390989182730239690e+02
1.956000000000000000e+03, 3.613454300610559926e+02, 5.046943927500799987e+02, 4.960448319324160025e+02, 4.826853361582079742e+02, 6.031035355627519721e+02, 3.777005984153599911e+02, 4.837170678333440037e+02, 3.337137244078080016e+02, 5.137005029621759604e+02, 4.694573402030080160e+02, 5.657300723302399774e+02, 3.959402507796480108e+02, 5.900133476597759454e+02, 4.680314110607359908e+02, 3.489274045399039892e+02, 6.393701723013119818e+02
1.957000000000000000e+03, 3.606889040445440173e+02, 5.035979681300480024e+02, 4.944774037504000148e+02, 4.818488577228799841e+02, 6.029973693399040258e+02, 3.763369798533120161e+02, 4.826179588587519902e+02, 3.335115589550080131e+02, 5.126270631280640373e+02, 4.697185279016960067e+02, 5.647180706611200094e+02, 3.963646472355840160e+02, 5.891395231416320257e+02, 4.680760049008640067e+02, 3.478501059461119667e+02, 6.400975652782079806e+02
1.958000000000000000e+03, 3.591520103956480057e+02, 5.025928115650559675e+02, 4.940256939868160089e+02, 4.803798782443519713e+02, 6.034405562777600380e+02, 3.754542298562560063e+02, 4.817150762024959931e+02, 3.324992888504319808e+02, 5.131060526448640076e+02, 4.687590724730879970e+02, 5.635007158681600004e+02, 3.995642972078080106e+02, 5.880492725370879725e+02, 4.671447016407039996e+02, 3.464755821936639677e+02, 6.408127444418560117e+02
1.959000000000000000e+03, 3.583230481530879956e+02, 5.019654107955199720e+02, 4.947425173176320072e+02, 4.790398820024319662e+02, 6.038893803601920354e+02, 3.745325567180800022e+02, 4.811983043952640173e+02, 3.301231988572159821e+02, 5.117883029913600126e+02, 4.666825900032000050e+02, 5.628156350300159829e+02, 3.994408168980480127e+02, 5.888704165969919586e+02, 4.654697650585599717e+02, 3.464243110215679735e+02, 6.411506375720960023e+02
1.960000000000000000e+03, 3.577851034992639825e+02, 5.017993163571200057e+02, 4.933018242252799723e+02, 4.779526512967680105e+02, 6.044617518612479898e+02, 3.735888383180799792e+02, 4.813487624683519925e+02, 3.291190824796159973e+02, 5.091163971256319769e+02, 4.655541880094720000e+02, 5.619694593638399738e+02, 3.975917328138239668e+02, 5.891163034746880385e+02, 4.640005171445760084e+02, 3.457967760343040027e+02, 6.420857324830719790e+02
1.961000000000000000e+03, 3.575591143997439758e+02, 5.018771290849280149e+02, 4.918416695623679971e+02, 4.774847682969599987e+02, 6.052802786754559747e+02, 3.726241483980799671e+02, 4.808006508216320185e+02, 3.289612424314880172e+02, 5.096079359999999951e+02, 4.657158197084160065e+02, 5.612966594478079969e+02, 3.964317896540159722e+02, 5.898824182661120403e+02, 4.634623040552959878e+02, 3.456597061795840204e+02, 6.427783630684159561e+02
1.962000000000000000e+03, 3.564796012134399916e+02, 5.016703331205119980e+02, 4.925598686248960121e+02, 4.777860870963199886e+02, 6.046430129029120053e+02, 3.721512993423360172e+02, 4.794076385771519995e+02, 3.290078830919679831e+02, 5.100922271170559839e+02, 4.648009916743679923e+02, 5.604441084395519965e+02, 3.970752294420479984e+02, 5.901972930560000350e+02, 4.619904724500480029e+02, 3.449543249100800040e+02, 6.417136809410559408e+02
1.963000000000000000e+03, 3.554088457338879721e+02, 5.021948224471040021e+02, 4.946910783733760013e+02, 4.790961863393279714e+02, 6.056104542863359939e+02, 3.729590551838720103e+02, 4.780626427248639629e+02, 3.286140211691520108e+02, 5.103656286289919990e+02, 4.643612272885760035e+02, 5.597541286543360002e+02, 3.969701034065919885e+02, 5.913253259509759800e+02, 4.619300409180160045e+02, 3.445210365296640020e+02, 6.410583628840960273e+02
1.964000000000000000e+03, 3.560226569584639833e+02, 5.034799907471360143e+02, 4.946653085695999721e+02, 4.798501208719359852e+02, 6.075136616693760061e+02, 3.723379626475519899e+02, 4.766062461583359777e+02, 3.281328170598399652e+02, 5.084642331852799657e+02, 4.637388596838400190e+02, 5.599928684380159893e+02, 3.956156452044800176e+02, 5.928790974791679673e+02, 4.619979886428159830e+02, 3.449499963883520195e+02, 6.419195038269440374e+02
1.965000000000000000e+03, 3.557996877578240174e+02, 5.042056388935679934e+02, 4.926203001569280104e+02, 4.799915863572479680e+02, 6.078661174231040150e+02, 3.707535559229439741e+02, 4.764435071631360188e+02, 3.272965399511039664e+02, 5.060588166184959960e+02, 4.632221885399039820e+02, 5.597029916999680381e+02, 3.958483787448320186e+02, 5.935062969221120284e+02, 4.618798434877439831e+02, 3.445059705896960054e+02, 6.427842686484480055e+02
1.966000000000000000e+03, 3.552150353346559655e+02, 5.042869748367359648e+02, 4.907015906263039824e+02, 4.787109143511040088e+02, 6.071564411863039368e+02, 3.695073443184639927e+02, 4.758194282823679941e+02, 3.272079898050560018e+02, 5.063016500428799986e+02, 4.624752668835839700e+02, 5.591809518469119666e+02, 3.975277780664320062e+02, 5.928325239275519607e+02, 4.613729366835199812e+02, 3.446816951500799746e+02, 6.429213720576000242e+02
1.967000000000000000e+03, 3.525586651709439820e+02, 5.038579478691839881e+02, 4.903690662051839695e+02, 4.785800185118719696e+02, 6.073064294973439701e+02, 3.683991756472319707e+02, 4.752673572126719819e+02, 3.261585749442559745e+02, 5.069461635727359976e+02, 4.620476492021759896e+02, 5.587163236270080233e+02, 3.985931983912959709e+02, 5.914877965107199316e+02, 4.614198457794560113e+02, 3.443119253094399710e+02, 6.441373846732799393e+02
1.968000000000000000e+03, 3.525732613488639799e+02, 5.042284559073279979e+02, 4.912047728885759739e+02, 4.783683907092479899e+02, 6.081893137121279551e+02, 3.677692247408639901e+02, 4.741404651683839688e+02, 3.255399989903360165e+02, 5.051406666956800109e+02, 4.617123733176320002e+02, 5.582935713382399854e+02, 3.976706528378879852e+02, 5.914590739169279914e+02, 4.616150319103999777e+02, 3.438854149242879998e+02, 6.452177031659520026e+02
1.969000000000000000e+03, 3.528363616501760021e+02, 5.047714001715199856e+02, 4.920257827307519847e+02, 4.779354043187199750e+02, 6.074715173027840365e+02, 3.677827136225279787e+02, 4.746762958929920160e+02, 3.256959599902720015e+02, 5.055746597191679825e+02, 4.615010475048960075e+02, 5.574013925457919640e+02, 3.983297625456639821e+02, 5.911055444213759529e+02, 4.614847064965119898e+02, 3.431343996272639743e+02, 6.445957382143999439e+02
1.970000000000000000e+03, 3.517509428838399685e+02, 5.049358168883200051e+02, 4.929999350005759879e+02, 4.786553482117120097e+02, 6.087336337080320163e+02, 3.679347823083519984e+02, 4.749590590914559698e+02, 3.245170921308159677e+02, 5.047446572892159793e+02, 4.614188055920640181e+02, 5.563539238420479478e+02, 3.982282603888639869e+02, 5.912656661708799675e+02, 4.613586424954879703e+02, 3.435095046225919759e+02, 6.450575814164479880e+02
1.971000000000000000e+03, 3.516018605424640100e+02, 5.050905699287039852e+02, 4.938079592775679885e+02, 4.790141793075200098e+02, 6.092890937753600156e+02, 3.685959052820479656e+02, 4.748810114826239897e+02, 3.243169734983679859e+02, 5.035720641085439979e+02, 4.609969257185280185e+02, 5.551640836833280446e+02, 3.954005612953599780e+02, 5.923411528253440110e+02, 4.614521922519039663e+02, 3.445469741055999862e+02, 6.456525686046719557e+02
1.972000000000000000e+03, 3.499308833832960204e+02, 5.054590311464959882e+02, 4.947855676538879948e+02, 4.778910453596159869e+02, 6.105185952727040331e+02, 3.684935978188800050e+02, 4.751213618790399664e+02, 3.238137241272319784e+02, 5.055694252277759801e+02, 4.612868695654399858e+02, 5.544038073630720191e+02, 3.975771030814719893e+02, 5.924854368829439863e+02, 4.612371754516479996e+02, 3.440774804930559867e+02, 6.461919896535040380e+02
1.973000000000000000e+03, 3.493082808975360081e+02, 5.058587986493440098e+02, 4.940640467025920088e+02, 4.792693943173119919e+02, 6.114643604930560059e+02, 3.673037576601599881e+02, 4.743489052999680098e+02, 3.240833675427840035e+02, 5.042044644884479681e+02, 4.613360268083200140e+02, 5.543829365063679688e+02, 4.020225955594240190e+02, 5.923388711239680333e+02, 4.612014735359999804e+02, 3.437638472171519766e+02, 6.457620902707200230e+02
1.974000000000000000e+03, 3.489242504232959732e+02, 5.060511662079999837e+02, 4.924231007600640169e+02, 4.794065312808959902e+02, 6.119005681090559392e+02, 3.665804918783999824e+02, 4.747420961341439920e+02, 3.238550296330240030e+02, 5.020158095523839847e+02, 4.613778691850239966e+02, 5.546052010639359651e+02, 4.023497512714239974e+02, 5.922116327178239317e+02, 4.609685386690559881e+02, 3.435938269102080085e+02, 6.453140714946559910e+02
1.975000000000000000e+03, 3.490154849239040118e+02, 5.062111537397759662e+02, 4.919712232243199992e+02, 4.797928099020799664e+02, 6.131005417062399374e+02, 3.662694087393280142e+02, 4.756067938467840008e+02, 3.237692309504000150e+02, 5.016866405744639792e+02, 4.613754532659199867e+02, 5.543127406346239923e+02, 4.019586408120320016e+02, 5.923999401902079853e+02, 4.603724441845760111e+02, 3.443423591792640082e+02, 6.461766888325120135e+02
1.976000000000000000e+03, 3.476507255111679910e+02, 5.060989477191679953e+02, 4.930081893908479742e+02, 4.805071502049279957e+02, 6.133311277629439928e+02, 3.669100299550719910e+02, 4.754685831413759729e+02, 3.231482726318079699e+02, 5.004851905822719687e+02, 4.627376625418239655e+02, 5.536501412659199559e+02, 4.005626086686719987e+02, 5.923622921175040119e+02, 4.604577731051520004e+02, 3.442930006097919886e+02, 6.476141606993919595e+02
1.977000000000000000e+03, 3.464143453552640040e+02, 5.071975533772799736e+02, 4.927189501870079766e+02, 4.802786780774399631e+02, 6.137028437606400075e+02, 3.664204372377599839e+02, 4.759917302906879968e+02, 3.231254891724800018e+02, 5.033587921387519941e+02, 4.626544475504639991e+02, 5.535228021964800291e+02, 4.002821271715839657e+02, 5.912032549273600353e+02, 4.611057091870719660e+02, 3.443945027665919838e+02, 6.480944588390399304e+02
1.978000000000000000e+03, 3.459534752317439938e+02, 5.084904391966720141e+02, 4.925309111500799872e+02, 4.810221100728319925e+02, 6.154416344268800003e+02, 3.664019151912959842e+02, 4.757895983923199879e+02, 3.233760401162239759e+02, 5.037734913638399803e+02, 4.621980401664000055e+02, 5.526813241507840075e+02, 4.020012884951040064e+02, 5.904965985894399410e+02, 4.613213299671039636e+02, 3.446801516462080031e+02, 6.489206360637440412e+02
1.979000000000000000e+03, 3.457952325304319743e+02, 5.091885391544319646e+02, 4.953035809751040119e+02, 4.813773843988479939e+02, 6.161782884270079421e+02, 3.666851817062399732e+02, 4.755415975854079988e+02, 3.251000332779519795e+02, 5.017214700748800169e+02, 4.627155837255679671e+02, 5.518219615928319399e+02, 4.002525657169919668e+02, 5.903253367685119883e+02, 4.603034562723839827e+02, 3.448465480744960132e+02, 6.496758792191999419e+02
1.980000000000000000e+03, 3.457533565992960121e+02, 5.096049496555519909e+02, 4.972762795868159742e+02, 4.811080094187519762e+02, 6.169973521121279418e+02, 3.664916397424639740e+02, 4.762426167787519944e+02, 3.247378802933760085e+02, 4.997765880872959769e+02, 4.633347301048319764e+02, 5.517263650160639372e+02, 3.998669246300160012e+02, 5.896219016560639830e+02, 4.594757355438080140e+02, 3.445253650513919865e+02, 6.499624340684799790e+02
1.981000000000000000e+03, 3.447090755665919914e+02, 5.097440663306239799e+02, 4.973169811128319679e+02, 4.816356528619519963e+02, 6.171325093642240063e+02, 3.668798309662719817e+02, 4.743692057313280088e+02, 3.250840949227520014e+02, 4.995774760878080087e+02, 4.632935252623360043e+02, 5.517983728271359496e+02, 4.014224074342399717e+02, 5.892426694655999881e+02, 4.591262661345280094e+02, 3.450460962816000006e+02, 6.499041835745280196e+02
1.982000000000000000e+03, 3.429093500518399651e+02, 5.096397120471040125e+02, 4.974375086325759980e+02, 4.816358541885439877e+02, 6.179933818716159522e+02, 3.671379987660799884e+02, 4.732570440826879690e+02, 3.239848517304320126e+02, 5.011834918666239673e+02, 4.630613285928960181e+02, 5.512024125603840048e+02, 4.036682726768639782e+02, 5.892355559260159907e+02, 4.604372377927679736e+02, 3.457987557457919934e+02, 6.508073346662399672e+02
1.983000000000000000e+03, 3.431165822238720011e+02, 5.111071144673280173e+02, 4.960103715307519678e+02, 4.821759463260160032e+02, 6.219160962990080179e+02, 3.665745527439360103e+02, 4.748634960691200035e+02, 3.249051491368960001e+02, 4.988259574743040048e+02, 4.630961580933119990e+02, 5.502766122270719507e+02, 4.021350029066239813e+02, 5.906014226350080207e+02, 4.608414009262079958e+02, 3.466746941931519927e+02, 6.512544139182080016e+02
1.984000000000000000e+03, 3.430181670748160059e+02, 5.123956382105600369e+02, 4.972227267133440023e+02, 4.819626072473599834e+02, 6.232747152506880184e+02, 3.656920711823360080e+02, 4.750014718935040037e+02, 3.240710530662399833e+02, 4.971332034887680038e+02, 4.634139856732160183e+02, 5.495698216714239379e+02, 4.009757308354559768e+02, 5.922937739673600390e+02, 4.618449133240320066e+02, 3.467985436016639937e+02, 6.510050373795839960e+02
1.985000000000000000e+03, 3.426915146792960059e+02, 5.135669227683839608e+02, 4.996502220963839704e+02, 4.823963653898239841e+02, 6.231627105566719820e+02, 3.641970870190079950e+02, 4.732587889131519887e+02, 3.243667347210239882e+02, 4.987403265638399716e+02, 4.640062213980160095e+02, 5.496444131737599719e+02, 4.026734173224959932e+02, 5.929691575746560375e+02, 4.626718623006719895e+02, 3.472003579248639653e+02, 6.521777647779839526e+02
1.986000000000000000e+03, 3.424051611566080169e+02, 5.147380059996160071e+02, 5.018098860032000061e+02, 4.826543654174719791e+02, 6.232684070174719864e+02, 3.643182520729599787e+02, 4.737303629004799745e+02, 3.251206356991999655e+02, 4.988829664542719797e+02, 4.642544570859519695e+02, 5.495644529623040171e+02, 4.047951311667200116e+02, 5.932159168675840419e+02, 4.629541557370880014e+02, 3.479121145364479730e+02, 6.539066233323519555e+02
1.987000000000000000e+03, 3.416996792238080047e+02, 5.158998953164799559e+02, 5.019320241356799670e+02, 4.827454992547839652e+02, 6.232474690519039768e+02, 3.648632096030719936e+02, 4.756138402775039822e+02, 3.258934278225920025e+02, 4.973649639505919708e+02, 4.646921075425279923e+02, 5.493434634731520418e+02, 4.038851685253119967e+02, 5.939942454722560115e+02, 4.635952802693120134e+02, 3.474842955284480013e+02, 6.547072991887359876e+02
1.988000000000000000e+03, 3.418009800540160086e+02, 5.175726844149760382e+02, 5.030445884375039896e+02, 4.834509140787200181e+02, 6.246653451304960072e+02, 3.645400133140479966e+02, 4.761227939020799909e+02, 3.268161747025919794e+02, 4.959990636871680181e+02, 4.652150198108159884e+02, 5.501557827174399335e+02, 4.031637817917439861e+02, 5.948444476702719612e+02, 4.644816205905920015e+02, 3.470625498726399769e+02, 6.554675084001279401e+02
1.989000000000000000e+03, 3.419068442869759679e+02, 5.191603123650560292e+02, 5.030601576939519646e+02, 4.833812215234559631e+02, 6.254212593745919548e+02, 3.651831846666240153e+02, 4.759092199424000000e+02, 3.273376776847359793e+02, 4.963689677455359970e+02, 4.658348372787199878e+02, 5.504179434946560150e+02, 4.055077601935360008e+02, 5.950230914662399755e+02, 4.651378781716479693e+02, 3.467132817899520205e+02, 6.545964353454079401e+02
1.990000000000000000e+03, 3.410494278860799682e+02, 5.209317179391999844e+02, 5.048625004543999921e+02, 4.836710647070719915e+02, 6.255871524863999866e+02, 3.655578534543359979e+02, 4.764921275351039753e+02, 3.276451033907200099e+02, 4.974111348490239948e+02, 4.659326820024319886e+02, 5.501229329285120002e+02, 4.058633029550080096e+02, 5.962962808340479341e+02, 4.648448137625599657e+02, 3.479740560179200202e+02, 6.543359187353599964e+02
1.991000000000000000e+03, 3.407382105292799679e+02, 5.222149736366079651e+02, 5.056253940203519619e+02, 4.847847363051519665e+02, 6.272259509452800330e+02, 3.653293477724159857e+02, 4.771278162493439936e+02, 3.280070886031359692e+02, 4.962064636313600090e+02, 4.649756760473599684e+02, 5.504106286284800262e+02, 4.028359549911040176e+02, 5.987840064225280230e+02, 4.648989706158079684e+02, 3.492343940382720007e+02, 6.552707452108800226e+02
1.992000000000000000e+03, 3.411738477199360204e+02, 5.225264258744319932e+02, 5.053965527941119831e+02, 4.864160856801279920e+02, 6.302414206402560239e+02, 3.650975537561599822e+02, 4.780038218055680090e+02, 3.272998953943039737e+02, 4.965601273446399659e+02, 4.646512046899200072e+02, 5.508533458042879829e+02, 4.048635150991360092e+02, 6.044859781611519338e+02, 4.665074023137279937e+02, 3.498527351111679877e+02, 6.568509576314879723e+02
1.993000000000000000e+03, 3.419391236505600205e+02, 5.240996589731839777e+02, 5.066162563973119859e+02, 4.877065220259839862e+02, 6.332326640353279572e+02, 3.641882286489599778e+02, 4.785052927918080172e+02, 3.298955991449599878e+02, 4.974456959139839682e+02, 4.661809847992319646e+02, 5.512793528729599757e+02, 4.072768505118719986e+02, 6.087299427205119855e+02, 4.678565253611519665e+02, 3.503705806602239932e+02, 6.581325356072959494e+02
1.994000000000000000e+03, 3.407824688250880172e+02, 5.259467969003519556e+02, 5.087185086709760071e+02, 4.891135935774719883e+02, 6.355461079039999959e+02, 3.653432057528319774e+02, 4.798144189562879660e+02, 3.290341226577920111e+02, 4.966886743736320113e+02, 4.677862623805439739e+02, 5.514324953006080250e+02, 4.095742218076159702e+02, 6.115532126289920143e+02, 4.684327891763200000e+02, 3.507108897095679936e+02, 6.594716929884159526e+02
1.995000000000000000e+03, 3.409983580405759653e+02, 5.279501307084799464e+02, 5.099204955340799756e+02, 4.902803482869759932e+02, 6.361270022307840009e+02, 3.675378333777919693e+02, 4.808368560537600160e+02, 3.299045917327359803e+02, 4.967133368811519745e+02, 4.684261789532159810e+02, 5.514116244439039747e+02, 4.084856153702399979e+02, 6.134893033553919395e+02, 4.682788078878720057e+02, 3.518785839431679960e+02, 6.608277618032640248e+02
1.996000000000000000e+03, 3.417070947532799892e+02, 5.299875558195200256e+02, 5.103680109936639724e+02, 4.908446667243520096e+02, 6.362662531235839651e+02, 3.682733465272319791e+02, 4.807825314283520015e+02, 3.301478613647360021e+02, 4.962404207165440084e+02, 4.689497287557119876e+02, 5.514025647472640230e+02, 4.090629193727999677e+02, 6.145396912947200008e+02, 4.687409530798079800e+02, 3.525725567057920102e+02, 6.613011477299199896e+02
1.997000000000000000e+03, 3.428115388825600007e+02, 5.313637908480000078e+02, 5.108349544693759867e+02, 4.919590094110719747e+02, 6.360291575070720000e+02, 3.678696867102719921e+02, 4.814760008744959805e+02, 3.313384061665279887e+02, 4.944537814302719880e+02, 4.693175524392959801e+02, 5.518881644871679555e+02, 4.109847830200320118e+02, 6.162807636623359713e+02, 4.693091973857279982e+02, 3.528161283276800191e+02, 6.622268473999359912e+02
1.998000000000000000e+03, 3.434714874511359994e+02, 5.318425790382079867e+02, 5.119158098329600080e+02, 4.923735408640000060e+02, 6.370603523112960147e+02, 3.678663312670719847e+02, 4.828458270064639919e+02, 3.298864052305920040e+02, 4.971878301040640054e+02, 4.702986169221119894e+02, 5.516065421393919905e+02, 4.094479229255679797e+02, 6.183306710220799687e+02, 4.715109049958400078e+02, 3.544531484016640093e+02, 6.624908536709119744e+02
1.999000000000000000e+03, 3.435717480939520101e+02, 5.333594742456319864e+02, 5.147146521149439877e+02, 4.945750135930879878e+02, 6.383187777290239637e+02, 3.690914035793919652e+02, 4.843664132014079655e+02, 3.315456047841279883e+02, 4.982261720023039970e+02, 4.719574138224639910e+02, 5.519514817003520193e+02, 4.112267104747519966e+02, 6.205329826119680092e+02, 4.735680936673280144e+02, 3.553685804154879975e+02, 6.618247310868480326e+02
2.000000000000000000e+03, 3.433371019509759776e+02, 5.347233276887039892e+02, 5.160486421135359478e+02, 4.965466720174080137e+02, 6.387831039590399769e+02, 3.704380100444159893e+02, 4.845259645255679857e+02, 3.336814785986559855e+02, 4.967244098437120101e+02, 4.725811571589119922e+02, 5.527315551354879517e+02, 4.139591820902400059e+02, 6.221479574241279806e+02, 4.751050208706560056e+02, 3.556902332006399661e+02, 6.637003567267839799e+02
2.001000000000000000e+03, 3.426204128378880114e+02, 5.365709689323520024e+02, 5.169288084193279929e+02, 4.962982350028800056e+02, 6.399850237132800430e+02, 3.717083808399360123e+02, 4.850684054732799950e+02, 3.350497612267519685e+02, 4.966081772912639849e+02, 4.727208442593279756e+02, 5.531256519393280087e+02, 4.135818960568319653e+02, 6.237923259187199392e+02, 4.753710068531199795e+02, 3.561235551354880045e+02, 6.635719774699520030e+02
2.002000000000000000e+03, 3.427458057502719839e+02, 5.373422511063039337e+02, 5.176997550489600144e+02, 4.993411857776640090e+02, 6.418256856350719772e+02, 3.725089560330239919e+02, 4.866396924149759684e+02, 3.344883284705280175e+02, 4.984030709678079916e+02, 4.748318542397440183e+02, 5.533771759615999599e+02, 4.114565247795200094e+02, 6.256672804700159531e+02, 4.760273650974719999e+02, 3.573974155919360101e+02, 6.631632844881919482e+02
2.003000000000000000e+03, 3.434621928734720200e+02, 5.384012960890879640e+02, 5.182453836677119625e+02, 5.013712624680960062e+02, 6.433210724515839729e+02, 3.715417495306239744e+02, 4.873335645143039869e+02, 3.359290551173119752e+02, 4.971933665853439948e+02, 4.760118965043199637e+02, 5.543690114170880179e+02, 4.114211248537599772e+02, 6.282227860111360087e+02, 4.765747721011200042e+02, 3.585371254292479648e+02, 6.639283255377920341e+02
2.004000000000000000e+03, 3.421804806799360108e+02, 5.393210566246399367e+02, 5.197558699786239913e+02, 5.012708340531199838e+02, 6.438682110197760267e+02, 3.710957440204799695e+02, 4.872735691898880077e+02, 3.356203207884800008e+02, 4.946049777008639694e+02, 4.758270786928640064e+02, 5.547301913231359549e+02, 4.148468981432320106e+02, 6.303204748820479608e+02, 4.762349328138240026e+02, 3.594475913871360149e+02, 6.640425448243199753e+02
2.005000000000000000e+03, 3.424426750115840150e+02, 5.407043380838399571e+02, 5.200871528857600197e+02, 5.042617419038720072e+02, 6.459652959109120047e+02, 3.728489295380479689e+02, 4.886698026598400020e+02, 3.359369739632639948e+02, 4.964020859699199946e+02, 4.759630412513279794e+02, 5.549295046492160282e+02, 4.185882173112319720e+02, 6.320893303193599877e+02, 4.763490178826239685e+02, 3.602322617794559960e+02, 6.635988881244160211e+02
2.006000000000000000e+03, 3.433896481914879928e+02, 5.426169407078399445e+02, 5.229991407124480247e+02, 5.055611372830720143e+02, 6.483442380308480324e+02, 3.744199480442879917e+02, 4.898971566735360170e+02, 3.362573181255680197e+02, 4.963427952885759851e+02, 4.784995214295040000e+02, 5.551895850516480095e+02, 4.179890358190079951e+02, 6.350801039523839790e+02, 4.781638093373439915e+02, 3.605589812838400121e+02, 6.640419408445440013e+02
2.007000000000000000e+03, 3.443694040514560015e+02, 5.444655885844480281e+02, 5.247786664591359340e+02, 5.086351594618880085e+02, 6.500354485125119481e+02, 3.748595782123520053e+02, 4.908740939612159764e+02, 3.375897646202880082e+02, 4.953830378700799884e+02, 4.801769074851840173e+02, 5.555069428695039733e+02, 4.180680565063680092e+02, 6.370083429416960143e+02, 4.799942371573760056e+02, 3.621143634247679870e+02, 6.664973870694400375e+02
2.008000000000000000e+03, 3.446344505098239779e+02, 5.461701537300480140e+02, 5.246581724938239404e+02, 5.101258822123519963e+02, 6.510159090155519834e+02, 3.742559339806720118e+02, 4.909024474562559703e+02, 3.389174463856639932e+02, 4.967014586122239734e+02, 4.809544307834879646e+02, 5.558565464965120100e+02, 4.185103039201279671e+02, 6.394513069178880187e+02, 4.812982294937600045e+02, 3.642194342707200008e+02, 6.688969987194880105e+02
2.009000000000000000e+03, 3.443728601579520046e+02, 5.469618034442239605e+02, 5.258873384468479344e+02, 5.109789365370879750e+02, 6.530438717767680146e+02, 3.739285433876480056e+02, 4.925546341335040097e+02, 3.417719554703359677e+02, 4.979816273018880111e+02, 4.810069434695680002e+02, 5.558385613209600251e+02, 4.182015024824319767e+02, 6.425469045964799761e+02, 4.821769529589760168e+02, 3.651313430691839699e+02, 6.701326742323200278e+02
2.010000000000000000e+03, 3.436604324577280067e+02, 5.484939323637760253e+02, 5.242086773227520098e+02, 5.121029093457919998e+02, 6.544043026677759372e+02, 3.749616172400640153e+02, 4.927340832358399894e+02, 3.417667545333760017e+02, 4.956710355599360014e+02, 4.802957237288960073e+02, 5.557557489827839845e+02, 4.172071168901119904e+02, 6.451097250037760205e+02, 4.826096038051840083e+02, 3.640997120573439929e+02, 6.696433163960319916e+02
2.011000000000000000e+03, 3.442179057909759763e+02, 5.488306175344639541e+02, 5.235764111605759581e+02, 5.128952972574719524e+02, 6.563656934359039496e+02, 3.750373831475200177e+02, 4.928012927631360185e+02, 3.410958672199679995e+02, 4.940934403850239960e+02, 4.805627163443199947e+02, 5.563257716736000020e+02, 4.189754354565120025e+02, 6.469879007805440096e+02, 4.839662094909439816e+02, 3.657351550730239751e+02, 6.699271868907519547e+02
2.012000000000000000e+03, 3.437950863933439791e+02, 5.493167541452800151e+02, 5.259317645148159954e+02, 5.140678233292800314e+02, 6.571971051519999492e+02, 3.749377264844799811e+02, 4.928837360025599992e+02, 3.419668731658239835e+02, 4.933168901652479690e+02, 4.818121491742720082e+02, 5.570551443619839347e+02, 4.194719068323839792e+02, 6.498816349962239656e+02, 4.852769127137279952e+02, 3.672363132518399880e+02, 6.709441546158079746e+02
2.013000000000000000e+03, 3.423077861949440148e+02, 5.502765786726399710e+02, 5.276128080035839503e+02, 5.164331423498240383e+02, 6.582182336266239417e+02, 3.752912559800320196e+02, 4.939484852387839737e+02, 3.435793649500159859e+02, 4.940377064734719852e+02, 4.823636498186239692e+02, 5.576062087987199902e+02, 4.208459608227839794e+02, 6.514359433953279677e+02, 4.845458623037440020e+02, 3.669903592652800057e+02, 6.712693641707519419e+02
2.014000000000000000e+03, 3.433393500979199757e+02, 5.524958352506879464e+02, 5.285059263201279691e+02, 5.168261654118399520e+02, 6.598854862438399778e+02, 3.757522938757119846e+02, 4.951509754183679775e+02, 3.440053384642559990e+02, 4.950564525834240044e+02, 4.831446292234239763e+02, 5.578029719879680215e+02, 4.223418845102079899e+02, 6.533190852280320087e+02, 4.840607994347519707e+02, 3.675525973278719789e+02, 6.709775748300800160e+02
