year, TaiESM1, EC-Earth3-Veg, NorESM2-MM, GFDL-ESM4, IPSL-CM6A-LR, UKESM1-0-LL, CMCC-CM2-SR5, CNRM-ESM2-1, NorESM2-LM, ACCESS-ESM1-5, MIROC-ES2L, MPI-ESM1-2-LR, CanESM5, CESM2-WACCM
1.850000000000000000e+03, 5.021341560340479759e+02, 1.333879000530944040e+03, 1.428861396975615889e+03, 3.482555105935359734e+02, 5.305518071480320259e+02, 1.763994205421568040e+03, 2.893098828955648059e+03, 1.480272155508735977e+03, 2.430072363417600172e+03, 8.204063321620479883e+02, 1.193115608154111897e+03, 6.865320002191359663e+02, 1.415993943392255915e+03, 1.860761697648639938e+03
1.851000000000000000e+03, 5.024003433431039980e+02, 1.333936714153983985e+03, 1.428763686469631921e+03, 3.485050213498880112e+02, 5.306061988823039428e+02, 1.764077688848384014e+03, 2.892987965112320126e+03, 1.480088948310015894e+03, 2.430124439896063905e+03, 8.203211039047679378e+02, 1.192897235910656036e+03, 6.874383054274559299e+02, 1.415949651542015999e+03, 1.860616339849216047e+03
1.852000000000000000e+03, 5.023141755617280069e+02, 1.333898327883775892e+03, 1.428700335702015991e+03, 3.489623682580480022e+02, 5.305884821422080222e+02, 1.763547797258240053e+03, 2.892374858530815800e+03, 1.479923726286848023e+03, 2.430115313090559994e+03, 8.203597586104319817e+02, 1.192494045855743934e+03, 6.876137951068160419e+02, 1.415971797467135957e+03, 1.860368439705599940e+03
1.853000000000000000e+03, 5.023676613263359627e+02, 1.333633516306432057e+03, 1.428565715320831941e+03, 3.481006904442879772e+02, 5.305462706667519797e+02, 1.763022200635391982e+03, 2.891796916994047933e+03, 1.479775684132863944e+03, 2.430132224524288176e+03, 8.204589455114239627e+02, 1.192129778941952054e+03, 6.878162625495040174e+02, 1.415951127937024012e+03, 1.860186172030975968e+03
1.854000000000000000e+03, 5.026758252298239995e+02, 1.333486279458815943e+03, 1.428590545600511859e+03, 3.479202011545600044e+02, 5.304668473262080397e+02, 1.762104285593600025e+03, 2.891822149926912061e+03, 1.479929900302335909e+03, 2.430025118777343778e+03, 8.204348534292479371e+02, 1.191776249446400016e+03, 6.875203124592640052e+02, 1.415928847794175908e+03, 1.860058933624831980e+03
1.855000000000000000e+03, 5.022500865966080141e+02, 1.333432860803071890e+03, 1.428473507741696039e+03, 3.484136861859839769e+02, 5.304328902410239834e+02, 1.762644780384255910e+03, 2.891328765558783743e+03, 1.479877555388415885e+03, 2.429738698145792114e+03, 8.202777515786240201e+02, 1.191432786280447999e+03, 6.870190092451839519e+02, 1.415931666366464015e+03, 1.860119734255615867e+03
1.856000000000000000e+03, 5.020843948113919737e+02, 1.333135300100095947e+03, 1.428338484707328007e+03, 3.488416058572800011e+02, 5.304407084236800074e+02, 1.763090114805759868e+03, 2.890961008984063938e+03, 1.480012578422783918e+03, 2.429558577954815973e+03, 8.201725919887360305e+02, 1.191176833073152011e+03, 6.872208727080959534e+02, 1.415913412755455965e+03, 1.860175166177280062e+03
1.857000000000000000e+03, 5.022502879232000055e+02, 1.333017322717184015e+03, 1.428366670430207932e+03, 3.480543182192640188e+02, 5.303590704906239353e+02, 1.762326684368895940e+03, 2.890943829114879918e+03, 1.479984124264447928e+03, 2.429488784736256093e+03, 8.200746130472959976e+02, 1.190815384731648010e+03, 6.874329367183360091e+02, 1.415857980833791999e+03, 1.860068060430335890e+03
1.858000000000000000e+03, 5.023949075251200043e+02, 1.332907532615679884e+03, 1.428511357140992004e+03, 3.478504750448639697e+02, 5.303693717012480420e+02, 1.762310041370624049e+03, 2.890717806460927932e+03, 1.480001169915904029e+03, 2.429509991137279940e+03, 8.200498498764800388e+02, 1.190274218852352078e+03, 6.876312434114560119e+02, 1.415931263713280032e+03, 1.859906462285823864e+03
1.859000000000000000e+03, 5.022553546424319961e+02, 1.332772241145856015e+03, 1.428602490978303877e+03, 3.476392498954239727e+02, 5.304506405355519973e+02, 1.761797598085119944e+03, 2.890336628113408096e+03, 1.480127066144767923e+03, 2.429478584188927925e+03, 8.202617796689919487e+02, 1.189887537577983949e+03, 6.879690694328319296e+02, 1.415908312481791882e+03, 1.859833447841791894e+03
1.860000000000000000e+03, 5.022059625185279970e+02, 1.332859214233599914e+03, 1.428647319699455920e+03, 3.476364313231359802e+02, 5.304091337031679814e+02, 1.761745118953472002e+03, 2.890131006554111991e+03, 1.480182498066431890e+03, 2.429426507710463738e+03, 8.204737765703679315e+02, 1.189595614019583991e+03, 6.885441252884479582e+02, 1.415834895384575930e+03, 1.859756809519103854e+03
1.861000000000000000e+03, 5.024601373409279859e+02, 1.332836934090752038e+03, 1.428675639640063991e+03, 3.480699545845760099e+02, 5.304042683105279821e+02, 1.762065630887935868e+03, 2.889887535595520148e+03, 1.480045193330687880e+03, 2.429431071113216149e+03, 8.206893973503999860e+02, 1.189116322512895977e+03, 6.886571366154239513e+02, 1.415738661273599973e+03, 1.859579507900416047e+03
1.862000000000000000e+03, 5.022994787205120133e+02, 1.332936657862655920e+03, 1.428732145303551988e+03, 3.482816159416319692e+02, 5.304483252797440400e+02, 1.761138454822911854e+03, 2.889712515678208092e+03, 1.480021973663743893e+03, 2.429438855741439966e+03, 8.209475651502079927e+02, 1.188763866759167968e+03, 6.884637288693760411e+02, 1.415734232088575936e+03, 1.859428647174143862e+03
1.863000000000000000e+03, 5.022435099279359747e+02, 1.333128186560511949e+03, 1.428782745387007935e+03, 3.483394973368319825e+02, 5.305504985251840253e+02, 1.761378570338303916e+03, 2.889378850406400034e+03, 1.479996874948607910e+03, 2.429519117942783851e+03, 8.211786209689599900e+02, 1.188482277965823869e+03, 6.882750858526719639e+02, 1.415739735015424003e+03, 1.859503272230911989e+03
1.864000000000000000e+03, 5.025144284119039639e+02, 1.333175833853951872e+03, 1.428793214369791940e+03, 3.481581356318719713e+02, 5.306200904171520278e+02, 1.761010008457215918e+03, 2.889019146895359881e+03, 1.479967347048447891e+03, 2.429514554540031895e+03, 8.211784867512319579e+02, 1.188142036025343941e+03, 6.882154260725759514e+02, 1.415651956621311911e+03, 1.859587695181824074e+03
1.865000000000000000e+03, 5.025762356756479790e+02, 1.333042287214592079e+03, 1.428732011085824070e+03, 3.472724328447999937e+02, 5.306656237813759844e+02, 1.761189457559552011e+03, 2.888697024348160085e+03, 1.479809104347135872e+03, 2.429314301689856165e+03, 8.211531867095039843e+02, 1.187712807731199973e+03, 6.878917600215039556e+02, 1.415732755693567924e+03, 1.859711041273855926e+03
1.866000000000000000e+03, 5.026005626388479754e+02, 1.332665538052096053e+03, 1.428710804684799996e+03, 3.465984585236479916e+02, 5.305696245514239990e+02, 1.761753037799423964e+03, 2.888419462086656040e+03, 1.479918760230911857e+03, 2.429082373455872130e+03, 8.211859358351359788e+02, 1.187026015617024086e+03, 6.876505036554240178e+02, 1.415740003450880067e+03, 1.859737347948543857e+03
1.867000000000000000e+03, 5.022650183188479787e+02, 1.332445957849088018e+03, 1.428652688408576068e+03, 3.461590296821759694e+02, 5.304099725639680400e+02, 1.761366624960511899e+03, 2.888204713721856024e+03, 1.479846148440063871e+03, 2.429056066781183745e+03, 8.212444547645440025e+02, 1.186650742849536073e+03, 6.878937732874239828e+02, 1.415663230910463881e+03, 1.859747011624959896e+03
1.868000000000000000e+03, 5.022283768791039620e+02, 1.332344086593536076e+03, 1.428475252572159889e+03, 3.457711404482560056e+02, 5.303530642472959471e+02, 1.760716071632896046e+03, 2.888177333305343836e+03, 1.479813936185343891e+03, 2.429053382426624012e+03, 8.211743260016639852e+02, 1.186590344871935940e+03, 6.883755478220799660e+02, 1.415455596085247862e+03, 1.859734797811712042e+03
1.869000000000000000e+03, 5.026298556579839669e+02, 1.332216042881023895e+03, 1.428285066051583954e+03, 3.458629789286400182e+02, 5.304200053391359688e+02, 1.761204087291903988e+03, 2.888040968093695938e+03, 1.479920505061375934e+03, 2.428997547851775835e+03, 8.210472218132480293e+02, 1.186331036221439945e+03, 6.885029875548159453e+02, 1.415346745507840069e+03, 1.859627423629312034e+03
1.870000000000000000e+03, 5.028445369139199670e+02, 1.332123432648704011e+03, 1.428233392226303977e+03, 3.461269180907519853e+02, 5.304330580131839952e+02, 1.762589214244864024e+03, 2.887743004737536012e+03, 1.479788837470207909e+03, 2.428922922795008162e+03, 8.210471547043839564e+02, 1.186015624560639935e+03, 6.884317850501120120e+02, 1.415269301878784063e+03, 1.859561925378048045e+03
1.871000000000000000e+03, 5.026644838318080133e+02, 1.332155913338880055e+03, 1.428168296628223970e+03, 3.458826753802239864e+02, 5.303857462640639824e+02, 1.763678256889855902e+03, 2.887208818180095932e+03, 1.479725352484864061e+03, 2.428898763603967836e+03, 8.211744602193920173e+02, 1.185959655768064067e+03, 6.883214580776959792e+02, 1.415276415418368060e+03, 1.859497366650879940e+03
1.872000000000000000e+03, 5.026784089210879642e+02, 1.332081556717567992e+03, 1.428214467526655881e+03, 3.455080065925120039e+02, 5.303329986969599759e+02, 1.763574238150655901e+03, 2.886871126376448046e+03, 1.479606704013312083e+03, 2.428910037893119807e+03, 8.213180060794879864e+02, 1.185517945225215954e+03, 6.887388081029120031e+02, 1.415447006150656080e+03, 1.859349324496895861e+03
1.873000000000000000e+03, 5.029296980623360014e+02, 1.331787888328703957e+03, 1.428319962660863894e+03, 3.454041891799039945e+02, 5.303108863262719979e+02, 1.761793303117824053e+03, 2.887085874741248062e+03, 1.479669920563199867e+03, 2.428943860760576172e+03, 8.214892007915519798e+02, 1.184907254562815979e+03, 6.890701245644800110e+02, 1.415508075216896032e+03, 1.859321809862655982e+03
1.874000000000000000e+03, 5.025770409820160012e+02, 1.331539317096448030e+03, 1.428418612690943974e+03, 3.452114860769279971e+02, 5.302768956866559620e+02, 1.761620699119615892e+03, 2.886943872385023951e+03, 1.479714346631167928e+03, 2.428965335597055855e+03, 8.215950985789439756e+02, 1.184700559261696071e+03, 6.888122923089920278e+02, 1.415653835669503906e+03, 1.859296174276607871e+03
1.875000000000000000e+03, 5.027945072558080142e+02, 1.331464960475135967e+03, 1.428442235011071944e+03, 3.451048836464639749e+02, 5.302460256092159625e+02, 1.762101735456767983e+03, 2.886575847374847854e+03, 1.479974594805760034e+03, 2.428903327006719792e+03, 8.216624758783999596e+02, 1.184513996619775980e+03, 6.884284296069120046e+02, 1.415839727222783949e+03, 1.859276981141503938e+03
1.876000000000000000e+03, 5.030325088419839972e+02, 1.331482677215231888e+03, 1.428452301340671966e+03, 3.454725731123199921e+02, 5.303495410319360417e+02, 1.762494724964351917e+03, 2.886486726803455895e+03, 1.480204643991552075e+03, 2.428864135430143961e+03, 8.217179749089279994e+02, 1.184062890835967892e+03, 6.887212926894079601e+02, 1.415803354218495997e+03, 1.859180612812800064e+03
1.877000000000000000e+03, 5.026581755985919813e+02, 1.331572871528447877e+03, 1.428503975165951942e+03, 3.454187182489599763e+02, 5.303190400532480453e+02, 1.762297156468735920e+03, 2.886340697915391956e+03, 1.480293361909760051e+03, 2.428932586471423747e+03, 8.218056861941760189e+02, 1.183437167788031957e+03, 6.888657780736000404e+02, 1.415836908650496071e+03, 1.859239802830848021e+03
1.878000000000000000e+03, 5.025413390663679820e+02, 1.331399730659328043e+03, 1.428462233452544069e+03, 3.455503187312639852e+02, 5.303222948331520001e+02, 1.761056850444287875e+03, 2.886059109122048085e+03, 1.480239943254015998e+03, 2.428960235323391771e+03, 8.219764111441919567e+02, 1.182784601194495963e+03, 6.891422665932799418e+02, 1.415819191910399923e+03, 1.859142629195775953e+03
1.879000000000000000e+03, 5.027003870740479670e+02, 1.331249138368511922e+03, 1.428495116795903868e+03, 3.453356039208960055e+02, 5.304913085071359546e+02, 1.760834451668991960e+03, 2.885889726349311786e+03, 1.480409057591296005e+03, 2.428929633681408177e+03, 8.222247139409919328e+02, 1.182474692460544020e+03, 6.890956259327999760e+02, 1.415829124022272026e+03, 1.859103974490112023e+03
1.880000000000000000e+03, 5.025710682931199926e+02, 1.331513815728128066e+03, 1.428647722352639903e+03, 3.449655656447999945e+02, 5.306070712975359811e+02, 1.761415614431231916e+03, 2.885862882803711727e+03, 1.480709302648831908e+03, 2.428957014097919910e+03, 8.223900701818879497e+02, 1.182255380692992048e+03, 6.887763890667520172e+02, 1.415813017894912036e+03, 1.859003579629567867e+03
1.881000000000000000e+03, 5.024570503331839859e+02, 1.331444693598208005e+03, 1.428829184720895910e+03, 3.449529156239360077e+02, 5.306283112529920345e+02, 1.761308642902015890e+03, 2.885756582363135749e+03, 1.480854526230527881e+03, 2.428984394514432097e+03, 8.225260327403519796e+02, 1.182221289390080074e+03, 6.889495970447360378e+02, 1.415702690922496004e+03, 1.858883454763007876e+03
1.882000000000000000e+03, 5.026065017733120044e+02, 1.331316247232512069e+03, 1.428815226077183979e+03, 3.451705161154559960e+02, 5.306564969758719599e+02, 1.762017312505855898e+03, 2.885793626456063976e+03, 1.480973577355264069e+03, 2.428943055454207752e+03, 8.227785633955840012e+02, 1.182068683833344039e+03, 6.890621386096639753e+02, 1.415616254705664005e+03, 1.858911640485888029e+03
1.883000000000000000e+03, 5.027448802508799872e+02, 1.331081097773055944e+03, 1.428699798831103863e+03, 3.452046409728000071e+02, 5.308311142400000335e+02, 1.760976319807487926e+03, 2.885342118019072132e+03, 1.481167790407680059e+03, 2.428843734335488080e+03, 8.229562005585919451e+02, 1.181590734503935892e+03, 6.890709298708479764e+02, 1.415429557846015996e+03, 1.858957408731135956e+03
1.884000000000000000e+03, 5.027553492336639920e+02, 1.330981508218879981e+03, 1.428649467183103980e+03, 3.445107353190400090e+02, 5.310121739550719440e+02, 1.761885108043775972e+03, 2.884891146452991961e+03, 1.481295699902463866e+03, 2.428913795989503797e+03, 8.231990004285439682e+02, 1.181088625983487873e+03, 6.893355401215999336e+02, 1.415332384210943928e+03, 1.858928954572799967e+03
1.885000000000000000e+03, 5.029405025894399728e+02, 1.330896279961599930e+03, 1.428669868277759861e+03, 3.448552051179519822e+02, 5.312059507998719710e+02, 1.762601293840383960e+03, 2.885011137101823806e+03, 1.481590442033151930e+03, 2.428955135049728142e+03, 8.236573539696639727e+02, 1.181273041141759904e+03, 6.897769822289919830e+02, 1.415453582819327949e+03, 1.858931102056448026e+03
1.886000000000000000e+03, 5.026499547627519746e+02, 1.330854269812735993e+03, 1.428842338058239875e+03, 3.453012441825279666e+02, 5.313097682124799803e+02, 1.763648192118783982e+03, 2.885303194877952137e+03, 1.481777675763712068e+03, 2.428960503758848063e+03, 8.241487250718720361e+02, 1.181783202725888032e+03, 6.904236432424960412e+02, 1.415535858286591974e+03, 1.858902782115839955e+03
1.887000000000000000e+03, 5.029161420718079967e+02, 1.330689853095936087e+03, 1.428971992383487986e+03, 3.456077974732800158e+02, 5.313726492180479681e+02, 1.763795563184128014e+03, 2.885109384478720131e+03, 1.482305285652480052e+03, 2.429028686364672012e+03, 8.245124551147520151e+02, 1.182210015100927876e+03, 6.906395995668480055e+02, 1.415602832932863976e+03, 1.858954321723392013e+03
1.888000000000000000e+03, 5.032006501007359702e+02, 1.330578855034880007e+03, 1.429183519522815914e+03, 3.453263428976640057e+02, 5.315498166190079701e+02, 1.763171719184384074e+03, 2.884629153447936005e+03, 1.482572915802111993e+03, 2.428994326626303973e+03, 8.247602210406399763e+02, 1.182255917563903949e+03, 6.904938391142400178e+02, 1.415501498548223935e+03, 1.858821714608127877e+03
1.889000000000000000e+03, 5.029719095377919871e+02, 1.330518457057279875e+03, 1.429340822700032049e+03, 3.447825933271039958e+02, 5.316771892428799902e+02, 1.762103748722687897e+03, 2.884636132769791857e+03, 1.482777732055039905e+03, 2.429013922414591889e+03, 8.248675952230399844e+02, 1.182492409200639941e+03, 6.902265445089279865e+02, 1.415338692444159960e+03, 1.858742526148608022e+03
1.890000000000000000e+03, 5.025843222937600103e+02, 1.330283441815551896e+03, 1.429360821141503948e+03, 3.446856545730560129e+02, 5.318469746688000441e+02, 1.762652430794752036e+03, 2.884850881134591873e+03, 1.483425735245823944e+03, 2.429063582973951725e+03, 8.247714282209279872e+02, 1.182582871949311993e+03, 6.895716962140160149e+02, 1.415197763829759879e+03, 1.858709374369791931e+03
1.891000000000000000e+03, 5.027897089720319741e+02, 1.330045339566079974e+03, 1.429388335775744054e+03, 3.447200814202880110e+02, 5.319266328903679550e+02, 1.762607333638143928e+03, 2.884624321609727758e+03, 1.483752421195775923e+03, 2.429082373455872130e+03, 8.247093525217279648e+02, 1.182745543835648050e+03, 6.893999646310400067e+02, 1.415151056060416067e+03, 1.858789502353407897e+03
1.892000000000000000e+03, 5.029666750463999847e+02, 1.329889781219327915e+03, 1.429586709577728016e+03, 3.445576779694080187e+02, 5.319519664865280220e+02, 1.760731909324799972e+03, 2.884616805416959778e+03, 1.484045284278271993e+03, 2.429066804199424041e+03, 8.247965940449279287e+02, 1.182995188809728006e+03, 6.894561347502079798e+02, 1.415223802068991972e+03, 1.858732459819008000e+03
1.893000000000000000e+03, 5.032390028165119702e+02, 1.329826430451711985e+03, 1.429678782939135999e+03, 3.444042671063040189e+02, 5.320005197496319624e+02, 1.760089543278591918e+03, 2.884851954876416130e+03, 1.484664296439807913e+03, 2.429073515085824056e+03, 8.250100002324479647e+02, 1.183030353854464011e+03, 6.895708909076479358e+02, 1.415352785305600037e+03, 1.858805071609855986e+03
1.894000000000000000e+03, 5.030691167272959774e+02, 1.329749926346751863e+03, 1.429675024842752009e+03, 3.442079401246720067e+02, 5.321237316239360098e+02, 1.761174022520832068e+03, 2.884926043062272129e+03, 1.484889111134207951e+03, 2.429014727720959854e+03, 8.253122585559040090e+02, 1.183056660529151941e+03, 6.895008963624959506e+02, 1.415459219963903934e+03, 1.858910835179520063e+03
1.895000000000000000e+03, 5.027603152895999870e+02, 1.329314389819391863e+03, 1.429770856300543983e+03, 3.438933673246719991e+02, 5.321334288547840288e+02, 1.761854506401791923e+03, 2.884758807773183889e+03, 1.485108557119488069e+03, 2.428950303211519895e+03, 8.256886050652159383e+02, 1.183305231761407867e+03, 6.894834480578559806e+02, 1.415468346769408072e+03, 1.858882649456639911e+03
1.896000000000000000e+03, 5.024494334771200101e+02, 1.328753762369535934e+03, 1.429881183272960016e+03, 3.435120547594240179e+02, 5.321474210529279389e+02, 1.761898127163392019e+03, 2.884243948568575888e+03, 1.485539664461824032e+03, 2.428791389421568056e+03, 8.260303905095679511e+02, 1.183566419460096085e+03, 6.900802471854079840e+02, 1.415398956204031947e+03, 1.858774201532415873e+03
1.897000000000000000e+03, 5.026547866009599943e+02, 1.328243466567679889e+03, 1.429923461857280017e+03, 3.434506837032959652e+02, 5.322944565739519476e+02, 1.761189054906368028e+03, 2.883796466663423871e+03, 1.486055865843711899e+03, 2.428708174430208146e+03, 8.264148571914239483e+02, 1.183489110048767998e+03, 6.897807403253759730e+02, 1.415151458713600050e+03, 1.858696623685631948e+03
1.898000000000000000e+03, 5.033602014248959904e+02, 1.328027510243327924e+03, 1.429954197716991985e+03, 3.434875600240640097e+02, 5.324191783976959869e+02, 1.761373470064640060e+03, 2.883707882962944041e+03, 1.486476369985535939e+03, 2.428718374977535859e+03, 8.267912037007359913e+02, 1.183151686680575949e+03, 6.895284781056000156e+02, 1.415087436857344073e+03, 1.858739036487679869e+03
1.899000000000000000e+03, 5.035086462320639953e+02, 1.327644050194431884e+03, 1.430017011613696013e+03, 3.431503379824640092e+02, 5.325056146145279854e+02, 1.761779478691840040e+03, 2.883714056978431927e+03, 1.486784533889024033e+03, 2.428732333621248017e+03, 8.270490359562239746e+02, 1.183025253580799927e+03, 6.895711593431040001e+02, 1.415126628433919905e+03, 1.858661995511808072e+03
1.900000000000000000e+03, 5.032307148718080043e+02, 1.327108789895168002e+03, 1.430059692851199998e+03, 3.421197471580159686e+02, 5.324442435583999895e+02, 1.761766459572223994e+03, 2.883861696479231796e+03, 1.487310667382784004e+03, 2.428813937999871996e+03, 8.271752006205439329e+02, 1.182972908666879903e+03, 6.896916197539840141e+02, 1.415063948754944022e+03, 1.858630051692543930e+03
1.901000000000000000e+03, 5.033765759877119876e+02, 1.326735530393599902e+03, 1.430090026057727982e+03, 3.419461365268479653e+02, 5.324361904947199946e+02, 1.762116230971392042e+03, 2.884010678157311759e+03, 1.487642856259584050e+03, 2.428917017214976113e+03, 8.271736571166719614e+02, 1.183055586787327911e+03, 6.900590407843840239e+02, 1.414969056821247932e+03, 1.858676491026431904e+03
1.902000000000000000e+03, 5.032658463621119722e+02, 1.326496757055487933e+03, 1.430090697146368029e+03, 3.423765056716799791e+02, 5.325649052958719949e+02, 1.762749201776639893e+03, 2.883992692981759774e+03, 1.487871697485823915e+03, 2.428925338714112058e+03, 8.272643211919360056e+02, 1.182696822800383870e+03, 6.900452163584000118e+02, 1.414817122353151944e+03, 1.858673269800960043e+03
1.903000000000000000e+03, 5.032967835484159878e+02, 1.326276639981567996e+03, 1.430163040501759951e+03, 3.426119235665919973e+02, 5.326910699601919532e+02, 1.762216491614208053e+03, 2.883640237228031765e+03, 1.488520505982975919e+03, 2.429013653979136052e+03, 8.275514129121279439e+02, 1.182077407985663967e+03, 6.902784867696640276e+02, 1.414666530062336051e+03, 1.858798629158912036e+03
1.904000000000000000e+03, 5.036784987668480085e+02, 1.326294088286208080e+03, 1.430211224666112003e+03, 3.422639305523200051e+02, 5.326985861529599333e+02, 1.762401712078848050e+03, 2.883467364794367768e+03, 1.488837125603327877e+03, 2.429175788994559753e+03, 8.279300411228159646e+02, 1.181909367390207990e+03, 6.904803502325760292e+02, 1.414590294392831993e+03, 1.858909627219967888e+03
1.905000000000000000e+03, 5.036525611909119675e+02, 1.326411663015936028e+03, 1.430179817717759988e+03, 3.418121872343040195e+02, 5.326611729612800445e+02, 1.762569886892031946e+03, 2.883295297667071736e+03, 1.489128109637631951e+03, 2.429241824116736097e+03, 8.284152382095360281e+02, 1.182050967093247891e+03, 6.908093178839039865e+02, 1.414580496498688035e+03, 1.858888152383487977e+03
1.906000000000000000e+03, 5.034909294919680178e+02, 1.326333816733696040e+03, 1.430243973791743883e+03, 3.420294186270720047e+02, 5.326437582110719404e+02, 1.763354657947647866e+03, 2.883267380379647875e+03, 1.489799600930816041e+03, 2.429158340689919896e+03, 8.288666795376640266e+02, 1.182106667450367922e+03, 6.908994450882560159e+02, 1.414598615891967938e+03, 1.858905332252671997e+03
1.907000000000000000e+03, 5.037034632642560155e+02, 1.326212483907583874e+03, 1.430305311293439900e+03, 3.421348466524160017e+02, 5.327014718341119988e+02, 1.763217621647359920e+03, 2.883234899689472059e+03, 1.490288556113919867e+03, 2.428995400368127775e+03, 8.291708840181760252e+02, 1.182110425546751912e+03, 6.908442816020479995e+02, 1.414598213238783956e+03, 1.858908687695872004e+03
1.908000000000000000e+03, 5.038559346032640178e+02, 1.325878281764863914e+03, 1.430469862227967951e+03, 3.422478915338239744e+02, 5.327354960281600142e+02, 1.762585187713023970e+03, 2.883342005436416002e+03, 1.490783551094783888e+03, 2.428899837345792093e+03, 8.294550900572160117e+02, 1.181967617884160063e+03, 6.908435434045439933e+02, 1.414481846468607955e+03, 1.858898352930815918e+03
1.909000000000000000e+03, 5.038102670213119723e+02, 1.325422746796032015e+03, 1.430743934828544070e+03, 3.419341240401919890e+02, 5.327482467123199967e+02, 1.761765385830399964e+03, 2.883427636346879808e+03, 1.491106076295167895e+03, 2.428912990683135831e+03, 8.296515177021440195e+02, 1.182085192613888012e+03, 6.913861856788479372e+02, 1.414396483993599986e+03, 1.858885065375744034e+03
1.910000000000000000e+03, 5.040638043095040075e+02, 1.325187597336575891e+03, 1.430950361694207913e+03, 3.413506795765759989e+02, 5.327704261918719340e+02, 1.761227172741120057e+03, 2.883481591873535763e+03, 1.491624290942975904e+03, 2.428909232586751841e+03, 8.299128396185599286e+02, 1.182141966712832073e+03, 6.917132071731199403e+02, 1.414096104718335937e+03, 1.858893386874879980e+03
1.911000000000000000e+03, 5.043891145277439705e+02, 1.325028415111167988e+03, 1.431129273925631878e+03, 3.405528558469119957e+02, 5.328268311920639917e+02, 1.761305287458815883e+03, 2.883156516536319941e+03, 1.492210017107968042e+03, 2.428890173669376054e+03, 8.300918189588479663e+02, 1.181879436836863988e+03, 6.914650385940479964e+02, 1.413764989583359920e+03, 1.858903587422207920e+03
1.912000000000000000e+03, 5.040036412129280166e+02, 1.324892049899519861e+03, 1.431151688286207900e+03, 3.408658515886079954e+02, 5.328927992053760363e+02, 1.760947194560511889e+03, 2.882663132168192078e+03, 1.492650385473536062e+03, 2.428987347304448122e+03, 8.301157097144320005e+02, 1.181300824211456074e+03, 6.914777892782079789e+02, 1.413319252508671980e+03, 1.858983849623552032e+03
1.913000000000000000e+03, 5.038463715901439741e+02, 1.324580530552831988e+03, 1.431251680493568074e+03, 3.410748285911039943e+02, 5.329567539527679401e+02, 1.760752981508095900e+03, 2.882364095070207895e+03, 1.493257989128191866e+03, 2.429095258357760031e+03, 8.302367741050879886e+02, 1.180621279854591876e+03, 6.919963394703360109e+02, 1.413077929033727969e+03, 1.859078338904063912e+03
1.914000000000000000e+03, 5.041782584770559765e+02, 1.324463895347199923e+03, 1.431332211130368023e+03, 3.414618454097919766e+02, 5.330385596579840239e+02, 1.759969686847487992e+03, 2.882472811429887770e+03, 1.493863579516927985e+03, 2.429199142879232113e+03, 8.305502396088319301e+02, 1.180485719949311942e+03, 6.913222309314560334e+02, 1.413010954387455968e+03, 1.859105182449663971e+03
1.915000000000000000e+03, 5.044954485227519854e+02, 1.324289680736256059e+03, 1.431289261457407974e+03, 3.409278937333759814e+02, 5.331472089087999393e+02, 1.759511333306367987e+03, 2.882781243768832155e+03, 1.494462324801535942e+03, 2.429159145996287862e+03, 8.308026360463360334e+02, 1.180403981352960045e+03, 6.911910331023359504e+02, 1.412920357421055996e+03, 1.859156050968575983e+03
1.916000000000000000e+03, 5.044619947540479643e+02, 1.324249952288767872e+03, 1.431306843979775977e+03, 3.407150915256319763e+02, 5.330864082780159379e+02, 1.758426585628672001e+03, 2.882713866469375716e+03, 1.495137976844288005e+03, 2.429148945448960148e+03, 8.309116208414719722e+02, 1.179868721053695936e+03, 6.916581107957759968e+02, 1.412764933292032083e+03, 1.859110551158783892e+03
1.917000000000000000e+03, 5.040934664273920021e+02, 1.324109963198463902e+03, 1.431350733176831909e+03, 3.402594894479360050e+02, 5.330466127216640189e+02, 1.758759714029567931e+03, 2.882701250002944107e+03, 1.495719273824255879e+03, 2.429168809672703901e+03, 8.309993992355839509e+02, 1.179289168904191911e+03, 6.918946695413759471e+02, 1.412590584463360074e+03, 1.859108135239679996e+03
1.918000000000000000e+03, 5.038367414681599712e+02, 1.323906891776000066e+03, 1.431434082385919965e+03, 3.399751156367360068e+02, 5.331468062556159566e+02, 1.759120893935615868e+03, 2.882660984684544019e+03, 1.496164071374847936e+03, 2.429177399607296138e+03, 8.310661725552639609e+02, 1.178981273436159881e+03, 6.919949972930560307e+02, 1.412283628519423928e+03, 1.859067333050368006e+03
1.919000000000000000e+03, 5.039514305167359680e+02, 1.323666239389695875e+03, 1.431558904872960056e+03, 3.389986145566720097e+02, 5.332098214789119766e+02, 1.758299347222528013e+03, 2.882663132168192078e+03, 1.496835696885759944e+03, 2.429187063283712178e+03, 8.312133422940160017e+02, 1.178927854780416055e+03, 6.922673250631679593e+02, 1.412041633955839870e+03, 1.859043173859327908e+03
1.920000000000000000e+03, 5.042451324600319822e+02, 1.323415520673791889e+03, 1.431711644647424009e+03, 3.383829913927680195e+02, 5.333080688558079601e+02, 1.757714829017088050e+03, 2.882582601531391902e+03, 1.497602482765823879e+03, 2.429118612242431936e+03, 8.315668046807039673e+02, 1.178776859836415952e+03, 6.922161881087999973e+02, 1.411739778285568036e+03, 1.859006935072767874e+03
1.921000000000000000e+03, 5.041470193008639740e+02, 1.323134468751359918e+03, 1.431834051215359978e+03, 3.387059528007679887e+02, 5.332940095487999770e+02, 1.758249686663167950e+03, 2.882548778663935991e+03, 1.498196664647679881e+03, 2.429131765579776129e+03, 8.317501460971519691e+02, 1.178510303428608040e+03, 6.919878837534720333e+02, 1.411429198462976046e+03, 1.859042368552959942e+03
1.922000000000000000e+03, 5.038404995645440181e+02, 1.322725909987327896e+03, 1.431829487812608022e+03, 3.387131670036479818e+02, 5.333831636746240292e+02, 1.758872725356543924e+03, 2.882596023304191931e+03, 1.498721724399616051e+03, 2.429098211147776055e+03, 8.319504660561919991e+02, 1.177905384128511969e+03, 6.919301701304319749e+02, 1.411293370122240049e+03, 1.859027738820607965e+03
1.923000000000000000e+03, 5.042334555176959725e+02, 1.322419625132032024e+03, 1.431821300531199995e+03, 3.377987416227840072e+02, 5.335620759060479941e+02, 1.758797160775679913e+03, 2.882188269846527874e+03, 1.499236046733311923e+03, 2.429021170171904032e+03, 8.323174173245439533e+02, 1.177434145685504063e+03, 6.917987709747200142e+02, 1.411230422007807874e+03, 1.858790307659775863e+03
1.924000000000000000e+03, 5.041600384204799639e+02, 1.322275475292160081e+03, 1.431943572881408045e+03, 3.375917107773440193e+02, 5.336985417809919454e+02, 1.757755094335487911e+03, 2.881708575686655877e+03, 1.499918812315647983e+03, 2.428978488934400048e+03, 8.326508141608959477e+02, 1.177281003257855900e+03, 6.920332493455359781e+02, 1.410922929192960055e+03, 1.858787354869760065e+03
1.925000000000000000e+03, 5.037936575774720040e+02, 1.322213869355008001e+03, 1.432056584208384038e+03, 3.379408110878720208e+02, 5.337283716710400086e+02, 1.756822146908159993e+03, 2.881684684931071843e+03, 1.500760491687935883e+03, 2.428864403865599797e+03, 8.329866940252160248e+02, 1.177167991930879907e+03, 6.922537019637759386e+02, 1.410686034903040081e+03, 1.858755411050495923e+03
1.926000000000000000e+03, 5.039268686725120006e+02, 1.321936038658047892e+03, 1.432244757463040060e+03, 3.380980471562239700e+02, 5.338592339558399544e+02, 1.756816778199040073e+03, 2.881609254567935750e+03, 1.501517748109311924e+03, 2.428833533788159912e+03, 8.331731895582719289e+02, 1.176942506147840049e+03, 6.924769060454399323e+02, 1.410362704396287882e+03, 1.858730714988543923e+03
1.927000000000000000e+03, 5.039961585745920161e+02, 1.321660355444736069e+03, 1.432391323222015899e+03, 3.381678068203519842e+02, 5.339452339650559907e+02, 1.757210170359807989e+03, 2.881721997459455906e+03, 1.502496463781887996e+03, 2.429017680510975879e+03, 8.333213659299839264e+02, 1.176735139758079868e+03, 6.923572509409279974e+02, 1.410179362979839880e+03, 1.858727225327615997e+03
1.928000000000000000e+03, 5.044166627164159991e+02, 1.321432453742591861e+03, 1.432448768409600007e+03, 3.371195328102400026e+02, 5.341244146319360198e+02, 1.757808915644415947e+03, 2.881878226894848012e+03, 1.503092390494208075e+03, 2.429131497144319837e+03, 8.335053113262080160e+02, 1.176267122540544051e+03, 6.925515982110720188e+02, 1.410075075805184042e+03, 1.858765745815552009e+03
1.929000000000000000e+03, 5.042016123617279959e+02, 1.321186298429440058e+03, 1.432531714965504079e+03, 3.366998675292160215e+02, 5.342988976783359476e+02, 1.757501288611839982e+03, 2.881754209714175886e+03, 1.503633153720320024e+03, 2.429103311421440139e+03, 8.338966231121919463e+02, 1.175728506798079934e+03, 6.921764596613120375e+02, 1.409786641907712010e+03, 1.858801581948928060e+03
1.930000000000000000e+03, 5.043627407441919672e+02, 1.320974771290111903e+03, 1.432737336524799957e+03, 3.363099314749439941e+02, 5.343932191866880430e+02, 1.756288228786175978e+03, 2.881774073937920093e+03, 1.504239952068607863e+03, 2.429142502998015971e+03, 8.343265896038400342e+02, 1.175364374102015972e+03, 6.918806437887999436e+02, 1.409432307105792006e+03, 1.858839162912767961e+03
1.931000000000000000e+03, 5.043913962291200050e+02, 1.320822702604287997e+03, 1.432853300641791975e+03, 3.359727094333439936e+02, 5.346108532326400109e+02, 1.755365616123903919e+03, 2.881634487500799878e+03, 1.505187931881471968e+03, 2.429175252123648079e+03, 8.346774347448319986e+02, 1.175134593351679996e+03, 6.922608826122240089e+02, 1.409107231768575957e+03, 1.858919156678656009e+03
1.932000000000000000e+03, 5.040460875694079732e+02, 1.320809146613760049e+03, 1.432946984615935889e+03, 3.349188989419519658e+02, 5.348103007764480026e+02, 1.755953758207999954e+03, 2.881449267036160109e+03, 1.505751780556799986e+03, 2.429203169411071940e+03, 8.350159318548479632e+02, 1.175064263262207987e+03, 6.928364082298879794e+02, 1.408796920381440032e+03, 1.858859295571968005e+03
1.933000000000000000e+03, 5.041820501278720030e+02, 1.320575876202495920e+03, 1.432979733741567998e+03, 3.344679944847359820e+02, 5.349000588820480289e+02, 1.756410232700927963e+03, 2.881375178850304110e+03, 1.506496957382655864e+03, 2.429235381665791920e+03, 8.353979826175999506e+02, 1.174993664737279914e+03, 6.933704605696000272e+02, 1.408462986674175909e+03, 1.858731788730367953e+03
1.934000000000000000e+03, 5.045636646830079712e+02, 1.320030683791359934e+03, 1.432970472718335941e+03, 3.344773897256960140e+02, 5.348658333614080220e+02, 1.756744032190463940e+03, 2.881369810141183734e+03, 1.507215022227456075e+03, 2.429293632159743993e+03, 8.358311703347200137e+02, 1.174769789566975987e+03, 6.935212541870080258e+02, 1.408234950754304009e+03, 1.858670048575487954e+03
1.935000000000000000e+03, 5.042016123617279959e+02, 1.319723056758783969e+03, 1.432894639702015866e+03, 3.344539687321599786e+02, 5.348167432273919530e+02, 1.757259159830528006e+03, 2.881461883502591718e+03, 1.508036568940543930e+03, 2.429350808911871809e+03, 8.362403330785280104e+02, 1.174377471148031873e+03, 6.930026368860160346e+02, 1.407923565625344054e+03, 1.858758095405055883e+03
1.936000000000000000e+03, 5.043019401134079658e+02, 1.319528172617727932e+03, 1.432896116097023878e+03, 3.344407147315200177e+02, 5.349014346137599887e+02, 1.756563643564031963e+03, 2.881344040337407932e+03, 1.508845096534015966e+03, 2.429465699287040025e+03, 8.366124517294080078e+02, 1.173960993538047887e+03, 6.928176177479680291e+02, 1.407679289360384018e+03, 1.858828559712256038e+03
1.937000000000000000e+03, 5.043930068418559927e+02, 1.319191420338175931e+03, 1.433010066948095982e+03, 3.343409574051839854e+02, 5.349714627133439535e+02, 1.756297892462592017e+03, 2.881375984156672075e+03, 1.509594970980351945e+03, 2.429504085557247890e+03, 8.369714841518079993e+02, 1.173788121104383890e+03, 6.927827211386879753e+02, 1.407516349038591898e+03, 1.858551534321663894e+03
1.938000000000000000e+03, 5.040714547199999629e+02, 1.318841246285823900e+03, 1.433103214051327996e+03, 3.342714326220799990e+02, 5.350182711459840448e+02, 1.757331637403648074e+03, 2.881301627535359785e+03, 1.510031044378624074e+03, 2.429599111708671899e+03, 8.372477042360319501e+02, 1.173750137487360007e+03, 6.929317699256320111e+02, 1.407348845314048049e+03, 1.858311687241727896e+03
1.939000000000000000e+03, 5.042324153303039793e+02, 1.318636564250623906e+03, 1.433087913230335971e+03, 3.336095043420160096e+02, 5.351675212595199582e+02, 1.757891459547136037e+03, 2.881042855755776145e+03, 1.510690456076288001e+03, 2.429596695789568003e+03, 8.375349301739520342e+02, 1.173522101567487880e+03, 6.933994515988480316e+02, 1.407122554224639998e+03, 1.858258805456895971e+03
1.940000000000000000e+03, 5.046484902871039822e+02, 1.318427050377215892e+03, 1.433060935467007994e+03, 3.329379459399680172e+02, 5.353951545262079890e+02, 1.757317141889024015e+03, 2.881013327855615898e+03, 1.511460865835008008e+03, 2.429562336051199964e+03, 8.379328857374720201e+02, 1.172989525622783958e+03, 6.939732323860480392e+02, 1.406806471475199942e+03, 1.858262160900095978e+03
1.941000000000000000e+03, 5.046336927825919929e+02, 1.317940376895488043e+03, 1.433081739214847858e+03, 3.327736298864639934e+02, 5.356171506483200346e+02, 1.757717110718464028e+03, 2.881091979444223853e+03, 1.512196244766719929e+03, 2.429443150708736084e+03, 8.384633141985279963e+02, 1.172255086215167921e+03, 6.935745386250239335e+02, 1.406345299361792058e+03, 1.858262831988736025e+03
1.942000000000000000e+03, 5.045669865717759990e+02, 1.317585773658111975e+03, 1.433147774337023975e+03, 3.330667614044160132e+02, 5.356287604817920283e+02, 1.757267615547391870e+03, 2.881143250616320074e+03, 1.512791634608127879e+03, 2.429280210386943963e+03, 8.388819392921599274e+02, 1.171839279693823983e+03, 6.933712658759679925e+02, 1.405951638765568077e+03, 1.858326988062719920e+03
1.943000000000000000e+03, 5.049325956628479730e+02, 1.317133057261567956e+03, 1.433135426306047975e+03, 3.325951203082240113e+02, 5.356261432360960271e+02, 1.756445263527936049e+03, 2.880911859253248167e+03, 1.513439637798911917e+03, 2.429312154206208106e+03, 8.392094305484799861e+02, 1.171706135707647945e+03, 6.930824293253119777e+02, 1.405570057764864032e+03, 1.858320814047232034e+03
1.944000000000000000e+03, 5.047837146480640058e+02, 1.316845160235008052e+03, 1.433106166841344020e+03, 3.320354994913279825e+02, 5.357441877278720312e+02, 1.755741291544575915e+03, 2.880882331353087920e+03, 1.514089251602431887e+03, 2.429356446056448021e+03, 8.395494040535039630e+02, 1.171571515326463896e+03, 6.932467118243839650e+02, 1.405051574681599959e+03, 1.858331551465471875e+03
1.945000000000000000e+03, 5.044877981122559731e+02, 1.316776306540544056e+03, 1.433239847698431959e+03, 3.323772178268159792e+02, 5.359560504115199819e+02, 1.755487754256384051e+03, 2.881116407070720015e+03, 1.514656589938688057e+03, 2.429395906068480144e+03, 8.397928079032319602e+02, 1.171030483664895883e+03, 6.939553143193600135e+02, 1.404715627708415923e+03, 1.858277327503359857e+03
1.946000000000000000e+03, 5.043530770677759847e+02, 1.316347212464128006e+03, 1.433462380691456019e+03, 3.327337001123839855e+02, 5.361485186334720083e+02, 1.756145018470399918e+03, 2.881251966975999949e+03, 1.515414249013248082e+03, 2.429353761701887834e+03, 8.399401118597120330e+02, 1.170677222604799908e+03, 6.940644333322239845e+02, 1.404227075178496079e+03, 1.858239075450879909e+03
1.947000000000000000e+03, 5.046021851709439829e+02, 1.315932211249152033e+03, 1.433525194588160048e+03, 3.324638553702399690e+02, 5.363099825602560031e+02, 1.756464456663039982e+03, 2.881027286499328056e+03, 1.516376724340736018e+03, 2.429276183855104136e+03, 8.403024997253120318e+02, 1.170588907339775915e+03, 6.935450778337279871e+02, 1.403761339662336013e+03, 1.858211158163456048e+03
1.948000000000000000e+03, 5.047350271672319764e+02, 1.315705114853376017e+03, 1.433576868413440025e+03, 3.320649602826239857e+02, 5.364930890956800340e+02, 1.756070259195903873e+03, 2.881090637266943759e+03, 1.517320006533120022e+03, 2.429264372695040038e+03, 8.407229367582719988e+02, 1.170538978344960015e+03, 6.933269740257279636e+02, 1.403185545609215978e+03, 1.858334772690943964e+03
1.949000000000000000e+03, 5.044028382904319869e+02, 1.315297764048895942e+03, 1.433615120465919972e+03, 3.320233192325119944e+02, 5.365993559818240328e+02, 1.755635527974912065e+03, 2.881147545583615738e+03, 1.517994987487232038e+03, 2.429268399226879865e+03, 8.409478856703999554e+02, 1.170342886244352030e+03, 6.940373213511679751e+02, 1.402337558003712047e+03, 1.858488720424959865e+03
1.950000000000000000e+03, 5.044155889745919694e+02, 1.315084223643647874e+03, 1.433730010841087960e+03, 3.313549485015039977e+02, 5.368602752450559592e+02, 1.756285141778432035e+03, 2.880594836979711999e+03, 1.518557225549823897e+03, 2.429326918156287775e+03, 8.412672567541759463e+02, 1.169819839758336002e+03, 6.942714641776640292e+02, 1.401502992171007918e+03, 1.858596228825088019e+03
1.951000000000000000e+03, 5.045790326128640118e+02, 1.314945308295167933e+03, 1.433849196183552067e+03, 3.310338996961280031e+02, 5.370368051118080075e+02, 1.757555378356223855e+03, 2.880755629817856061e+03, 1.519265895153663905e+03, 2.429394027020287922e+03, 8.417652045250559922e+02, 1.169374236901375980e+03, 6.942989117030399484e+02, 1.400718892204032045e+03, 1.858588981067775876e+03
1.952000000000000000e+03, 5.047297591214079944e+02, 1.314840752685056032e+03, 1.433867315576831970e+03, 3.311443273318399747e+02, 5.370726076907519655e+02, 1.757920450576383928e+03, 2.881177341919231822e+03, 1.520084489076735963e+03, 2.429399127293952006e+03, 8.421194051092479640e+02, 1.169334240018431956e+03, 6.942957575864319324e+02, 1.399915464884223866e+03, 1.858612871823359910e+03
1.953000000000000000e+03, 5.045103802449920067e+02, 1.314652579430400010e+03, 1.433932948045823878e+03, 3.306923826872319978e+02, 5.371035448770560379e+02, 1.758374106497024059e+03, 2.881107011829759813e+03, 1.521141587902463925e+03, 2.429403422261248124e+03, 8.424121339740160010e+02, 1.169444566990847989e+03, 6.939424294174719989e+02, 1.399429596708863983e+03, 1.858545762959359990e+03
1.954000000000000000e+03, 5.045331637043199748e+02, 1.314404545069055985e+03, 1.434054146654207898e+03, 3.304196858183680092e+02, 5.372652101304320240e+02, 1.757292848480255998e+03, 2.880756166688767735e+03, 1.522033733140480081e+03, 2.429405569744895729e+03, 8.426676845281280066e+02, 1.169465102303232015e+03, 6.939265917255679597e+02, 1.399049492103167950e+03, 1.858482949062655962e+03
1.955000000000000000e+03, 5.050318832271360066e+02, 1.314066047959039906e+03, 1.434136690556927988e+03, 3.300043490590720126e+02, 5.374712678973439779e+02, 1.756169177661440017e+03, 2.880577925545983817e+03, 1.522792600174592053e+03, 2.429449861595136099e+03, 8.427182846115839538e+02, 1.169420407799807890e+03, 6.937721742295040031e+02, 1.398678245867519990e+03, 1.858567640449023884e+03
1.956000000000000000e+03, 5.050228235304959981e+02, 1.313842978095103945e+03, 1.434218563371008031e+03, 3.302484911063040158e+02, 5.375866951434239809e+02, 1.756192665763840068e+03, 2.880681004761087934e+03, 1.523671994728447999e+03, 2.429471067996159945e+03, 8.428506232913920257e+02, 1.169260957138943922e+03, 6.942613978480640071e+02, 1.398221905592319899e+03, 1.858565895618560035e+03
1.957000000000000000e+03, 5.049981274685439985e+02, 1.313745267589119976e+03, 1.434293993734143896e+03, 3.304734064639999929e+02, 5.376798086922240145e+02, 1.756236286525439937e+03, 2.880757240430591992e+03, 1.524713926950912082e+03, 2.429415233421311768e+03, 8.431914021027839681e+02, 1.168724623097856011e+03, 6.949173198848000084e+02, 1.397742211432447903e+03, 1.858570190585855926e+03
1.958000000000000000e+03, 5.049947384709120115e+02, 1.313558033858560066e+03, 1.434488609439743868e+03, 3.298027875860479980e+02, 5.376607833292799796e+02, 1.755696731258879936e+03, 2.880168829911040120e+03, 1.525670496698367970e+03, 2.429455498739711857e+03, 8.436515004743679356e+02, 1.168739923918848035e+03, 6.951626027827200005e+02, 1.397251645636607918e+03, 1.858610187468799950e+03
1.959000000000000000e+03, 5.051459682959359725e+02, 1.313490388123648017e+03, 1.434808181850112078e+03, 3.292410528399360032e+02, 5.377392671457280358e+02, 1.755868529950719903e+03, 2.879844828315648101e+03, 1.526633777332223872e+03, 2.429656825331711843e+03, 8.441117330636799352e+02, 1.168841660956672058e+03, 6.952687690055679468e+02, 1.396801747812352005e+03, 1.858700113346559874e+03
1.960000000000000000e+03, 5.056058317864959690e+02, 1.313316978819071892e+03, 1.435102923980799915e+03, 3.289400024760320207e+02, 5.378587209236479794e+02, 1.756156158541823970e+03, 2.880030585651199999e+03, 1.527467403640831890e+03, 2.429720444534783837e+03, 8.446775950049279800e+02, 1.168930110439423970e+03, 6.950446253998079555e+02, 1.396150254960640041e+03, 1.858706690015231970e+03
1.961000000000000000e+03, 5.055510709534719922e+02, 1.313103438413824051e+03, 1.435281299341311978e+03, 3.287255561011199916e+02, 5.379091867893760082e+02, 1.756613035687935962e+03, 2.880398879096831934e+03, 1.528395385012223869e+03, 2.429718028615679941e+03, 8.453330472796160393e+02, 1.168691068665855937e+03, 6.945898957373440226e+02, 1.395419439431680075e+03, 1.858843189444608015e+03
1.962000000000000000e+03, 5.053909156495359980e+02, 1.312961570275328086e+03, 1.435422227955712060e+03, 3.284741998510079952e+02, 5.379439491809280298e+02, 1.756635718483968049e+03, 2.880570409353215837e+03, 1.529228474449919986e+03, 2.429866741858304067e+03, 8.456975155200000245e+02, 1.168321835696127891e+03, 6.944905075097599365e+02, 1.394674531041280034e+03, 1.859077802033152011e+03
1.963000000000000000e+03, 5.052634759167999619e+02, 1.313050690846720045e+03, 1.435518998937599918e+03, 3.280274225889280046e+02, 5.379802215219200434e+02, 1.756229709856768068e+03, 2.880708116742143829e+03, 1.530003044958207965e+03, 2.430026997825536000e+03, 8.458977683701759815e+02, 1.168370825166847908e+03, 6.946851903242239814e+02, 1.394056055750656014e+03, 1.859320870338559871e+03
1.964000000000000000e+03, 5.056205957365759787e+02, 1.313170278842367907e+03, 1.435665027825664083e+03, 3.281648950968319696e+02, 5.381113186877439603e+02, 1.757835222319103877e+03, 2.880921522929663752e+03, 1.530925926055935861e+03, 2.430260805107711803e+03, 8.462027781570559455e+02, 1.168678989070336002e+03, 6.956526988165119292e+02, 1.393605621055487973e+03, 1.859533873872896038e+03
1.965000000000000000e+03, 5.061796125736959766e+02, 1.313099680317440061e+03, 1.435913464840191864e+03, 3.285195989975039765e+02, 5.382056066416639624e+02, 1.759206793281535965e+03, 2.881066746511359725e+03, 1.531943027998720027e+03, 2.430460789522432151e+03, 8.467053564395520198e+02, 1.169306591166463932e+03, 6.959971686154240160e+02, 1.393015331487743879e+03, 1.859598835253247898e+03
1.966000000000000000e+03, 5.061628353576959967e+02, 1.313103169978367987e+03, 1.436204180439039874e+03, 3.284140367544320043e+02, 5.383385828556799879e+02, 1.758659050733567938e+03, 2.880959372328959944e+03, 1.533138371084287883e+03, 2.430607355281407763e+03, 8.471502882078719949e+02, 1.169667905290240014e+03, 6.960046176993280369e+02, 1.392350148427776048e+03, 1.859787545378816048e+03
1.967000000000000000e+03, 5.060373417820159716e+02, 1.313070420852735879e+03, 1.436431276834815890e+03, 3.275120265134079887e+02, 5.384635395604479982e+02, 1.758496915718144010e+03, 2.880754556076031804e+03, 1.533871199879167989e+03, 2.430725466882047840e+03, 8.476815219752959365e+02, 1.169707633737727974e+03, 6.964025061539839498e+02, 1.391651947806720045e+03, 1.859980013600767961e+03
1.968000000000000000e+03, 5.063811069378559750e+02, 1.313010291310592038e+03, 1.436732192980992068e+03, 3.273851236515839673e+02, 5.386150378209280234e+02, 1.759679642337280029e+03, 2.880912396124159841e+03, 1.534740528103423912e+03, 2.430924914425856059e+03, 8.483990499491840183e+02, 1.169981974773759930e+03, 6.961237359329279570e+02, 1.390963545079808000e+03, 1.860209391697919955e+03
1.969000000000000000e+03, 5.063455056855040084e+02, 1.312892582363135944e+03, 1.437093238669311859e+03, 3.274784049725440127e+02, 5.386406734069760205e+02, 1.759717357518848075e+03, 2.881024870580224160e+03, 1.535666630426623897e+03, 2.431154158305279907e+03, 8.489249821163519982e+02, 1.170528509362176010e+03, 6.960948791214079847e+02, 1.390300375285760083e+03, 1.860319047581695941e+03
1.970000000000000000e+03, 5.065019700019199718e+02, 1.312541066133504046e+03, 1.437426635505664080e+03, 3.272984861081599774e+02, 5.387779781427200305e+02, 1.759556698898431932e+03, 2.881056545964032011e+03, 1.536379594997760023e+03, 2.431471985885184040e+03, 8.492286497259519820e+02, 1.170631185924095917e+03, 6.961705108111359550e+02, 1.389715722862591974e+03, 1.860377969164288061e+03
1.971000000000000000e+03, 5.067481924239359614e+02, 1.312294642384895951e+03, 1.437768890712063921e+03, 3.273494217359360050e+02, 5.390199055974400153e+02, 1.759275646975999962e+03, 2.881509128142848112e+03, 1.537261539688448011e+03, 2.431704182554623912e+03, 8.496771382640639558e+02, 1.170733862486016051e+03, 6.960993754152959809e+02, 1.389073356816383921e+03, 1.860588556779519877e+03
1.972000000000000000e+03, 5.063838584012800084e+02, 1.312030233460735872e+03, 1.438171812331519959e+03, 3.265181106831360012e+02, 5.392245205237759365e+02, 1.759316314947584033e+03, 2.881613012664319740e+03, 1.538354340429823878e+03, 2.431926983983104037e+03, 8.502240083967999453e+02, 1.170998002974720066e+03, 6.965140410859519307e+02, 1.388493536231424059e+03, 1.860812834603008014e+03
1.973000000000000000e+03, 5.067574198927359816e+02, 1.311802197540863972e+03, 1.438541716389888052e+03, 3.257759537561599927e+02, 5.392379422965759659e+02, 1.759915597103103892e+03, 2.881029433982976116e+03, 1.539180450545663916e+03, 2.432199445970943998e+03, 8.506657189396479453e+02, 1.171294087282687997e+03, 6.967685850071039795e+02, 1.387844056645632008e+03, 1.861114153402367947e+03
1.974000000000000000e+03, 5.073753583124479860e+02, 1.311720190509056010e+03, 1.438986111287295898e+03, 3.258283657789439758e+02, 5.393777300602879450e+02, 1.760605878878207932e+03, 2.880924744155136068e+03, 1.540195673440255860e+03, 2.432473250136064053e+03, 8.510224696606719590e+02, 1.171716738908159869e+03, 6.970450735267839946e+02, 1.386875407302655958e+03, 1.861354403135487928e+03
1.975000000000000000e+03, 5.075525257134079880e+02, 1.311630130413567940e+03, 1.439441243602944041e+03, 3.260621059522559904e+02, 5.396078463549439448e+02, 1.761942821666815917e+03, 2.881153182728191950e+03, 1.541229149945856079e+03, 2.432836174872576066e+03, 8.514504899952639789e+02, 1.172148919992320089e+03, 6.972743174062079561e+02, 1.385922729869311979e+03, 1.861576399257599860e+03
1.976000000000000000e+03, 5.077447254999040069e+02, 1.311527453851648033e+03, 1.439782693502975917e+03, 3.259968425820159723e+02, 5.398026633871360218e+02, 1.761882960560127913e+03, 2.881654888595455759e+03, 1.542286651424768024e+03, 2.433075619299328082e+03, 8.520780249825279498e+02, 1.172558149844991931e+03, 6.974989978828799622e+02, 1.385243453947904072e+03, 1.861903353643007904e+03
1.977000000000000000e+03, 5.072536228331520078e+02, 1.311260629008384058e+03, 1.440094078631935872e+03, 3.253487387279359950e+02, 5.399877496340479865e+02, 1.762107104165887904e+03, 2.882190685765631770e+03, 1.543396363599872075e+03, 2.433522564333567971e+03, 8.526583824383999399e+02, 1.173173135474688024e+03, 6.982190759935999722e+02, 1.384406606413823965e+03, 1.862155146100735919e+03
1.978000000000000000e+03, 5.073849884344319889e+02, 1.311036216967168002e+03, 1.440464385343487947e+03, 3.250783906693120002e+02, 5.401830028738560259e+02, 1.762350843559936038e+03, 2.882383690858495811e+03, 1.544429437452287857e+03, 2.433989910462463740e+03, 8.530851948134400118e+02, 1.173966093811711971e+03, 6.982830307409919897e+02, 1.383547478736895982e+03, 1.862497535524863906e+03
1.979000000000000000e+03, 5.079831297392639726e+02, 1.310930319179776006e+03, 1.440957903929343956e+03, 3.251917710950399965e+02, 5.403569826037760322e+02, 1.761869136134143901e+03, 2.882799228944384140e+03, 1.545520359145471957e+03, 2.434378068131839882e+03, 8.535546213171199952e+02, 1.174571281547263879e+03, 6.988131236577279424e+02, 1.382811294498815869e+03, 1.862913073610752008e+03
1.980000000000000000e+03, 5.084406444195839754e+02, 1.310921863462911915e+03, 1.441399748689919988e+03, 3.255296306708480074e+02, 5.404935826964480157e+02, 1.761983355420672069e+03, 2.883235436560383732e+03, 1.546770194628607896e+03, 2.434702338162687738e+03, 8.538902998548479673e+02, 1.174961452482559935e+03, 6.990806195896319650e+02, 1.382105309249536049e+03, 1.863222713909247886e+03
1.981000000000000000e+03, 5.085289932390400054e+02, 1.310986556407807939e+03, 1.441800522825727967e+03, 3.252817640816639937e+02, 5.405914609745919961e+02, 1.762271386664959891e+03, 2.883350058500096111e+03, 1.547711195119615923e+03, 2.435104722911231875e+03, 8.542061812776960323e+02, 1.174886693208063889e+03, 6.990799485009920318e+02, 1.381431804690432045e+03, 1.863840920764416069e+03
1.982000000000000000e+03, 5.084349737205760107e+02, 1.310884550934528079e+03, 1.442073253249023992e+03, 3.244079731179519968e+02, 5.409411988193279512e+02, 1.762586261454848000e+03, 2.883138262925312119e+03, 1.548620654444544016e+03, 2.435498517725183774e+03, 8.547403007262720394e+02, 1.174877029531648077e+03, 6.999818916331520313e+02, 1.380690385960959929e+03, 1.864334707785727915e+03
1.983000000000000000e+03, 5.089078898851839767e+02, 1.311037022273535968e+03, 1.442512145219583999e+03, 3.243761635164159998e+02, 5.414517630566399475e+02, 1.762778192805888011e+03, 2.883448842747904109e+03, 1.549725534781440047e+03, 2.435825203675135981e+03, 8.553993768796159429e+02, 1.175230424809471970e+03, 7.008306174361599687e+02, 1.379837700734975897e+03, 1.864481139326976063e+03
1.984000000000000000e+03, 5.093600023019519654e+02, 1.310828582141951983e+03, 1.443047137083392045e+03, 3.246935884431359796e+02, 5.418942453514239332e+02, 1.762233537265663927e+03, 2.884008799109119991e+03, 1.550991476391935976e+03, 2.436162895478783867e+03, 8.558140425502720063e+02, 1.175998015995903870e+03, 7.014675476643840284e+02, 1.379236405313535897e+03, 1.864786216222719986e+03
1.985000000000000000e+03, 5.090451610664960072e+02, 1.310772613349375888e+03, 1.443547634991103905e+03, 3.247452622684160133e+02, 5.423417272565759504e+02, 1.762623037112319935e+03, 2.884239116730368096e+03, 1.552095819857919878e+03, 2.436525014908927915e+03, 8.563133324984320325e+02, 1.176954317307903921e+03, 7.016895437864959604e+02, 1.378662087655423875e+03, 1.865364023541759934e+03
1.986000000000000000e+03, 5.091859890175999794e+02, 1.310747380416511987e+03, 1.444114839109631930e+03, 3.247058022563840041e+02, 5.428885973893119399e+02, 1.763643628716032026e+03, 2.884251733196800160e+03, 1.553113190236159880e+03, 2.436993434779647941e+03, 8.570161636311039501e+02, 1.177345025114111877e+03, 7.012297138503679435e+02, 1.378112600276991998e+03, 1.865726814060544029e+03
1.987000000000000000e+03, 5.096529996021760098e+02, 1.310848714801152028e+03, 1.444587956600832058e+03, 3.244364608307199660e+02, 5.432299130716160107e+02, 1.763219366477823996e+03, 2.884551038730239725e+03, 1.554272294535167930e+03, 2.437447359135744136e+03, 8.577046334668799545e+02, 1.177621916286975875e+03, 7.014266112573440068e+02, 1.377585527259135915e+03, 1.865895525744640054e+03
1.988000000000000000e+03, 5.101124939939840033e+02, 1.310866028888063965e+03, 1.445096641789951946e+03, 3.242375166033920095e+02, 5.434316087623680005e+02, 1.764309617082368050e+03, 2.885085493723136096e+03, 1.555402407804927861e+03, 2.437949333438463782e+03, 8.584112898047999352e+02, 1.178482520358911870e+03, 7.015894173614079818e+02, 1.377104893575168035e+03, 1.866215769243647856e+03
1.989000000000000000e+03, 5.101587991101440025e+02, 1.310907233730559938e+03, 1.445623714807808028e+03, 3.242106059489279914e+02, 5.434799606988799496e+02, 1.765165120880639961e+03, 2.885240649416703945e+03, 1.556507959230463939e+03, 2.438423927324672150e+03, 8.590219804672000237e+02, 1.179481234472960068e+03, 7.021316569825279430e+02, 1.376562385518592009e+03, 1.866651171553279937e+03
1.990000000000000000e+03, 5.100632025333759998e+02, 1.310710336323583988e+03, 1.446251719557119941e+03, 3.236093440819199714e+02, 5.436975947448320312e+02, 1.765092106436607992e+03, 2.885355002920960032e+03, 1.557431779852287946e+03, 2.438873288278015934e+03, 8.594592618250239866e+02, 1.180347207254015984e+03, 7.022894299217920207e+02, 1.376073832988671938e+03, 1.866932089257983989e+03
1.991000000000000000e+03, 5.104658557173759732e+02, 1.310496393265151937e+03, 1.446684571729919980e+03, 3.230325769502720163e+02, 5.441473583513600261e+02, 1.765231156002815851e+03, 2.886086489538559817e+03, 1.558401502937088026e+03, 2.439481026150399885e+03, 8.598907718205439323e+02, 1.180872803876864054e+03, 7.024706909634560361e+02, 1.375327850856447867e+03, 1.867223475945472046e+03
1.992000000000000000e+03, 5.107358682316800014e+02, 1.310521223544832083e+03, 1.447025484759039955e+03, 3.229715414384639871e+02, 5.445760833290239589e+02, 1.767168454688767952e+03, 2.886485116190719964e+03, 1.559310962262015892e+03, 2.440176542416896154e+03, 8.604806587351039298e+02, 1.181251968958463976e+03, 7.030402438922239980e+02, 1.374667231199231992e+03, 1.867545330057216006e+03
1.993000000000000000e+03, 5.107378814975999717e+02, 1.310894751481856019e+03, 1.447553228865536084e+03, 3.235572004945919957e+02, 5.449922589491200142e+02, 1.768497881284607956e+03, 2.886495316738048132e+03, 1.560266458267647977e+03, 2.440635567046655979e+03, 8.611261788979199991e+02, 1.182192969449472002e+03, 7.033473340538879484e+02, 1.374344840216575903e+03, 1.867954828345343913e+03
1.994000000000000000e+03, 5.111865042534399777e+02, 1.311111781548032013e+03, 1.448142176256000084e+03, 3.231783709573119836e+02, 5.453391111127040176e+02, 1.768659479429119983e+03, 2.886545782603775933e+03, 1.561487973810176072e+03, 2.441044394246143838e+03, 8.617787454914559930e+02, 1.183438912618496033e+03, 7.032861978787840371e+02, 1.374046205771775931e+03, 1.868356005134335874e+03
1.995000000000000000e+03, 5.114195733381120021e+02, 1.311213921239040019e+03, 1.448668175532031910e+03, 3.227948437995519839e+02, 5.456332157091840145e+02, 1.768907916443647991e+03, 2.886959441641472040e+03, 1.562692175265792002e+03, 2.441529188679679919e+03, 8.624256078315519289e+02, 1.184760151932928011e+03, 7.039105116405760327e+02, 1.373611608768512042e+03, 1.868751410561023931e+03
1.996000000000000000e+03, 5.117130068459520089e+02, 1.311161844760576059e+03, 1.449152433094655862e+03, 3.229501337108479788e+02, 5.459614787174399453e+02, 1.769070856765439885e+03, 2.887441820155903770e+03, 1.563906443051007955e+03, 2.442049416593407841e+03, 8.628479910215679638e+02, 1.185866642882559972e+03, 7.047816518041599920e+02, 1.372987898986496020e+03, 1.869244526493695957e+03
1.997000000000000000e+03, 5.122531325378560041e+02, 1.311040243499008056e+03, 1.449571460841471890e+03, 3.229787220869120006e+02, 5.462386718801919869e+02, 1.769766373031935927e+03, 2.887749447188479735e+03, 1.565009175904255926e+03, 2.442542264090624030e+03, 8.632405778759680288e+02, 1.186526859886591865e+03, 7.049545913466879483e+02, 1.372515452583935939e+03, 1.869708248743935883e+03
1.998000000000000000e+03, 5.118722226257920056e+02, 1.310765499809791891e+03, 1.449733327421439981e+03, 3.223890029445120149e+02, 5.466590418042879946e+02, 1.769343318753280073e+03, 2.888255179587583825e+03, 1.566171635646463983e+03, 2.442872439701503936e+03, 8.635004233973760392e+02, 1.186948169334783870e+03, 7.051491399434239611e+02, 1.371866241433599953e+03, 1.870004064616447977e+03
1.999000000000000000e+03, 5.118689342914560143e+02, 1.310619873574911935e+03, 1.450010352812031897e+03, 3.218193157980160208e+02, 5.470885385338880269e+02, 1.769177022988287945e+03, 2.888655148417024066e+03, 1.567135990022143915e+03, 2.443088798679039883e+03, 8.634178794946559492e+02, 1.187941917392895903e+03, 7.051225648332799665e+02, 1.371335410319359880e+03, 1.870307933552639952e+03
2.000000000000000000e+03, 5.123037997301760242e+02, 1.310610478333951960e+03, 1.450471793360896072e+03, 3.211237324226560190e+02, 5.473881796116479563e+02, 1.769771339087871866e+03, 2.888604145680384136e+03, 1.568067461054464047e+03, 2.443377098358783769e+03, 8.635208244920320340e+02, 1.189177660014591993e+03, 7.058264025989119546e+02, 1.370700560465920034e+03, 1.870735685451775907e+03
2.001000000000000000e+03, 5.125544177827839576e+02, 1.310617591873535957e+03, 1.451086510555135874e+03, 3.204452953620480002e+02, 5.476871496007679525e+02, 1.770578658721791953e+03, 2.888890029441024126e+03, 1.569366420226047921e+03, 2.443576277467136151e+03, 8.637426192875519746e+02, 1.190087521992704069e+03, 7.060212867399679908e+02, 1.370163689553919994e+03, 1.871116058492928005e+03
2.002000000000000000e+03, 5.124861009592319760e+02, 1.310530484568063912e+03, 1.451701496184831967e+03, 3.198963113000959879e+02, 5.480328273592319874e+02, 1.770148088250367891e+03, 2.889444885528575924e+03, 1.570331982561280029e+03, 2.443746465546239961e+03, 8.635400176271359669e+02, 1.190542251655168002e+03, 7.061483238195199874e+02, 1.369679834644480025e+03, 1.871376440885248030e+03
2.003000000000000000e+03, 5.127659784765439781e+02, 1.310682687471615964e+03, 1.452228300767231985e+03, 3.199332547297279916e+02, 5.484547407871999667e+02, 1.770641472618495982e+03, 2.889785798557696125e+03, 1.571277814890496074e+03, 2.444123885797375806e+03, 8.634287511306239367e+02, 1.191023824863231994e+03, 7.065662107156480261e+02, 1.369289261055999987e+03, 1.871608369119232066e+03
2.004000000000000000e+03, 5.133482820894720362e+02, 1.310780666413055997e+03, 1.452746246979583930e+03, 3.193272281333759679e+02, 5.489426222284799906e+02, 1.771757358809087918e+03, 2.889490519556095933e+03, 1.572397056524288018e+03, 2.444636329082879911e+03, 8.633872778526720140e+02, 1.191606598238207880e+03, 7.066415068610559729e+02, 1.368955864219647992e+03, 1.871947537317887964e+03
2.005000000000000000e+03, 5.130678341468160397e+02, 1.310857707388928020e+03, 1.453142860365823935e+03, 3.190220841287679718e+02, 5.493268540293120168e+02, 1.772504414683136019e+03, 2.889124373594112058e+03, 1.573243165081599955e+03, 2.445224471166975945e+03, 8.632795010170880232e+02, 1.191953014194175921e+03, 7.070469786173439388e+02, 1.368548647632896063e+03, 1.872202953654272051e+03
2.006000000000000000e+03, 5.132425856286720318e+02, 1.310835024592895934e+03, 1.453371298938880045e+03, 3.188556877004800185e+02, 5.496145161748479495e+02, 1.773248651984896014e+03, 2.889216715390975878e+03, 1.574290868666367942e+03, 2.445541761875967950e+03, 8.631110577684479495e+02, 1.192268962725888059e+03, 7.080992456048639951e+02, 1.368184783372287939e+03, 1.872474341900287982e+03
2.007000000000000000e+03, 5.137427815464959622e+02, 1.310621886840832076e+03, 1.453629936500735994e+03, 3.189383993753600066e+02, 5.500167667056639402e+02, 1.774188578734080011e+03, 2.889623126671359842e+03, 1.575330250751999984e+03, 2.445928845803519835e+03, 8.632058154844160072e+02, 1.192835764191231874e+03, 7.092625106534400174e+02, 1.367804276113407923e+03, 1.872805457035263998e+03
2.008000000000000000e+03, 5.136815447080959984e+02, 1.310490621902848034e+03, 1.454006819880959938e+03, 3.185954059714559889e+02, 5.505615564636159434e+02, 1.774789874155520010e+03, 2.889988198891519914e+03, 1.576173943390208024e+03, 2.446379280498687876e+03, 8.635729009704959935e+02, 1.193704689762304042e+03, 7.097146901790720221e+02, 1.367487656493055965e+03, 1.873167173812224064e+03
2.009000000000000000e+03, 5.133208345640960033e+02, 1.310717852516351968e+03, 1.454556575694847879e+03, 3.178960644997119971e+02, 5.510636314296319824e+02, 1.775652759928831983e+03, 2.890250191896575870e+03, 1.577195071864832016e+03, 2.446874275479552125e+03, 8.638781791928320217e+02, 1.194806348873727984e+03, 7.100123850997759973e+02, 1.367522284666880068e+03, 1.873391317417984055e+03
2.010000000000000000e+03, 5.137549953597440435e+02, 1.310890456514559901e+03, 1.454980569497600072e+03, 3.174284499353599927e+02, 5.512472748359680281e+02, 1.775915424022527986e+03, 2.890638081130495721e+03, 1.578228279934975944e+03, 2.447251158859775842e+03, 8.643031796285439441e+02, 1.195487101190143903e+03, 7.107083040194560226e+02, 1.367204725522432000e+03, 1.873689280774143981e+03
2.011000000000000000e+03, 5.141407035555839684e+02, 1.310721073741824057e+03, 1.455308731842560064e+03, 3.175290461224959699e+02, 5.515550360862720254e+02, 1.776409882132479879e+03, 2.890908932505599751e+03, 1.579346045173759876e+03, 2.447603077742592177e+03, 8.644698780467199413e+02, 1.195765737193471978e+03, 7.112780582748159759e+02, 1.366658727804928048e+03, 1.874089249603583994e+03
2.012000000000000000e+03, 5.143495798947840285e+02, 1.310534913753087949e+03, 1.455790976139263876e+03, 3.169485544488960045e+02, 5.519856736665599328e+02, 1.777597172154367854e+03, 2.891161261834240122e+03, 1.580363415551999879e+03, 2.447949896351743973e+03, 8.646681847398399441e+02, 1.196218050936832014e+03, 7.117858039398399796e+02, 1.366107361378303949e+03, 1.874505190342655851e+03
2.013000000000000000e+03, 5.142855915929600314e+02, 1.310422573514752003e+03, 1.456517765136384014e+03, 3.161135188541439902e+02, 5.523475917701119897e+02, 1.778993573396479860e+03, 2.891436945047551944e+03, 1.581300792164352060e+03, 2.448338322456575952e+03, 8.649113201541119906e+02, 1.197051006156799986e+03, 7.124156877373440011e+02, 1.365627264565247970e+03, 1.874777383895039975e+03
2.014000000000000000e+03, 5.142452927201279635e+02, 1.310386871599103870e+03, 1.457120402735103880e+03, 3.164827518238719790e+02, 5.527748739072000035e+02, 1.780115230949375928e+03, 2.891415470211071806e+03, 1.582327692001279956e+03, 2.448574008786943978e+03, 8.651008355860479924e+02, 1.197944090918912025e+03, 7.131614014341120082e+02, 1.365028653498367930e+03, 1.874965691367423915e+03
