year, TaiESM1, CESM2-WACCM, NorESM2-MM, ACCESS-ESM1-5, UKESM1-0-LL, INM-CM4-8, INM-CM5-0, MIROC-ES2L, MPI-ESM1-2-LR, NorESM2-LM, IPSL-CM6A-LR, CNRM-ESM2-1, CanESM5, GFDL-ESM4, EC-Earth3-Veg, CMCC-CM2-SR5
2.015000000000000000e+03, 4.441687569464933816e+00, 5.120663789005199362e+00, 4.891581141063120697e+00, 4.115788872324121606e+00, 6.239678145569943268e+00, 6.018359955999947886e+00, 6.225560476082372396e+00, 4.854066371199269092e+00, 5.633074726197788706e+00, 5.201846633963709721e+00, 3.076103726683599771e+00, 3.934634998069973300e+00, 4.419212643879546931e+00, 3.422580841756191372e+00, 4.429470117247147343e+00, 4.408401396541118622e+00
2.016000000000000000e+03, 4.332825747596767307e+00, 4.805417895272562134e+00, 4.672841185637460093e+00, 4.209459797395861180e+00, 6.182930335889532891e+00, 6.273638264185449565e+00, 6.054079151409900383e+00, 4.707996677951630460e+00, 5.355495035982671403e+00, 5.116552136772864579e+00, 3.098587292926856751e+00, 3.717252646881318512e+00, 4.349091908522852101e+00, 2.791349031834935879e+00, 3.914437946943898794e+00, 4.527973663975339846e+00
2.017000000000000000e+03, 4.601659942037875872e+00, 5.013386876723661345e+00, 4.863056214737287775e+00, 4.278251482417791074e+00, 5.953412343559685738e+00, 6.203061808647785114e+00, 6.044684449027135642e+00, 5.010724212867799565e+00, 5.502338793302720354e+00, 5.052147020626680529e+00, 2.983850791720265239e+00, 3.871073953551103397e+00, 4.385485627031266986e+00, 3.176478919761954955e+00, 4.174195552706470025e+00, 4.982018835896745657e+00
2.018000000000000000e+03, 4.295562059946861133e+00, 5.076413787461799387e+00, 5.120190141271503848e+00, 4.111812124872165519e+00, 5.962121901364597854e+00, 5.920119266132446434e+00, 6.062027202082250987e+00, 5.164997900976114664e+00, 5.626733460665281683e+00, 5.134198290543295684e+00, 3.041478536890382056e+00, 3.776627207787814910e+00, 4.525420267333630342e+00, 3.336284330399012177e+00, 4.246483954745177591e+00, 4.654288538832695110e+00
2.019000000000000000e+03, 4.199375834752950176e+00, 5.088664209182287124e+00, 4.929628900025964100e+00, 4.185113144043432598e+00, 6.003234531486838499e+00, 6.344086528429682126e+00, 6.006272855995590021e+00, 4.998144019320355902e+00, 5.737039543729069990e+00, 5.226309189820971035e+00, 3.025837631499265878e+00, 3.699169477403934980e+00, 4.517181566516031310e+00, 3.389574359765981981e+00, 4.366639871295269870e+00, 4.311119612175971838e+00
2.020000000000000000e+03, 4.322990739209015665e+00, 5.333742707072760325e+00, 5.177469985633438299e+00, 4.194453732200368989e+00, 6.283159707099981617e+00, 6.100661703568548866e+00, 6.138237181077346172e+00, 5.111611525665175293e+00, 5.937638626080633308e+00, 5.185391210799530803e+00, 2.889135776034079228e+00, 3.675050640273689329e+00, 4.517731745642653785e+00, 3.260391704568305737e+00, 4.058389004528502930e+00, 4.436726470501549890e+00
2.021000000000000000e+03, 4.712738799071075846e+00, 5.271516013428888314e+00, 5.166833406837560538e+00, 4.243517105785786114e+00, 6.837592915056216469e+00, 6.489444019007470033e+00, 6.268214075748501202e+00, 5.081745697020571662e+00, 5.882367137921374223e+00, 4.978632493404789194e+00, 3.067479289242302176e+00, 3.920282903096500959e+00, 4.733127589375648370e+00, 3.270862225740533535e+00, 4.551814496665315346e+00, 4.908462457288855774e+00
2.022000000000000000e+03, 4.445153905655477189e+00, 5.082147786654506838e+00, 4.775858030344917182e+00, 4.202177281788888941e+00, 6.369575497477967474e+00, 6.503061246024379294e+00, 6.095225630523744442e+00, 5.112595870594338621e+00, 5.691191399820200836e+00, 5.389736529248544628e+00, 3.175790226722774889e+00, 3.971996798369196391e+00, 4.660059849552097511e+00, 3.343536486328817947e+00, 4.219095135863669910e+00, 5.014021683782756256e+00
2.023000000000000000e+03, 4.643649650110318383e+00, 5.160163137995494864e+00, 4.992715049601709865e+00, 4.247295053046692637e+00, 6.366666342487818930e+00, 6.255377360603728398e+00, 5.916731996001473703e+00, 5.256791877731754603e+00, 5.712426852065625837e+00, 5.317097935179489809e+00, 3.389209132459669149e+00, 3.887582968356049218e+00, 4.598400919026395250e+00, 3.492975959492943705e+00, 4.581572077733711446e+00, 5.142711094040478770e+00
2.024000000000000000e+03, 4.633972496682272180e+00, 5.147965842532070901e+00, 5.093743956713836951e+00, 4.066522261709656583e+00, 6.490356541338712759e+00, 6.203681018186978591e+00, 6.091143376389752007e+00, 5.324537006978936837e+00, 5.738203344892393254e+00, 5.450508142499685071e+00, 3.288730401632026457e+00, 4.026869597004051116e+00, 4.764698008565032339e+00, 3.371778577099021401e+00, 3.929313865880659229e+00, 4.537968904357924771e+00
2.025000000000000000e+03, 4.413832803810697314e+00, 5.225652850754132217e+00, 5.121891827009647180e+00, 4.184824348444331932e+00, 6.460462300499442811e+00, 6.469142381709264811e+00, 6.132695933948558498e+00, 5.233574518242751772e+00, 5.883191978702130065e+00, 5.493148840889367612e+00, 3.196522598331942522e+00, 4.169228804945246836e+00, 4.788472767929284224e+00, 3.548823314681678109e+00, 4.515768302132524781e+00, 4.736347999568405243e+00
2.026000000000000000e+03, 4.599801441886937070e+00, 5.280331476191737927e+00, 5.045331213162040918e+00, 4.249309946302786578e+00, 6.590809797484714849e+00, 6.514156374541734351e+00, 6.327581314375697374e+00, 5.308381125008436285e+00, 5.867072586221268260e+00, 5.272857129926614483e+00, 3.200676702149359176e+00, 4.188544042651648702e+00, 4.828008033813535604e+00, 3.565083407673605986e+00, 4.235186820488081594e+00, 4.780241821647819300e+00
2.027000000000000000e+03, 4.542348922428085523e+00, 4.994090527972785409e+00, 4.906158066991642919e+00, 4.339481566869815232e+00, 6.535548670657814085e+00, 6.354190764995482077e+00, 6.261051128410520583e+00, 5.291443615965772729e+00, 6.359265087312512499e+00, 5.245375713231443804e+00, 3.256362005394183079e+00, 4.043570869657755473e+00, 4.603727333700739166e+00, 3.706684591000786622e+00, 4.210585055106158769e+00, 5.167376517471278241e+00
2.028000000000000000e+03, 4.729255666404132086e+00, 5.106298397423810975e+00, 5.207038026596945812e+00, 4.426902272320577758e+00, 6.552308827118659806e+00, 6.195167306207409297e+00, 6.278274318220749883e+00, 5.503383686862089341e+00, 5.812200437476901627e+00, 5.568708449236829949e+00, 3.267303119488520480e+00, 4.117584802883350825e+00, 5.172757621594545441e+00, 3.484649777886830613e+00, 4.526104459029524740e+00, 5.150162050575092465e+00
2.029000000000000000e+03, 4.635659799419991955e+00, 5.294537040801379213e+00, 5.028239722825587954e+00, 4.128463218442358418e+00, 6.572210074573942684e+00, 6.461821771760269506e+00, 6.367263203339605937e+00, 5.174629796132330206e+00, 5.725143304645830433e+00, 5.552768028274366330e+00, 3.409819021952706031e+00, 4.073472043306261448e+00, 5.089289386963685047e+00, 3.673403665740478719e+00, 4.480642073862455277e+00, 4.770627682299656058e+00
2.030000000000000000e+03, 4.587827605613363779e+00, 5.548543531087358538e+00, 5.263918813188974255e+00, 4.204444113713585729e+00, 6.604713230653018741e+00, 6.435914915158252647e+00, 6.353477068269643979e+00, 5.458232133300215061e+00, 6.066125958008057317e+00, 5.505103574016575685e+00, 3.177326412840971059e+00, 4.189443699904656704e+00, 4.916740009097353870e+00, 3.572591869355318028e+00, 4.523347888359560365e+00, 5.160507383136775594e+00
2.031000000000000000e+03, 4.914702942858472312e+00, 5.097802786514304074e+00, 5.202645958621864963e+00, 4.324491008586417884e+00, 6.289059407088936737e+00, 6.516052325979108772e+00, 6.585936993284242646e+00, 5.419875920585372597e+00, 6.044504243011875388e+00, 5.148395689019357846e+00, 3.267906346566319620e+00, 4.100777059870009289e+00, 4.827855415218166080e+00, 3.637826943814987501e+00, 4.533142178700744651e+00, 4.970230251186507964e+00
2.032000000000000000e+03, 4.517307388475194863e+00, 5.112148706787545294e+00, 5.124389965382651013e+00, 4.452577114474816078e+00, 6.627265476413768397e+00, 6.397578423289223437e+00, 6.421007533822054469e+00, 5.317137864006368453e+00, 6.226159768009371653e+00, 5.693174738601340934e+00, 3.390374944394290768e+00, 4.050334077998916982e+00, 4.915245251405417015e+00, 3.590037935700172600e+00, 4.211880695540595632e+00, 4.816198922749984845e+00
2.033000000000000000e+03, 4.690949116389152351e+00, 5.496015640864922780e+00, 5.409557509689323140e+00, 4.425772566106692452e+00, 6.775329864019738579e+00, 6.601095340187228544e+00, 6.689217884445211482e+00, 5.117327173402796525e+00, 6.045424831541211574e+00, 5.552797421178842896e+00, 3.394057929924254147e+00, 4.215091587425535913e+00, 5.181556353078478061e+00, 3.697301128587462404e+00, 4.411170797635660001e+00, 4.949939963537108412e+00
2.034000000000000000e+03, 4.963661840852762630e+00, 5.579445648949543646e+00, 5.518219446613321644e+00, 4.461182380818848436e+00, 6.865995096302301981e+00, 6.659669193188938685e+00, 6.456750021164481268e+00, 5.643073159637051361e+00, 6.114036029119544580e+00, 5.507469066254416568e+00, 3.339180168077046318e+00, 4.313979959158523947e+00, 4.787133548558283103e+00, 3.637264631398577475e+00, 4.532070760082095084e+00, 5.268911574019632837e+00
2.035000000000000000e+03, 4.816624660757280907e+00, 5.551548503035107274e+00, 5.437278996706124801e+00, 4.531516774074788145e+00, 6.996231635304654972e+00, 6.733479068332491657e+00, 6.529872910011307319e+00, 5.603406671080747969e+00, 5.967716469843393767e+00, 5.800575876953703691e+00, 3.182568713751226852e+00, 4.204255299369507703e+00, 4.973083869292118209e+00, 3.660156470094645176e+00, 4.574367155750038272e+00, 5.356131902187692084e+00
2.036000000000000000e+03, 4.991781659127708437e+00, 5.502312590928014835e+00, 5.524310260276570794e+00, 4.551368945220490403e+00, 7.000478534298848921e+00, 6.757860985843351820e+00, 6.752507528692865080e+00, 5.760458342102768192e+00, 6.264444234694548364e+00, 5.736740107834178204e+00, 3.361820404610935675e+00, 3.892931425865508110e+00, 4.974564763616628582e+00, 3.732694008991528811e+00, 4.809885606931392665e+00, 4.761295622658725080e+00
2.037000000000000000e+03, 4.609238866452187722e+00, 5.417194505657447756e+00, 5.506565720895923555e+00, 4.339064498721239005e+00, 6.559501026052062755e+00, 6.638441072820620015e+00, 6.822750538711136237e+00, 5.793202948445953737e+00, 6.206391631607302450e+00, 5.486098339049824801e+00, 3.419202362195816303e+00, 4.377838716947596076e+00, 5.077971072521890505e+00, 3.797799033266088031e+00, 4.940173167316697977e+00, 5.141472255894796284e+00
2.038000000000000000e+03, 4.886969233680281910e+00, 5.413958193340025815e+00, 5.417191979665256341e+00, 4.333059672459018685e+00, 6.732808761864063740e+00, 6.718723665205869722e+00, 6.727418494182601627e+00, 5.697136297715385211e+00, 6.249705189002707328e+00, 5.695176845674669863e+00, 3.405694502719367467e+00, 4.318391966636045964e+00, 4.937311105242435438e+00, 3.685187439535089204e+00, 4.410118256226389200e+00, 5.138157430244835844e+00
2.039000000000000000e+03, 4.995070662543490414e+00, 5.638037201359884953e+00, 5.508951901102741466e+00, 4.352505632920732559e+00, 6.924030387179444190e+00, 6.705769081497676254e+00, 6.577732876542280671e+00, 5.765763406773544375e+00, 6.197146378829274660e+00, 5.673198698748406876e+00, 3.498086462531910801e+00, 4.144277104959275704e+00, 5.239589991104088185e+00, 3.826469487896517307e+00, 4.570604998223195992e+00, 5.545839251818756921e+00
2.040000000000000000e+03, 5.058579283037069274e+00, 5.870212554005910910e+00, 5.367777998645916426e+00, 4.429411081467345745e+00, 6.810119229405361629e+00, 6.625978163546045963e+00, 6.829990100902424643e+00, 5.786579841941802194e+00, 6.346988869136689360e+00, 5.638357350374501920e+00, 3.437728254191707578e+00, 4.048950182540635545e+00, 5.074346183983852399e+00, 3.897377698102888921e+00, 4.833466021079252606e+00, 5.022748548479409436e+00
2.041000000000000000e+03, 4.692078299031051891e+00, 5.728361108808972091e+00, 5.400128621161304210e+00, 4.413531410490984186e+00, 6.331994504489528275e+00, 6.759023279709838405e+00, 6.874176211397546865e+00, 5.732893769150711805e+00, 6.393499325148430223e+00, 5.178231379848278415e+00, 3.597973157511131781e+00, 4.540742974945424670e+00, 5.331225452045829094e+00, 3.928837424107129994e+00, 4.901576778291955705e+00, 5.199604130933391133e+00
2.042000000000000000e+03, 4.886822980770663349e+00, 5.673032031404482645e+00, 5.680232798291136476e+00, 4.543511399398123096e+00, 6.748051964422906224e+00, 6.711408849215604988e+00, 6.803783616396076539e+00, 5.625872386073605291e+00, 6.447289144935214544e+00, 5.604571095172196316e+00, 3.506037619384069437e+00, 4.448114657424737217e+00, 5.305909635722190210e+00, 4.127166467200112265e+00, 4.832767997080236633e+00, 5.316018836062275987e+00
2.043000000000000000e+03, 4.993297497891864722e+00, 5.732546215364510367e+00, 5.513978941594011474e+00, 4.351926932973330331e+00, 7.330718968457889062e+00, 7.003147771424267809e+00, 6.955662442749664720e+00, 5.617838719327511221e+00, 6.567203186040144303e+00, 5.850995023945920082e+00, 3.542800149023193512e+00, 4.749316004584785311e+00, 5.297910406411201478e+00, 4.018172696006427458e+00, 4.987288416545059277e+00, 5.055135524237814870e+00
2.044000000000000000e+03, 4.955179570203005923e+00, 6.008306819866237269e+00, 5.652782822015687714e+00, 4.414517982754963654e+00, 6.914460097542927564e+00, 6.602719348403200961e+00, 6.689707263225101563e+00, 5.847487048778299723e+00, 5.993052596677158839e+00, 6.003637858776781577e+00, 3.385700476630910671e+00, 4.409468726744701250e+00, 5.307829054582352768e+00, 4.170084476235688342e+00, 4.351644441987858158e+00, 5.884435624873782800e+00
2.045000000000000000e+03, 5.112226191589059887e+00, 5.739698726895173131e+00, 5.609661660787825355e+00, 4.577019051075818190e+00, 6.819387761538214576e+00, 7.150514997851754373e+00, 6.591219104226016867e+00, 5.850443040330383759e+00, 6.183590278123140216e+00, 5.468359541843810234e+00, 3.434400382862999646e+00, 4.039230216547464281e+00, 5.562365952805255809e+00, 4.148472209735212246e+00, 5.102602402770874512e+00, 5.860558971062327593e+00
2.046000000000000000e+03, 5.016688287351854569e+00, 5.860857444293591456e+00, 5.568339910620102806e+00, 4.508666673725933549e+00, 6.661081350493143205e+00, 6.948005262115590774e+00, 6.691457867799137205e+00, 5.900123674461186241e+00, 6.330225501142224154e+00, 6.288158364460022298e+00, 3.499484330586501102e+00, 4.045921456126141180e+00, 5.246801313447488013e+00, 4.228474370943447802e+00, 4.776665233188060355e+00, 4.986495781177016973e+00
2.047000000000000000e+03, 4.829199355867194399e+00, 5.975677829876814506e+00, 5.993004305540589272e+00, 4.517650833253879838e+00, 7.112746214478580242e+00, 6.804650146546229905e+00, 6.770079555419254547e+00, 6.002438100033002932e+00, 6.670818120736373480e+00, 5.802107642535836440e+00, 3.578538372360432707e+00, 4.279927343387456062e+00, 5.478235268531049584e+00, 4.123913532067764010e+00, 4.935604226895017987e+00, 5.341470422525908646e+00
2.048000000000000000e+03, 5.003791036130537329e+00, 6.031001048380487894e+00, 5.928448622886118180e+00, 4.645170973548031768e+00, 7.250064711765754843e+00, 7.152579834149717541e+00, 6.854756403848459634e+00, 5.904708432255988626e+00, 6.269090798201795600e+00, 5.936345950636980895e+00, 3.600278376626122601e+00, 4.293683285237980485e+00, 5.516370601088299352e+00, 3.952069537272221655e+00, 4.977166963819378509e+00, 5.397085475061340176e+00
2.049000000000000000e+03, 5.182616343972359374e+00, 5.881419322573898434e+00, 5.985549864993926938e+00, 4.628626095978024324e+00, 7.142001452906964865e+00, 7.071489390549934306e+00, 6.931895932927776727e+00, 5.509634528655741548e+00, 6.718040999073521924e+00, 5.718389456651767233e+00, 3.362491424224468339e+00, 4.180320185718075621e+00, 5.469930463515120245e+00, 4.313068336951136672e+00, 5.352761399776301943e+00, 5.358719214871622505e+00
2.050000000000000000e+03, 5.067931858562917391e+00, 6.025323800215478975e+00, 5.679465340819997543e+00, 4.504578431166837760e+00, 7.449269134737495079e+00, 6.874181294000243803e+00, 7.034058327600179794e+00, 6.116079127791422820e+00, 6.632989986137403982e+00, 5.753502012952690592e+00, 3.573646161723856629e+00, 4.244849106933222593e+00, 5.513709122371611038e+00, 4.265454405825191309e+00, 4.960012667265935704e+00, 5.817107068153494431e+00
2.051000000000000000e+03, 5.167497826259309868e+00, 5.699448077708681559e+00, 5.643561370069874350e+00, 4.673089663260168614e+00, 7.463621538469726424e+00, 6.888304392614238658e+00, 7.031946068556279350e+00, 5.813078806809405918e+00, 6.693321470103131610e+00, 5.784032139205052658e+00, 3.500288287066857240e+00, 4.624855802571340213e+00, 5.626384027151043021e+00, 4.673161888560347421e+00, 4.959758798716589645e+00, 5.363925795215956249e+00
2.052000000000000000e+03, 5.148297110784944230e+00, 5.977603495645782417e+00, 5.719509066589671065e+00, 4.540997049765383764e+00, 7.079864683671033276e+00, 7.122245929067736903e+00, 6.947096388491871721e+00, 5.817299111236104991e+00, 7.025981062956770273e+00, 5.790809669075863475e+00, 3.596271128111702797e+00, 4.612994020534823214e+00, 6.107379399527027353e+00, 4.537749089610652042e+00, 5.082134522852230774e+00, 5.539356116897049098e+00
2.053000000000000000e+03, 5.111064667972764042e+00, 6.109800386881817147e+00, 5.686158329616280760e+00, 4.515095230132586401e+00, 7.571967383567567822e+00, 7.167838794274679515e+00, 7.148911421795823173e+00, 6.216697024469931776e+00, 7.116225744888682314e+00, 6.138714919582429985e+00, 3.734434512071755030e+00, 4.502692041163578907e+00, 5.667350539824355771e+00, 4.266065534619778887e+00, 4.717750085333047849e+00, 5.508968494106411207e+00
2.054000000000000000e+03, 4.920394764010074695e+00, 6.163442058950402647e+00, 5.471241263597367066e+00, 4.492161422779903823e+00, 7.433013202675867070e+00, 7.111971550876442727e+00, 6.949258358199217334e+00, 5.905356682604202767e+00, 6.820091360420807547e+00, 6.113534186809720161e+00, 3.685565915408657744e+00, 4.347422924826999768e+00, 5.535700924164543402e+00, 4.678218979449519033e+00, 5.488927233215170176e+00, 5.818408785624496815e+00
2.055000000000000000e+03, 5.307692735762059577e+00, 5.812928172617417566e+00, 5.882779975617872026e+00, 4.559272044112343103e+00, 7.689221379750899033e+00, 7.167805142375305749e+00, 7.007669579200120680e+00, 6.267952334910612322e+00, 6.614790232606374332e+00, 5.895386517248695668e+00, 3.716475710484943296e+00, 4.716764565740941606e+00, 5.586192589282758192e+00, 4.765935883350029378e+00, 4.529297436484804429e+00, 5.624674123696227213e+00
2.056000000000000000e+03, 5.123948890783257326e+00, 5.909776977689426225e+00, 5.840464500575675899e+00, 4.533576241129665618e+00, 7.456550561323784798e+00, 7.193139184475920267e+00, 7.102479456460208951e+00, 6.011981391266568941e+00, 6.921648182898916701e+00, 5.876209740507569279e+00, 3.628167980226539413e+00, 4.788777776837370048e+00, 5.612917986441556373e+00, 4.637068735261113517e+00, 5.615317714056091702e+00, 5.531972242236526505e+00
2.057000000000000000e+03, 4.880987995900048837e+00, 6.191496921753003591e+00, 5.641583601562147443e+00, 4.404085012732673832e+00, 7.519218972440655513e+00, 7.218152566286963001e+00, 7.101370431323472232e+00, 6.197662008756616103e+00, 7.083387917220234975e+00, 6.082151362891822899e+00, 3.796921900031206665e+00, 4.588328709983206188e+00, 5.968131269412192630e+00, 4.893251637171958102e+00, 5.030819331856313248e+00, 5.940374353029322485e+00
2.058000000000000000e+03, 5.566530807694586969e+00, 6.014733774016846723e+00, 6.409987661964141381e+00, 4.355827006487889896e+00, 7.165393440721844698e+00, 7.426160337205866213e+00, 6.803072764547789752e+00, 6.132462803619102232e+00, 7.177915943227388240e+00, 6.014415717952098284e+00, 3.785493486455449030e+00, 4.748415235766875853e+00, 5.823921997174999809e+00, 4.926614204675953346e+00, 5.322442904857966894e+00, 5.585179299061944214e+00
2.059000000000000000e+03, 5.322596390142923184e+00, 6.307644465368059450e+00, 6.200166190940885613e+00, 4.496051866414001452e+00, 7.341130247732389869e+00, 7.144130693679327848e+00, 7.114110064450378523e+00, 5.854383467177659561e+00, 7.443576801733438941e+00, 6.138776981755962758e+00, 3.729786520130072613e+00, 4.692892023750123265e+00, 6.086589066952707405e+00, 4.521483714038335933e+00, 5.326056535293217209e+00, 5.127714462966439513e+00
2.060000000000000000e+03, 4.987861498632371493e+00, 5.924222088671046826e+00, 6.012462342641313739e+00, 4.546935042995567500e+00, 7.223575888162368841e+00, 7.329737118902269088e+00, 7.335558624272318085e+00, 6.129346499681974869e+00, 7.286301432226640173e+00, 5.863947526768395591e+00, 3.690989055859495327e+00, 4.766768846557988049e+00, 6.139615943315874347e+00, 4.997225280429233862e+00, 5.209189864582110197e+00, 5.647686376858353619e+00
2.061000000000000000e+03, 5.143106746823201014e+00, 6.115944336938767378e+00, 6.205984433286040769e+00, 4.624838054078288963e+00, 7.547645949041403846e+00, 7.247030439428361781e+00, 7.333637430442107252e+00, 6.129556017853021288e+00, 7.165811001544708070e+00, 5.898765893242005731e+00, 3.740003144687972014e+00, 4.707892371271086951e+00, 5.984193605631467960e+00, 5.125907045056289135e+00, 5.011488088422329845e+00, 5.991757630492615228e+00
2.062000000000000000e+03, 5.534724083500818459e+00, 6.202593328298047659e+00, 5.879312311250299850e+00, 4.631463165584470687e+00, 8.092725503274662557e+00, 7.222034418708791925e+00, 7.151675095113724900e+00, 6.118057208144811021e+00, 7.306886608657325866e+00, 6.300123003832726276e+00, 3.751995289176911719e+00, 4.722158891948063264e+00, 6.237641660405241595e+00, 4.691133189251803337e+00, 5.355892324345022715e+00, 5.914300048428192902e+00
2.063000000000000000e+03, 5.554592846133003192e+00, 6.074009262694922029e+00, 6.125716637682931065e+00, 4.530057913390439950e+00, 7.644440697205461710e+00, 7.257176971355237427e+00, 6.906394821866967071e+00, 6.026451077567422487e+00, 7.334425877921802339e+00, 6.306679250369334966e+00, 3.648601657827062361e+00, 5.084043946533259195e+00, 6.352721774628189877e+00, 5.240667416189030092e+00, 5.528263915952932983e+00, 5.273941773622508045e+00
2.064000000000000000e+03, 5.135659035846513731e+00, 6.236726325061662912e+00, 6.046941361872849363e+00, 4.688717992585416106e+00, 7.239948239681540443e+00, 7.454430049401810088e+00, 7.193914299774156973e+00, 6.141818338413077782e+00, 7.480059524771429658e+00, 6.295202406598244593e+00, 3.787051098901341284e+00, 4.697764994316257159e+00, 6.475113801367724520e+00, 4.702092985151632654e+00, 5.145181979026537178e+00, 5.529192961487647828e+00
2.065000000000000000e+03, 5.315422101420230305e+00, 6.230822577847335175e+00, 6.458727064522781447e+00, 4.635358574179972102e+00, 7.886700162612517495e+00, 7.413912160920535399e+00, 7.064345963337286705e+00, 6.074100972341685001e+00, 7.336691905440088313e+00, 6.174704330481264769e+00, 3.725980035024777148e+00, 5.137501923352826516e+00, 6.299936079113378717e+00, 5.011955842826584906e+00, 5.580905813281598959e+00, 6.014960880279476285e+00
2.066000000000000000e+03, 5.289768646569003252e+00, 6.133624340534241881e+00, 6.148380737922851225e+00, 4.692814433178594591e+00, 7.628142708624120694e+00, 7.376063954367426234e+00, 7.149596085714044591e+00, 6.300963541528539658e+00, 7.372673697590059305e+00, 6.349658780085891685e+00, 3.921583633964389470e+00, 5.257235299187930977e+00, 6.113673430062893210e+00, 5.123867600234593311e+00, 5.487617880759050770e+00, 5.707954823011001544e+00
2.067000000000000000e+03, 5.453378664386392849e+00, 6.360399072746913518e+00, 6.261162742483850963e+00, 4.617582355213520451e+00, 7.915078643440975448e+00, 7.406045914288217347e+00, 7.088897731205063835e+00, 6.370749963883826972e+00, 7.306233473292732761e+00, 6.382476381659675901e+00, 3.854077904447531289e+00, 5.116289780265210752e+00, 6.424658183999910399e+00, 5.039737037545087617e+00, 5.406041829625118034e+00, 5.674491866418686747e+00
2.068000000000000000e+03, 5.465056453013498405e+00, 6.364948222188242077e+00, 6.234669246843313140e+00, 4.675344377685892283e+00, 7.703178485859472069e+00, 7.381348072140681893e+00, 7.203426186105024165e+00, 6.016675297386663956e+00, 7.421976542310158464e+00, 6.255491194129455756e+00, 3.781389589730964840e+00, 5.223794142736557511e+00, 6.558390244817601911e+00, 5.060722073861855463e+00, 5.549447153659092358e+00, 5.341389589249802228e+00
2.069000000000000000e+03, 5.225690394349408407e+00, 6.430335512068877435e+00, 5.877892794600843018e+00, 4.608557885820134814e+00, 7.772145755672132061e+00, 7.416367681878849538e+00, 7.376770876583481851e+00, 6.237383831107637278e+00, 7.398495009379063347e+00, 6.125829445161927289e+00, 3.876291288162768023e+00, 5.116218903337991897e+00, 6.665169448937790619e+00, 5.383022026348681877e+00, 5.923783756865435457e+00, 6.523584506798824734e+00
2.070000000000000000e+03, 5.208764848421642668e+00, 6.335158500116781610e+00, 6.239421954689264638e+00, 4.652799680048213204e+00, 8.015510817367161422e+00, 7.322106873294025320e+00, 7.265776791938759693e+00, 6.482652744133816647e+00, 7.428622506099588740e+00, 6.344459257116455753e+00, 4.008196755079480589e+00, 5.183168590450604185e+00, 6.164323907287227122e+00, 5.088537378891280660e+00, 5.448229431853068405e+00, 6.260098470941606763e+00
2.071000000000000000e+03, 5.388484864711151623e+00, 6.076529468449465732e+00, 6.176997879740450337e+00, 4.592136879749024736e+00, 7.910136324050778711e+00, 7.587103592802248997e+00, 7.399634408555638032e+00, 6.482607450798125726e+00, 7.759016455882227881e+00, 6.354180089500355066e+00, 3.799037951997350948e+00, 4.927949950169638882e+00, 6.091530894231520499e+00, 5.427113580010632710e+00, 5.770328357248786233e+00, 5.792280069315022928e+00
2.072000000000000000e+03, 5.311215664376460310e+00, 6.184163699343256049e+00, 6.207877829870628084e+00, 4.634188540901281961e+00, 7.799376819927696936e+00, 7.525469731258698225e+00, 7.527205477838426084e+00, 6.142372439713934540e+00, 7.267583208624380120e+00, 6.541558659899888717e+00, 3.937223287792278814e+00, 5.014004995521851527e+00, 6.221745661939801941e+00, 5.257466457317212516e+00, 5.151332618829026266e+00, 5.541976156395312714e+00
2.073000000000000000e+03, 5.539977503932004943e+00, 6.473617866153916545e+00, 6.302616050897105637e+00, 4.626918691947432549e+00, 8.326626863123340883e+00, 7.655376643272216342e+00, 7.449858908810700342e+00, 6.509279586220215741e+00, 7.726409851939554763e+00, 6.415051545891341078e+00, 3.943169542454602272e+00, 5.097888106837701550e+00, 6.504502974231434642e+00, 5.326370726397159139e+00, 5.800217812621023761e+00, 6.155030195275260851e+00
2.074000000000000000e+03, 5.466506237943615787e+00, 6.722695898684251326e+00, 6.506274436602239142e+00, 4.620616969070430180e+00, 7.855319833254940320e+00, 7.699044046688962695e+00, 7.438320643899706930e+00, 6.766301247712354971e+00, 7.737831486894771515e+00, 6.803618436394192059e+00, 3.859584948725378162e+00, 4.999036221998423457e+00, 6.620627814058110516e+00, 5.408799588499054067e+00, 5.735493495426602806e+00, 5.742338494870878662e+00
2.075000000000000000e+03, 5.307930985005170577e+00, 6.299368974513063435e+00, 6.189537328893440993e+00, 4.642105983344226416e+00, 8.105397268950493839e+00, 7.540951897865895148e+00, 7.527106437892077118e+00, 6.395212933176082970e+00, 7.752073886943311898e+00, 6.425539745576284822e+00, 3.813592204445168665e+00, 5.256029475754344205e+00, 7.011572098218180393e+00, 5.875220994008368613e+00, 5.521561501094541136e+00, 5.967018320621733984e+00
2.076000000000000000e+03, 5.441090546597354916e+00, 6.700128574180377328e+00, 6.532212257950295253e+00, 4.777078352154252805e+00, 8.416069355552645348e+00, 7.711766799463545041e+00, 7.407804517898776808e+00, 6.477413394206736008e+00, 7.750600437101957674e+00, 6.603658318979291231e+00, 3.951336226061578305e+00, 5.241897340735460986e+00, 6.775379464008032926e+00, 5.890462291623439484e+00, 5.363506608109713802e+00, 6.294067903910796069e+00
2.077000000000000000e+03, 5.348734608135797153e+00, 6.471853627836224199e+00, 6.615375489800260134e+00, 4.708327322903951284e+00, 7.872714820285872328e+00, 7.830103736835456907e+00, 7.360956640156961051e+00, 6.214315405460425268e+00, 7.969219772632841092e+00, 6.561771015647241079e+00, 4.142933270980249105e+00, 5.122442081197200459e+00, 6.823660618392098698e+00, 5.878922229995523274e+00, 6.028830282604094037e+00, 6.090094083653516677e+00
2.078000000000000000e+03, 5.437442830336582489e+00, 6.614980091631116110e+00, 6.689871893795341862e+00, 4.453103870913275308e+00, 7.814639678255391964e+00, 7.651446337029666367e+00, 7.727593175747687226e+00, 6.348135846541205218e+00, 7.842870867572433013e+00, 6.308139917168149147e+00, 4.128481660217072857e+00, 5.343093014130058549e+00, 6.988041030994855518e+00, 5.917771636629565180e+00, 6.174403313072126309e+00, 5.522389596332746287e+00
2.079000000000000000e+03, 5.650154094137343819e+00, 6.723276763719228555e+00, 6.477863914446918336e+00, 4.781222895036267850e+00, 8.395423360223595921e+00, 7.533379928100743861e+00, 7.409486460462330726e+00, 6.422517667033090127e+00, 7.895584392306544075e+00, 6.426612892363424479e+00, 4.042056097047238339e+00, 5.546948890030642509e+00, 7.234486851799283080e+00, 6.126460501079957766e+00, 5.654952372349238310e+00, 5.832699887705136810e+00
2.080000000000000000e+03, 5.458510710216183170e+00, 6.471856581179850743e+00, 6.505141179220276904e+00, 4.697208485860331351e+00, 8.352909967379323675e+00, 7.563683896754146652e+00, 7.672444330407544477e+00, 6.528777250599755888e+00, 7.898263709843147851e+00, 7.004046700435626605e+00, 4.207826116526073967e+00, 5.535820099997918575e+00, 6.946141944090545195e+00, 5.967399817998725986e+00, 5.641411599992453674e+00, 5.805867532146800514e+00
2.081000000000000000e+03, 5.777434356839685314e+00, 6.643989084620618435e+00, 6.489725914492573189e+00, 4.521469449399814877e+00, 8.579551976153393156e+00, 7.785328006822814118e+00, 7.683907829569413650e+00, 6.764304869786802676e+00, 8.118274140306724007e+00, 6.651083701895345257e+00, 4.087504384241248623e+00, 5.665021642103875266e+00, 7.274785939723194872e+00, 5.821253574943110465e+00, 6.156633558179850141e+00, 6.275943323132796792e+00
2.082000000000000000e+03, 5.531250235244093538e+00, 6.673347155040862511e+00, 6.376997712492584292e+00, 4.776252771589001966e+00, 8.293208627209933681e+00, 7.790800433850947115e+00, 7.536896590160622189e+00, 6.446006989578719981e+00, 7.899366895018939516e+00, 6.756218226932121595e+00, 3.998099638324279059e+00, 5.264967218878505051e+00, 7.178884541600466740e+00, 5.959304123659203256e+00, 5.717141900013299249e+00, 6.375953048381482802e+00
2.083000000000000000e+03, 5.427753693598956097e+00, 6.591754881417571710e+00, 6.591354181965498604e+00, 4.703446734577844346e+00, 8.239620717058723898e+00, 7.735673888277173837e+00, 7.679208248580526863e+00, 6.897851490838930566e+00, 8.044409115160345181e+00, 6.706933422837616732e+00, 3.925559063753397027e+00, 5.586636778274933768e+00, 6.920852125045356296e+00, 6.132780172552411813e+00, 5.997149088231155112e+00, 5.994605681581458789e+00
2.084000000000000000e+03, 5.741318451985969240e+00, 6.462634982865803401e+00, 6.507236148599204739e+00, 4.637213352690395141e+00, 8.135446498366597723e+00, 7.757478193832159974e+00, 7.626318575697333735e+00, 6.797671547446569207e+00, 7.954846988984937362e+00, 7.125721006172327954e+00, 3.982312107257836686e+00, 5.427605719465445233e+00, 7.169380455448193246e+00, 6.073313281786437479e+00, 6.159276443873172191e+00, 5.692614043325717965e+00
2.085000000000000000e+03, 5.562836477590710871e+00, 6.463050083654800382e+00, 6.758592780995840599e+00, 4.630626430601132881e+00, 8.766806278254703599e+00, 7.873508823353323471e+00, 7.582867130124069099e+00, 6.376282419494954112e+00, 7.917361244372561835e+00, 7.135685576285999865e+00, 3.948978524083387676e+00, 5.499792937903551504e+00, 7.023775298481611529e+00, 6.201898683249484456e+00, 5.917069496947152452e+00, 6.195899320346918593e+00
2.086000000000000000e+03, 5.359631735966862820e+00, 6.471346416555837422e+00, 6.719460008809460483e+00, 4.786072359125724596e+00, 8.193637171082208681e+00, 7.872537380731091439e+00, 7.580613964960844164e+00, 7.036008828896713752e+00, 7.767047663488315656e+00, 7.063246893534948612e+00, 4.064959379272894857e+00, 5.831919694539732468e+00, 7.156270910171752320e+00, 6.060326738517760603e+00, 5.783919636352466753e+00, 6.475259175653489407e+00
2.087000000000000000e+03, 5.780122616911484990e+00, 6.620008249256524202e+00, 6.922057592231682044e+00, 4.817208280592334191e+00, 8.327119656332577335e+00, 7.897104527325573109e+00, 7.725585274956424442e+00, 6.496090073522733377e+00, 8.270126630805650692e+00, 6.638876089261160907e+00, 4.163146311993505044e+00, 5.822555866313057216e+00, 7.162351346276008002e+00, 6.233794069913967562e+00, 5.762012483725347245e+00, 6.610014736843681682e+00
2.088000000000000000e+03, 5.861110621700871270e+00, 6.672870558733776214e+00, 6.765936601933460359e+00, 4.719216467374149460e+00, 8.265843792447050475e+00, 7.925844866810657585e+00, 7.815091540171453133e+00, 6.835019770775700998e+00, 7.979937745925832715e+00, 6.723702645937600586e+00, 4.229798901137924894e+00, 5.651862836490520792e+00, 7.473192828077600325e+00, 6.203479620901418023e+00, 6.014083604003617189e+00, 6.104700733225975284e+00
2.089000000000000000e+03, 5.348610794627476572e+00, 6.682825293677633560e+00, 7.075902531299306908e+00, 4.612588125935608296e+00, 8.403381925722817058e+00, 8.107206390678960872e+00, 7.780645697681122464e+00, 6.836235870532462400e+00, 8.207379393932452416e+00, 7.121313111202231205e+00, 3.996201702158293845e+00, 5.798644027920825117e+00, 7.350004762951674486e+00, 6.343940683840419759e+00, 5.942214299427582169e+00, 5.894011218451738365e+00
2.090000000000000000e+03, 5.336741307134326817e+00, 6.705152043408812546e+00, 6.721059268920418717e+00, 4.612778337215934776e+00, 8.516962933875035446e+00, 7.656689171897031798e+00, 7.926573580347518799e+00, 6.676023225274131612e+00, 8.168788910809620774e+00, 7.091763041348193575e+00, 4.232568917063102454e+00, 5.987154634440404521e+00, 6.948915467879370311e+00, 6.409243612507509624e+00, 6.300218021814336211e+00, 6.547831612174822347e+00
2.091000000000000000e+03, 5.745693399373791088e+00, 6.828922905540026456e+00, 7.195521509331127774e+00, 4.882357299246130822e+00, 8.338736482318145349e+00, 7.862362015876879440e+00, 7.756942608071631717e+00, 6.980150286729576159e+00, 8.183759278954887861e+00, 6.856162685592038564e+00, 4.354639571397239450e+00, 5.707975637712864980e+00, 7.387910649954832820e+00, 6.319823758791995871e+00, 5.825980263263926595e+00, 6.409092160256087745e+00
2.092000000000000000e+03, 5.426143762519485492e+00, 6.719153066911423444e+00, 6.969587865247551584e+00, 4.919901141792473176e+00, 8.476750269703980933e+00, 8.068316052061657473e+00, 7.668458649809049454e+00, 6.623978281452888695e+00, 8.107980722657472938e+00, 7.011770595353435276e+00, 4.223041480911060574e+00, 5.511514910082262908e+00, 7.382027912042474327e+00, 6.454287219766309036e+00, 6.162442139602323898e+00, 6.122766318368271676e+00
2.093000000000000000e+03, 6.143928995389910774e+00, 6.658843461760719507e+00, 6.772866173426270286e+00, 4.824880986189194587e+00, 8.051389751528107652e+00, 8.342427434017618992e+00, 7.683334400660086771e+00, 6.761986985062275579e+00, 8.018352587838874612e+00, 7.167676013727227513e+00, 3.913209411519386283e+00, 6.054812477351706690e+00, 7.551911040933711128e+00, 6.177493321067227150e+00, 6.088251971233270332e+00, 6.340116729131825224e+00
2.094000000000000000e+03, 5.435157931620016925e+00, 6.807119876047696749e+00, 6.691516300899223779e+00, 4.835894178461447979e+00, 8.623178972057827352e+00, 8.088713258310468390e+00, 7.935527233976913841e+00, 7.225268757499981653e+00, 8.183257672438287500e+00, 7.129394609229145807e+00, 4.301530204493917431e+00, 5.941850977772141107e+00, 7.652439759649968032e+00, 6.400863959361521971e+00, 6.384645759557391109e+00, 6.430054243349173859e+00
2.095000000000000000e+03, 5.574501629807159908e+00, 6.999972121889280530e+00, 6.702527107859862276e+00, 4.843651209773653044e+00, 8.913603899981531242e+00, 7.962957523160055118e+00, 7.820990236820613006e+00, 7.065048255447768710e+00, 8.191784956756213987e+00, 7.201131176787873400e+00, 4.327289202242415200e+00, 6.229358655407936318e+00, 7.609347305842891096e+00, 6.416205751438984528e+00, 6.493090828347336974e+00, 6.121435252627748014e+00
2.096000000000000000e+03, 5.634014730537338700e+00, 7.053901692287234404e+00, 6.951728555762743511e+00, 4.505442437835384339e+00, 8.694404057884090875e+00, 8.020730739085754735e+00, 7.848399139588713602e+00, 7.163275289852216510e+00, 8.358207636325532874e+00, 6.997405764267608852e+00, 4.345253562174418605e+00, 6.012369763305855486e+00, 7.850509561365044853e+00, 6.341433146179594971e+00, 6.060807733619992810e+00, 6.269405242313543347e+00
2.097000000000000000e+03, 5.969526618850594879e+00, 6.833773047717958349e+00, 7.085083271580928432e+00, 4.757612450337369125e+00, 8.583973479373979032e+00, 8.097879382190473763e+00, 7.926771806817546562e+00, 6.478608009815256530e+00, 8.220500379574323446e+00, 7.030605017370518794e+00, 4.259190884854715087e+00, 5.870200053150115949e+00, 7.904813856450097376e+00, 6.651571795774323448e+00, 6.072232973300113024e+00, 6.749027498508757716e+00
2.098000000000000000e+03, 5.625720913065887174e+00, 6.748187235133824124e+00, 7.056696481191712778e+00, 4.615873055999751173e+00, 8.955246490246102198e+00, 8.023261313510754889e+00, 8.177235670228727216e+00, 6.960670274263081936e+00, 8.711468000473926665e+00, 7.140766753126590594e+00, 4.260428080663180239e+00, 6.061617734931502355e+00, 8.103746320874394726e+00, 6.645154632960227126e+00, 6.256697704232541568e+00, 6.137223754059178304e+00
2.099000000000000000e+03, 5.919874939717625573e+00, 6.926890031141496706e+00, 7.456169351481648278e+00, 4.688826144998406775e+00, 9.065275292511651983e+00, 8.310451476888635725e+00, 8.105397566869031678e+00, 6.903133447032447911e+00, 8.480445349643133568e+00, 7.468473547296311743e+00, 4.188924943309297433e+00, 6.052870451088426584e+00, 8.148175645353704866e+00, 6.648017561275242571e+00, 6.063548818376709448e+00, 6.656291013727756223e+00
2.100000000000000000e+03, 5.528060573183434911e+00, 6.869923206943670202e+00, 7.383625350268256504e+00, 4.673263482899114862e+00, 9.003920595151440054e+00, 8.140127519428618896e+00, 8.046927234621337632e+00, 6.805528691827953836e+00, 8.578018336150901035e+00, 7.096906825874393476e+00, 4.257522692562803357e+00, 5.863660030842559046e+00, 8.354333968264489485e+00, 6.534244809105767438e+00, 5.883654255861226368e+00, 6.382297493021312107e+00
