year, MIROC-ES2L, EC-Earth3-Veg, GFDL-ESM4, CESM2-WACCM, CMCC-CM2-SR5, TaiESM1, MPI-ESM1-2-LR, CNRM-ESM2-1, IPSL-CM6A-LR, ACCESS-ESM1-5, CanESM5, NorESM2-LM, NorESM2-MM
2.015000000000000000e+03, 7.298965062795301151e+01, 1.180170022900394677e+01, 5.222573927413329642e+01, 7.113009653948942912e+00, 1.042743813946289677e+01, 1.895447358800528059e+00, 5.726168844137465186e+01, 6.627848229895255372e+01, 1.883870237662241820e+01, 1.066672493089497387e+01, 1.755524581631478753e+01, 6.976459533785994260e+00, 7.042357035499571261e+00
2.016000000000000000e+03, 7.318737461839637604e+01, 1.170311290733942045e+01, 5.229930226007532923e+01, 7.032417362568190278e+00, 9.920628201068907970e+00, 1.843308644696896037e+00, 5.729681548442685113e+01, 6.624643018560826135e+01, 1.892163558954037228e+01, 1.069067709324806437e+01, 1.766359323473367482e+01, 7.134338645738561802e+00, 7.182588539735461630e+00
2.017000000000000000e+03, 7.352916687388248818e+01, 1.169681664288379430e+01, 5.218319108183609245e+01, 7.007854813170528274e+00, 1.009565211278870223e+01, 2.060495190850441638e+00, 5.740447208626757458e+01, 6.628641349740368582e+01, 1.906285995478132378e+01, 1.064639894816555277e+01, 1.768292991605266451e+01, 6.914926572247678038e+00, 7.338034354350873478e+00
2.018000000000000000e+03, 7.365142792648688896e+01, 1.180837388829994694e+01, 5.240326515524887441e+01, 6.863582670850939316e+00, 1.017566607953924240e+01, 2.089954945698047517e+00, 5.755950246254619884e+01, 6.610206856408953513e+01, 1.900669494688167660e+01, 1.066173463481203321e+01, 1.782363676008628062e+01, 6.832690507302540794e+00, 7.411200960121267833e+00
2.019000000000000000e+03, 7.355691593879875256e+01, 1.192674654887928831e+01, 5.264342286567873685e+01, 6.916700551096584881e+00, 1.074855552433336392e+01, 1.705786613356652603e+00, 5.773747505848386652e+01, 6.624348634056210017e+01, 1.912001468825213024e+01, 1.063984576271851878e+01, 1.803001270077012208e+01, 6.908530077365042210e+00, 7.345982657364422685e+00
2.020000000000000000e+03, 7.346068925140615136e+01, 1.187818555230366790e+01, 5.277798021724716904e+01, 7.084568027078947061e+00, 1.065152830951076268e+01, 2.049696670638372353e+00, 5.784549854162310112e+01, 6.640437644746320700e+01, 1.914783441828704724e+01, 1.071210335514213341e+01, 1.806523597097702449e+01, 6.986325440415694032e+00, 7.335566563367294179e+00
2.021000000000000000e+03, 7.357056788437816408e+01, 1.202809601784236726e+01, 5.284042090892326371e+01, 7.047461736805790800e+00, 9.784940956460522088e+00, 2.065985932832600902e+00, 5.785416583263838675e+01, 6.678028490215346835e+01, 1.929587527458964757e+01, 1.073055196488662055e+01, 1.795615958769936427e+01, 6.944612909091744335e+00, 7.265360827619507411e+00
2.022000000000000000e+03, 7.378839690227161441e+01, 1.233522110754562640e+01, 5.259402259805467139e+01, 7.083953988743259877e+00, 1.009692844784080279e+01, 1.766869833448798444e+00, 5.787510168725754056e+01, 6.680870203578200517e+01, 1.938792912343014763e+01, 1.067254232047563178e+01, 1.777252129309248474e+01, 6.999470448179078375e+00, 7.385192027622105471e+00
2.023000000000000000e+03, 7.386346073566728876e+01, 1.231736629914920655e+01, 5.278459434093167602e+01, 7.254834847303361478e+00, 1.139902085214411542e+01, 1.889236367505495284e+00, 5.800401731265525029e+01, 6.700653740168566230e+01, 1.946809709074630135e+01, 1.063581751989000779e+01, 1.788418252689743682e+01, 7.152656664536213071e+00, 7.445568725011102451e+00
2.024000000000000000e+03, 7.360181256885702794e+01, 1.201912862498169687e+01, 5.291369471344906827e+01, 7.181192799571293861e+00, 1.117961251753874130e+01, 1.966171898710877164e+00, 5.824998307978786016e+01, 6.695961838562672597e+01, 1.951542328856660191e+01, 1.070418286393326390e+01, 1.776241152569379267e+01, 7.210427858818116320e+00, 7.473427898689188886e+00
2.025000000000000000e+03, 7.347036271352112635e+01, 1.205558176151080829e+01, 5.274752792302631121e+01, 7.096826869051176878e+00, 1.046996267297273420e+01, 1.929067861632581593e+00, 5.826716891041061075e+01, 6.711418983874739297e+01, 1.959272071868062426e+01, 1.076250524805301545e+01, 1.789987995474878701e+01, 7.348833963435650318e+00, 7.458042346998141170e+00
2.026000000000000000e+03, 7.360161256878251379e+01, 1.203026864689497977e+01, 5.278112424505841460e+01, 7.252973446369215260e+00, 1.023936236906939179e+01, 1.895930889172245282e+00, 5.829050214627207538e+01, 6.735829838174014128e+01, 1.970622859415621875e+01, 1.079374762836527957e+01, 1.781283895458011912e+01, 7.216645216663004625e+00, 7.478426871184757019e+00
2.027000000000000000e+03, 7.379337008035048484e+01, 1.203175953336059045e+01, 5.312605023868986365e+01, 7.409443460890343225e+00, 9.990887603846116960e+00, 2.000795275907023996e+00, 5.843626287911516926e+01, 6.730959145604319360e+01, 1.974632137319834868e+01, 1.079468136835108361e+01, 1.793807045745151640e+01, 7.201842515978557735e+00, 7.514764735326458833e+00
2.028000000000000000e+03, 7.370843487675874428e+01, 1.192379636295988199e+01, 5.337988735206497637e+01, 7.269913114500891282e+00, 1.022749689800251893e+01, 1.978009487412838663e+00, 5.857227277270182952e+01, 6.738988461440501965e+01, 1.982476567103891796e+01, 1.081292571462726926e+01, 1.802958049169485122e+01, 7.210671517015763143e+00, 7.438439019197213398e+00
2.029000000000000000e+03, 7.367918335398360341e+01, 1.187354840848977666e+01, 5.351156471647694701e+01, 7.239266920285994722e+00, 1.068349965659106360e+01, 2.137552582194887307e+00, 5.868259838057749533e+01, 6.769121520226407540e+01, 1.987582920513828810e+01, 1.091510089006650297e+01, 1.793240674922152422e+01, 7.247815579476396763e+00, 7.602197749030602303e+00
2.030000000000000000e+03, 7.365961466247469502e+01, 1.172542012632314190e+01, 5.343935763566914687e+01, 7.266975526141970398e+00, 1.054010383253558913e+01, 1.714017407005421045e+00, 5.864503289920675400e+01, 6.785163914221533332e+01, 2.002117365382551029e+01, 1.100572023436377478e+01, 1.783674354987805799e+01, 7.269537275191111370e+00, 7.765451616706737781e+00
2.031000000000000000e+03, 7.389740882185604676e+01, 1.187162523921100288e+01, 5.370188322133549264e+01, 7.315405341727137412e+00, 1.050056660117503071e+01, 1.879469433284554070e+00, 5.858361546694877831e+01, 6.788505515317591232e+01, 2.003311144092873519e+01, 1.102476887785746484e+01, 1.788678133101258894e+01, 7.259798445351504981e+00, 7.631826435874996761e+00
2.032000000000000000e+03, 7.410084344988786142e+01, 1.203569187139964747e+01, 5.400055859536169578e+01, 7.304507642740374784e+00, 1.078940737367649838e+01, 1.983459587284463144e+00, 5.857768829507089947e+01, 6.791781296058303496e+01, 2.015632134900387840e+01, 1.096147745155045250e+01, 1.764392603155835815e+01, 7.252555685458325740e+00, 7.542468928549487472e+00
2.033000000000000000e+03, 7.406336067619558605e+01, 1.207954565492936538e+01, 5.416205519334472029e+01, 7.204579149401174831e+00, 1.025572302835636229e+01, 1.926785815857643192e+00, 5.880553428330703980e+01, 6.816334829701835929e+01, 2.027912929858743496e+01, 1.094204214457550783e+01, 1.769960548022858404e+01, 7.375708979827246381e+00, 7.700812913928714920e+00
2.034000000000000000e+03, 7.411963504155660587e+01, 1.232457172722530991e+01, 5.440023001756845389e+01, 7.192042786233064255e+00, 1.034914043684735141e+01, 1.790385376222477287e+00, 5.895019010650346303e+01, 6.829911468019963650e+01, 2.035249588592693826e+01, 1.089434152912276232e+01, 1.779027277473310420e+01, 7.320570221506885744e+00, 7.775579047849761949e+00
2.035000000000000000e+03, 7.418260724813407592e+01, 1.224135940719661875e+01, 5.495670293297543907e+01, 7.329661319029121991e+00, 1.033315376496900129e+01, 1.850730681356280494e+00, 5.904602286765197050e+01, 6.848759707333992708e+01, 2.041422247107253440e+01, 1.090160934554539374e+01, 1.786124068279904620e+01, 7.266152376624614995e+00, 7.803167884325326042e+00
2.036000000000000000e+03, 7.449128268652825113e+01, 1.195947315039320813e+01, 5.518308396950583727e+01, 7.434143243234265341e+00, 1.047359585607823185e+01, 1.892855410232251456e+00, 5.899509793093513110e+01, 6.845500562954103430e+01, 2.043489042541503409e+01, 1.089609426374556733e+01, 1.786591883552279825e+01, 7.208562152138653367e+00, 7.795951588371986318e+00
2.037000000000000000e+03, 7.462799026425417992e+01, 1.178174505400247440e+01, 5.541784953022645510e+01, 7.441537411799050261e+00, 1.068753297391829449e+01, 1.928461717598264125e+00, 5.908799143069229842e+01, 6.883128730822883767e+01, 2.045117772155661129e+01, 1.085910557732851700e+01, 1.801179774383356147e+01, 7.152436766725622341e+00, 7.694930739070898085e+00
2.038000000000000000e+03, 7.458758935029553072e+01, 1.187659376875886963e+01, 5.574719706395352858e+01, 7.511754919915922812e+00, 1.019360314129760781e+01, 2.043271528513213031e+00, 5.934106398932362936e+01, 6.909569487016182165e+01, 2.047348481397580855e+01, 1.088973118624642922e+01, 1.800886438996460370e+01, 7.169120268698661924e+00, 7.552935192036095202e+00
2.039000000000000000e+03, 7.441997865409224744e+01, 1.196494792899057913e+01, 5.595882091019501559e+01, 7.454612095914384007e+00, 1.022016181284812220e+01, 1.989205122723190611e+00, 5.950875349586583951e+01, 6.921358061643613269e+01, 2.061267691931044510e+01, 1.092943327046581281e+01, 1.807575336471296978e+01, 7.360616092268117860e+00, 7.593344515039675002e+00
2.040000000000000000e+03, 7.460564459395600068e+01, 1.205193064687897575e+01, 5.603275111847555934e+01, 7.633837165783657674e+00, 1.027209722732351338e+01, 2.038528122846991586e+00, 5.960636680694421585e+01, 6.923989757653433230e+01, 2.076335428442423137e+01, 1.094388512928671986e+01, 1.813560511264221731e+01, 7.349807482691207206e+00, 7.691968591441694869e+00
2.041000000000000000e+03, 7.485047295501146891e+01, 1.223206252958280693e+01, 5.613387521435259941e+01, 7.671790851375889453e+00, 1.103527786209411765e+01, 1.746932673522458179e+00, 5.968525440953938954e+01, 6.958841806268178232e+01, 2.092393107613432335e+01, 1.091758381077747231e+01, 1.806577944054878770e+01, 7.351363753558445069e+00, 7.719583160157741375e+00
2.042000000000000000e+03, 7.505756033863573862e+01, 1.205147942954485885e+01, 5.643775408312426123e+01, 7.748228015436963823e+00, 1.070609743434730277e+01, 1.844626925866566181e+00, 5.976605371644192388e+01, 6.965311854197436503e+01, 2.111092542224016810e+01, 1.089561565609391458e+01, 1.799426450935474264e+01, 7.325505948286223479e+00, 7.696586323548094910e+00
2.043000000000000000e+03, 7.492376070214778849e+01, 1.206707957865130076e+01, 5.660947055808453854e+01, 7.802309720857054209e+00, 1.024980191351318481e+01, 1.953086278168190804e+00, 5.971883228709067026e+01, 6.973022931695619775e+01, 2.116023464584788982e+01, 1.087199288892432136e+01, 1.794730021380505747e+01, 7.467928607412483544e+00, 7.723645465025721357e+00
2.044000000000000000e+03, 7.490967422528515840e+01, 1.218129984090453810e+01, 5.675284027850140234e+01, 7.659681208877421099e+00, 1.113441335856933634e+01, 1.851156060947126480e+00, 5.983511291890278017e+01, 7.000249238551339204e+01, 2.107736903584810406e+01, 1.089842327312176273e+01, 1.820376230517470972e+01, 7.552552261698731506e+00, 7.761902169601657242e+00
2.045000000000000000e+03, 7.520920601166557162e+01, 1.200779982696863613e+01, 5.670790625902558446e+01, 7.594825160925089413e+00, 1.097676799002084280e+01, 2.060945649078985031e+00, 5.992449911946190610e+01, 6.992859841672823507e+01, 2.107302041248102142e+01, 1.091547722888354599e+01, 1.817207869745233140e+01, 7.579079955724786544e+00, 7.876975399346428652e+00
2.046000000000000000e+03, 7.550440696312404043e+01, 1.213966204105958546e+01, 5.684997543114744900e+01, 7.525975962072220860e+00, 1.003483821961263622e+01, 2.089286420447817871e+00, 5.994991843141774979e+01, 6.985859462241013773e+01, 2.116736234700634256e+01, 1.094124644792741030e+01, 1.824429410117050665e+01, 7.518598389200608523e+00, 7.946257736036066888e+00
2.047000000000000000e+03, 7.564313123643708536e+01, 1.224774046729104704e+01, 5.692485494984282468e+01, 7.658146527391521907e+00, 1.031999471958600445e+01, 1.787893046042486445e+00, 5.982705683846094757e+01, 7.008179165784258657e+01, 2.110890973626742095e+01, 1.089782190522505445e+01, 1.827501258884841917e+01, 7.475178089628263578e+00, 8.089419563230729082e+00
2.048000000000000000e+03, 7.567250307020314892e+01, 1.213792710104766215e+01, 5.731081370364262284e+01, 7.739111744773500945e+00, 1.041791443697916719e+01, 1.644155082728219863e+00, 5.973601521496400579e+01, 7.036506839461964091e+01, 2.106913828775503816e+01, 1.082152668478797430e+01, 1.856917385822062982e+01, 7.311269413153893559e+00, 8.035644691968851561e+00
2.049000000000000000e+03, 7.584039485990690821e+01, 1.212098686690073457e+01, 5.743330724021783595e+01, 7.580297546245281737e+00, 1.100665630754007118e+01, 1.768702734617239702e+00, 5.979092217434514112e+01, 7.042639123613177787e+01, 2.115875920890162121e+01, 1.078322541879227714e+01, 1.854498781828855769e+01, 7.392781691400201360e+00, 8.077581590600237504e+00
2.050000000000000000e+03, 7.584505847507135456e+01, 1.192924573647645303e+01, 5.763553696357708134e+01, 7.688743641265426199e+00, 1.066444497323551310e+01, 2.038057216525634541e+00, 5.993590416624164163e+01, 7.055308827824613616e+01, 2.119334958551328896e+01, 1.075521825538295495e+01, 1.872642013087199686e+01, 7.528875459966745787e+00, 7.991566430038210100e+00
2.051000000000000000e+03, 7.595807994930439122e+01, 1.195567872365807283e+01, 5.757038489711641915e+01, 7.781124106408684682e+00, 1.068534865480975959e+01, 2.080387202547242964e+00, 5.990925201922308929e+01, 7.070752678814665160e+01, 2.138142369622651273e+01, 1.076837590408871215e+01, 1.872733892725375071e+01, 7.658965986456676589e+00, 7.968839413553326700e+00
2.052000000000000000e+03, 7.624250606481390946e+01, 1.230298656238806565e+01, 5.779537322548100065e+01, 7.815317432612411075e+00, 1.051291067400660850e+01, 1.857880853643482100e+00, 5.987008782798807260e+01, 7.061980321159347795e+01, 2.124316279510441063e+01, 1.068726994829598276e+01, 1.856644631023086589e+01, 7.725004124911010628e+00, 8.041690475325928844e+00
2.053000000000000000e+03, 7.641961040989116327e+01, 1.252018356153392098e+01, 5.804453674810745412e+01, 7.901104143462361229e+00, 1.087267851289211862e+01, 1.848830548342114799e+00, 5.996856918095032540e+01, 7.057804011423444024e+01, 2.125980400697641670e+01, 1.063406506135138230e+01, 1.866192201894455494e+01, 7.748511184598001478e+00, 8.096562551401730090e+00
2.054000000000000000e+03, 7.687162489432475354e+01, 1.248631818993025533e+01, 5.806413383518339799e+01, 7.954471190832332006e+00, 1.080332624514490192e+01, 1.799393074362629408e+00, 6.008686009058219213e+01, 7.072649107961954940e+01, 2.132325414222842852e+01, 1.068581259907991132e+01, 1.853057221529661902e+01, 7.702342191397895554e+00, 8.171775390548109641e+00
2.055000000000000000e+03, 7.703095517333997577e+01, 1.236500899775606577e+01, 5.811702354882056198e+01, 7.671346608562250147e+00, 1.033547235243920959e+01, 1.799791045792809019e+00, 6.028674770252207082e+01, 7.087122309860579605e+01, 2.141739932696629012e+01, 1.066164452261301854e+01, 1.824717394751047195e+01, 7.612499904312530319e+00, 8.169238703385300227e+00
2.056000000000000000e+03, 7.687829673381985174e+01, 1.203446152800516522e+01, 5.848103830312999918e+01, 7.785424753258705977e+00, 1.058411876896584758e+01, 2.105839844084916646e+00, 6.032705479634417145e+01, 7.082496305153755145e+01, 2.150716884011981378e+01, 1.066320772624573543e+01, 1.834446375094820780e+01, 7.594386311653106070e+00, 8.201419869108788063e+00
2.057000000000000000e+03, 7.687177782451158237e+01, 1.177714569385732801e+01, 5.874602159973447613e+01, 7.935397127483386548e+00, 1.093516977829724190e+01, 1.955564129748225577e+00, 6.024856565788266494e+01, 7.118849022710854513e+01, 2.156034074123794042e+01, 1.074523723561324751e+01, 1.815370182132033960e+01, 7.532128267681579281e+00, 8.141292016622109884e+00
2.058000000000000000e+03, 7.688198248109488020e+01, 1.153889989794344650e+01, 5.910965714516446923e+01, 7.803213126548171452e+00, 1.072119314776864130e+01, 1.694047217017875528e+00, 6.025384121175767405e+01, 7.129388512038856618e+01, 2.167208827457499609e+01, 1.083098238706970307e+01, 1.825097018708405017e+01, 7.672504091602024623e+00, 8.077608535571162207e+00
2.059000000000000000e+03, 7.678582791001853991e+01, 1.161720700290078234e+01, 5.930556655574509506e+01, 7.766029770784111719e+00, 1.051445006328675191e+01, 1.971450093048647600e+00, 6.022348575347800193e+01, 7.142796423308105602e+01, 2.172739350941726855e+01, 1.089798964874936082e+01, 1.843355070420143704e+01, 7.743123572169825053e+00, 8.014663766491130659e+00
2.060000000000000000e+03, 7.691666294049397834e+01, 1.166493407197957843e+01, 5.964687157152094699e+01, 7.906876373716646533e+00, 1.008038505929184581e+01, 1.876502546753960887e+00, 6.017682747251966902e+01, 7.146340006785426624e+01, 2.176574560611785358e+01, 1.094756510815981088e+01, 1.832813693859103310e+01, 7.748896603266859806e+00, 8.187832759930500970e+00
2.061000000000000000e+03, 7.711174031778232063e+01, 1.185711062961920170e+01, 6.011870626502335568e+01, 7.904229895689701024e+00, 1.050491439236963132e+01, 1.814933583285879504e+00, 6.024957034480018336e+01, 7.154125579458106188e+01, 2.179048381504731324e+01, 1.094683180438541470e+01, 1.863758029273177286e+01, 7.744435480798103733e+00, 8.138749126800522760e+00
2.062000000000000000e+03, 7.741409484426694121e+01, 1.211960331626957377e+01, 6.028846217319951251e+01, 7.983470565315113454e+00, 1.109938713784457676e+01, 1.909626240421805177e+00, 6.052609294334824597e+01, 7.179550830986683252e+01, 2.186385195271972393e+01, 1.091235536189052979e+01, 1.894354744641835353e+01, 7.855546479295958839e+00, 8.211032038924448884e+00
2.063000000000000000e+03, 7.729074265727111026e+01, 1.211008694705307320e+01, 6.054013182258455572e+01, 7.912509266040373745e+00, 1.097306816649173022e+01, 2.124432329514322149e+00, 6.061417953210270326e+01, 7.171593139404693318e+01, 2.190020840719427753e+01, 1.091818529694591255e+01, 1.889152718201980719e+01, 7.772410348036421723e+00, 8.132954462516858385e+00
2.064000000000000000e+03, 7.697432758471084924e+01, 1.210322851801327637e+01, 6.059482821810820496e+01, 7.867825976673332278e+00, 1.065520962361000912e+01, 2.199746171340621892e+00, 6.078173664094840944e+01, 7.172670747674597180e+01, 2.198296946939752416e+01, 1.093467862741418450e+01, 1.887390599638750999e+01, 7.830680798718688607e+00, 8.168146428323820984e+00
2.065000000000000000e+03, 7.695308345960815188e+01, 1.217808214369706654e+01, 6.093581396110866422e+01, 7.894496999317754948e+00, 1.020168024580852872e+01, 1.737181933626600339e+00, 6.088600847218043555e+01, 7.157337640103921217e+01, 2.212920867871121899e+01, 1.090043600385745215e+01, 1.912064419201741927e+01, 7.877232254246782972e+00, 8.213531081285353252e+00
2.066000000000000000e+03, 7.710731113148708005e+01, 1.202772091023403611e+01, 6.107020566186423594e+01, 8.087175777315964709e+00, 1.015327011320083095e+01, 1.916775287084155455e+00, 6.098539706757141943e+01, 7.174397999279064209e+01, 2.219708046161772330e+01, 1.093434126286191344e+01, 1.933392221587531523e+01, 7.760110255318568129e+00, 8.206976958274797340e+00
2.067000000000000000e+03, 7.705592582309702721e+01, 1.201365439728561313e+01, 6.117155515859585790e+01, 8.210986369410111507e+00, 1.098231820355434074e+01, 2.040974803986122854e+00, 6.127510396311767238e+01, 7.158683622491393805e+01, 2.209502895842488712e+01, 1.093193852598693461e+01, 1.928314903427521898e+01, 7.888517978177835843e+00, 8.129171188578903084e+00
2.068000000000000000e+03, 7.701228045965893898e+01, 1.170632002432231111e+01, 6.137600213159821294e+01, 8.015935743419960957e+00, 1.096787221963777270e+01, 1.976082914993541717e+00, 6.141213183975048651e+01, 7.167250111292666759e+01, 2.202455114428370564e+01, 1.085788839468683342e+01, 1.930578909117183173e+01, 8.014981262440457499e+00, 8.180754170113420543e+00
2.069000000000000000e+03, 7.687593489192983043e+01, 1.152639501486789619e+01, 6.167878043676901711e+01, 8.020656863796132185e+00, 1.015139063328072133e+01, 1.982393629322061201e+00, 6.139214100594165302e+01, 7.201525628064857187e+01, 2.208524668791719847e+01, 1.083163982236576217e+01, 1.927716195241275443e+01, 7.804187655018118619e+00, 8.374029497702853320e+00
2.070000000000000000e+03, 7.691823228853112937e+01, 1.158756353601802758e+01, 6.195430589617944861e+01, 7.966925850886164007e+00, 1.016724981921211679e+01, 1.989357288945917679e+00, 6.149018498211869144e+01, 7.219597060390053400e+01, 2.214038802968180875e+01, 1.076180360579528106e+01, 1.909464887188711657e+01, 7.677775956075742592e+00, 8.208792072365451276e+00
2.071000000000000000e+03, 7.704716817798035322e+01, 1.162848278047646744e+01, 6.229746937142564178e+01, 7.947402932941099785e+00, 1.030104613784884471e+01, 1.967742555940768856e+00, 6.154712194199398567e+01, 7.196880172875044934e+01, 2.230185093041967903e+01, 1.073174888894389412e+01, 1.893421343676362056e+01, 7.973794478930467555e+00, 8.139396346742381994e+00
2.072000000000000000e+03, 7.712970303678177686e+01, 1.139214164709863830e+01, 6.235312304705752950e+01, 8.069503300691527770e+00, 1.019518254135995861e+01, 1.771066223063858747e+00, 6.161859924280943801e+01, 7.187310003333426778e+01, 2.233109342915794215e+01, 1.070223370087395942e+01, 1.893928241465435391e+01, 8.041164668842363028e+00, 8.319898883735584505e+00
2.073000000000000000e+03, 7.681601497323440242e+01, 1.147889624593292979e+01, 6.257633568070355778e+01, 8.237268413292630598e+00, 9.856127647343091880e+00, 1.793148504791264086e+00, 6.154229611522423227e+01, 7.196745748351962391e+01, 2.247489203758719611e+01, 1.073206307235854773e+01, 1.897863365498976762e+01, 7.763504192673592819e+00, 8.245487876912060088e+00
2.074000000000000000e+03, 7.654737841748476512e+01, 1.156488957540589624e+01, 6.258513137490300693e+01, 8.271767129663002649e+00, 1.069605240305419436e+01, 2.034087386269588738e+00, 6.161573909743796662e+01, 7.197204114079444537e+01, 2.251790448640559816e+01, 1.083400629000268367e+01, 1.887568011536819768e+01, 7.679904698611315972e+00, 8.350303189922328784e+00
2.075000000000000000e+03, 7.654860267264797358e+01, 1.158377905336380032e+01, 6.252612023579656864e+01, 8.152819736550624086e+00, 1.069247821592992764e+01, 1.820749785210138194e+00, 6.166488466962447035e+01, 7.223447388782162193e+01, 2.252085705645788494e+01, 1.081232297473264836e+01, 1.919626169600379484e+01, 7.876757477504918725e+00, 8.475903838803795054e+00
2.076000000000000000e+03, 7.649907243356911124e+01, 1.149942339547922998e+01, 6.267141864815794605e+01, 8.178670571441267967e+00, 1.105146140931833010e+01, 2.182087454921734615e+00, 6.174879443424874381e+01, 7.245192558349687317e+01, 2.256868098043312898e+01, 1.073908723842406765e+01, 1.944000375929765667e+01, 7.833808252927554783e+00, 8.474520425844444205e+00
2.077000000000000000e+03, 7.665236064535612570e+01, 1.135225652589867096e+01, 6.295857668977561872e+01, 8.172460811147413295e+00, 1.042083606662600914e+01, 2.060554946329424819e+00, 6.171927667752712665e+01, 7.234400792943165470e+01, 2.265669189672277639e+01, 1.072946242410827189e+01, 1.969752108520062350e+01, 7.646553930783376529e+00, 8.420695835031715148e+00
2.078000000000000000e+03, 7.666497225238504143e+01, 1.139843429011178166e+01, 6.309317449605409678e+01, 8.256684924413269400e+00, 1.010012288450509921e+01, 1.627950140035125504e+00, 6.179736648088169915e+01, 7.255148189394549263e+01, 2.266979697301196950e+01, 1.072419342960931310e+01, 1.973256204494748900e+01, 7.602074394551871173e+00, 8.246816660395067444e+00
2.079000000000000000e+03, 7.648252928467277911e+01, 1.153379198537040651e+01, 6.319396835590301720e+01, 7.997167247325838169e+00, 9.780053290460489990e+00, 1.864593322843066669e+00, 6.177240476571654426e+01, 7.271274397695090386e+01, 2.272261606488824981e+01, 1.070139768517703871e+01, 1.965872300679297169e+01, 7.910757807339710901e+00, 8.251239631890442183e+00
2.080000000000000000e+03, 7.643728563242679286e+01, 1.156145008242699568e+01, 6.325980503310762515e+01, 7.947876196398217630e+00, 1.047804948493349997e+01, 2.081109747264375809e+00, 6.195310140851615444e+01, 7.274147626422482915e+01, 2.283630614346902021e+01, 1.071068066289191556e+01, 1.945182121115037077e+01, 7.970379696580820017e+00, 8.321056039335225307e+00
2.081000000000000000e+03, 7.656323549507840198e+01, 1.161966547279883599e+01, 6.356032277352576898e+01, 8.256804642746194745e+00, 1.106233413641639807e+01, 1.853360675099239296e+00, 6.188888978852784817e+01, 7.264654292617690601e+01, 2.287162838776650631e+01, 1.074608258817227302e+01, 1.929664940135925022e+01, 8.000409862670542438e+00, 8.247520035318876452e+00
2.082000000000000000e+03, 7.683119841057515487e+01, 1.137254854977610918e+01, 6.375394861301164440e+01, 8.318963170024533227e+00, 1.089881054561913309e+01, 1.821946906917887077e+00, 6.192498520013769081e+01, 7.252322934891572004e+01, 2.299893147483311040e+01, 1.072079134325237604e+01, 1.936705193972069949e+01, 7.967699189167278817e+00, 8.289634102683807626e+00
2.083000000000000000e+03, 7.660469495141060747e+01, 1.131407656988034027e+01, 6.426068032666339036e+01, 8.138470878956628241e+00, 1.048676993909981547e+01, 2.022576300438641450e+00, 6.177650535604436044e+01, 7.237836024056628048e+01, 2.314772022378935645e+01, 1.068815272727704624e+01, 1.936591754820893030e+01, 8.101170008279835244e+00, 8.365640670310220628e+00
2.084000000000000000e+03, 7.652318063809501325e+01, 1.142741585335764043e+01, 6.426599933929270492e+01, 7.977984922211932783e+00, 1.063339656858651772e+01, 1.710210095165408450e+00, 6.185816745779898440e+01, 7.252315108859019688e+01, 2.317943571726880947e+01, 1.070359505616598561e+01, 1.945840027972080932e+01, 8.008637801553302182e+00, 8.434256836946708802e+00
2.085000000000000000e+03, 7.647143189801728624e+01, 1.164421189731213246e+01, 6.450224118376301874e+01, 8.164415733063822955e+00, 1.075995773785423282e+01, 1.979099035583130384e+00, 6.195825189439726444e+01, 7.272378791738995574e+01, 2.320079725920311731e+01, 1.075340915618893689e+01, 1.942664988795377923e+01, 8.055757893536624081e+00, 8.497388680662336213e+00
2.086000000000000000e+03, 7.661330612321873446e+01, 1.135766700490027326e+01, 6.448792360800496226e+01, 8.223163141018536848e+00, 1.035149681739983762e+01, 2.057643552864615089e+00, 6.199591837637261449e+01, 7.278068308322693269e+01, 2.323774341901688345e+01, 1.069055680687440990e+01, 1.934924690653804902e+01, 8.163127116054724297e+00, 8.295915376398172114e+00
2.087000000000000000e+03, 7.663996708945434477e+01, 1.148400881525021333e+01, 6.421245628587912790e+01, 8.221738332980091712e+00, 1.019321392977708385e+01, 1.958030122670716855e+00, 6.209623353219335939e+01, 7.267121437052965405e+01, 2.319562607374776064e+01, 1.065910497826032532e+01, 1.952450327182762635e+01, 8.166079356588292981e+00, 8.519177711911122941e+00
2.088000000000000000e+03, 7.636076255095161969e+01, 1.177007853640688317e+01, 6.433641413498791906e+01, 8.338066988349412512e+00, 1.072840282671656453e+01, 1.978715878325063571e+00, 6.222912156378096427e+01, 7.307854023684397760e+01, 2.319558906644229168e+01, 1.062304107351062932e+01, 1.986279576992709650e+01, 8.075696880686880519e+00, 8.458116591539832640e+00
2.089000000000000000e+03, 7.622296086084213584e+01, 1.166031343234652518e+01, 6.465587771935126682e+01, 8.248166863854025976e+00, 1.095161400023210163e+01, 1.904918165360719007e+00, 6.228907218422305903e+01, 7.277488871415469873e+01, 2.311868119965177470e+01, 1.057189361381712800e+01, 1.991275680215844446e+01, 7.756707625799328376e+00, 8.371206616931235800e+00
2.090000000000000000e+03, 7.637897683903878487e+01, 1.172259564021152478e+01, 6.485130153178137391e+01, 8.200425938907697443e+00, 1.093585632678015429e+01, 1.818810086903534184e+00, 6.230018603273358480e+01, 7.268951536747374575e+01, 2.311658217933082327e+01, 1.050936212193983010e+01, 1.991023272251138110e+01, 7.657851917521437457e+00, 8.424822077698717493e+00
2.091000000000000000e+03, 7.625604274788281600e+01, 1.176950142405102895e+01, 6.473478413398794373e+01, 8.374154764084279279e+00, 1.056575067334123830e+01, 2.139212022956458625e+00, 6.220282625487224237e+01, 7.317725346709855216e+01, 2.310333602820695376e+01, 1.056358936534985027e+01, 1.974692210592557018e+01, 7.842959736725602760e+00, 8.462987919907286383e+00
2.092000000000000000e+03, 7.598053225896681795e+01, 1.179783043705513457e+01, 6.473284119906428202e+01, 8.378561827174882737e+00, 9.851533235823216827e+00, 2.188519657881399016e+00, 6.241384598247315552e+01, 7.282166649219129795e+01, 2.311740949976657333e+01, 1.055900259604119817e+01, 1.984678976609469103e+01, 8.097190087099082945e+00, 8.459556321875377094e+00
2.093000000000000000e+03, 7.605608444871704421e+01, 1.155101128871103100e+01, 6.474412491569336225e+01, 8.395227329005619410e+00, 1.012390909679413120e+01, 1.777449054167502984e+00, 6.234387856199248290e+01, 7.270546043421221327e+01, 2.308225238965040305e+01, 1.058694644284277153e+01, 1.968335425113208714e+01, 8.128349775523753706e+00, 8.540757131009339531e+00
2.094000000000000000e+03, 7.654186789327822282e+01, 1.160637609105204682e+01, 6.512604522704971544e+01, 8.302987222974167025e+00, 1.082250275604417666e+01, 1.752990852980744751e+00, 6.232991295291429878e+01, 7.235952295448974780e+01, 2.320590270128005983e+01, 1.056782484919791187e+01, 1.972940968577220389e+01, 8.003012351059718199e+00, 8.444972037926772757e+00
2.095000000000000000e+03, 7.686106879000770675e+01, 1.150582250630486492e+01, 6.553103049278253422e+01, 8.470492985773185879e+00, 1.044540192716581650e+01, 1.873946738327283867e+00, 6.231633548210267293e+01, 7.271967530557773784e+01, 2.323339043012848038e+01, 1.067867973065971121e+01, 1.992594914966727870e+01, 8.027802526894072699e+00, 8.407913800841992469e+00
2.096000000000000000e+03, 7.680304722578173937e+01, 1.129441776946171849e+01, 6.583036352212330655e+01, 8.346177683530367375e+00, 1.055793513759094893e+01, 1.935972143771987231e+00, 6.237913087716306393e+01, 7.266916365169977610e+01, 2.330101606788301538e+01, 1.068335859585532077e+01, 1.980430534035719603e+01, 8.145816815212407747e+00, 8.563144682570221988e+00
2.097000000000000000e+03, 7.685242650021477573e+01, 1.121186341925854002e+01, 6.596510371666025208e+01, 8.142215206637427372e+00, 1.039596411208847648e+01, 1.883150394375171510e+00, 6.235923265455955544e+01, 7.263789373628479495e+01, 2.329489524482243468e+01, 1.065758496318843740e+01, 1.980004196240225767e+01, 8.148274868927602554e+00, 8.583240647318026717e+00
2.098000000000000000e+03, 7.699191516933075263e+01, 1.134136610728893935e+01, 6.611172138076727833e+01, 8.270055373078477601e+00, 1.017531257288086977e+01, 2.011172458293437160e+00, 6.242782997424676950e+01, 7.251091652166837775e+01, 2.328090913457377553e+01, 1.062534757467004454e+01, 2.008154817268979997e+01, 8.091782542870037176e+00, 8.537190278138822919e+00
2.099000000000000000e+03, 7.716585380384572090e+01, 1.146715478762621032e+01, 6.617860677113883128e+01, 8.406195227877065079e+00, 1.066407796487126980e+01, 1.941064421933692552e+00, 6.255351011858453347e+01, 7.236594852083372587e+01, 2.339251764574420278e+01, 1.058784418560730956e+01, 1.968740282294736943e+01, 8.240242420649535049e+00, 8.566736905439430672e+00
2.100000000000000000e+03, 7.714754922139483995e+01, 1.136683397095794668e+01, 6.621947061115508859e+01, 8.514859297627385359e+00, 1.055532270481042367e+01, 1.878223528724513036e+00, 6.261329575060300101e+01, 7.231810389132580497e+01, 2.336949560393147607e+01, 1.049294799397200961e+01, 1.932176378974441633e+01, 8.304226644705034133e+00, 8.549649576671951579e+00
