year, NorESM2-LM, MPI-ESM1-2-LR, CESM2-WACCM, NorESM2-MM, IPSL-CM6A-LR, INM-CM4-8, MIROC-ES2L, GFDL-ESM4, CanESM5, UKESM1-0-LL, TaiESM1, ACCESS-ESM1-5, CNRM-ESM2-1, CMCC-ESM2, EC-Earth3-Veg, INM-CM5-0
2.015000000000000000e+03, 1.330136101886275846e+00, 1.407280912472600676e+00, 1.398164060285560506e+00, 1.225059862934743782e+00, 9.265556306402962239e-01, 9.171670175405792769e-01, 7.381948642211886291e-01, 2.374813560093916642e+00, 9.538363041909957429e-01, 1.854698300493000884e+00, 1.137063947237108463e+00, 1.288083782978682867e+00, 1.083931146536816215e+00, 2.000513649612582157e+00, 9.415795006947225154e-01, 1.005432912486476704e+00
2.016000000000000000e+03, 1.360965716989285923e+00, 1.426296210500487716e+00, 1.381852796003001593e+00, 1.178283839822706902e+00, 9.170924070014395690e-01, 9.403440688187719720e-01, 7.171455157772654854e-01, 2.368697349408668718e+00, 9.386282431311000485e-01, 1.818758534771216517e+00, 1.136253908170001159e+00, 1.268061762136638126e+00, 1.128404489949777600e+00, 1.982696686935372599e+00, 9.685232098821024982e-01, 9.722054832983608730e-01
2.017000000000000000e+03, 1.387161308805988869e+00, 1.439826828249636703e+00, 1.372834772324518893e+00, 1.199740353086952149e+00, 8.933179570139315739e-01, 9.959272730904115134e-01, 7.314423295849449280e-01, 2.385486571728369753e+00, 9.578513775092104554e-01, 1.849829708366764303e+00, 1.168344127367183516e+00, 1.287705266441871998e+00, 1.168172045121702141e+00, 1.893164583290214642e+00, 9.872538836313622390e-01, 1.051983404505956843e+00
2.018000000000000000e+03, 1.356953705915973529e+00, 1.403647763178512253e+00, 1.347258461232335280e+00, 1.190431879215013922e+00, 9.321824394077513620e-01, 9.815203881766693117e-01, 7.330122821367733854e-01, 2.401616028524127255e+00, 9.477610685426901549e-01, 1.819971452205938256e+00, 1.207542634433087070e+00, 1.323213652914446037e+00, 1.170682797522061724e+00, 1.867718600295021458e+00, 1.006521354818580072e+00, 9.877313165491793390e-01
2.019000000000000000e+03, 1.330524697729773331e+00, 1.424630493464564163e+00, 1.328742642506999028e+00, 1.207377539050985993e+00, 9.409088109355070451e-01, 9.839388023468906841e-01, 6.947097859228127392e-01, 2.412206879418953509e+00, 9.544568821000519732e-01, 1.864239663563483029e+00, 1.193384346952195862e+00, 1.319804390931498039e+00, 1.161045579921608395e+00, 1.982724206186126326e+00, 1.077238341165220659e+00, 9.975340117497428771e-01
2.020000000000000000e+03, 1.363516365165755806e+00, 1.438277419981788707e+00, 1.375942238939978912e+00, 1.244734646271410172e+00, 9.221825808164190175e-01, 9.885249931820355718e-01, 6.741394900416165514e-01, 2.439946852551693190e+00, 1.009706163739748419e+00, 1.865790508756109078e+00, 1.183037598101985832e+00, 1.316663387345873959e+00, 1.136049391599484704e+00, 1.967706433729693449e+00, 1.037298695284573080e+00, 9.668148956800186600e-01
2.021000000000000000e+03, 1.343923472415259557e+00, 1.434319112509038430e+00, 1.356155905433966913e+00, 1.242007753612473619e+00, 9.606102550980915034e-01, 9.856647712341378709e-01, 6.865653796350257299e-01, 2.461459179788561880e+00, 9.679840237498372746e-01, 1.893637497923267743e+00, 1.203237506214853481e+00, 1.337711966638252203e+00, 1.180915595146873720e+00, 1.967917177115125815e+00, 1.075713123895754020e+00, 9.830128800862003580e-01
2.022000000000000000e+03, 1.293041094073812625e+00, 1.441498969846030764e+00, 1.399899000150808481e+00, 1.269961241091396298e+00, 9.429156408649022048e-01, 9.640557350665734937e-01, 7.250966094495021608e-01, 2.462115615629483667e+00, 1.041018005942632607e+00, 1.914817679750841828e+00, 1.173020222772423349e+00, 1.351335845989814821e+00, 1.184362592393845448e+00, 1.825977410002579626e+00, 1.097201931332448588e+00, 1.048304045792317174e+00
2.023000000000000000e+03, 1.349069676787179262e+00, 1.423990384302476375e+00, 1.385975942449138465e+00, 1.258344797439954199e+00, 9.620120291460872997e-01, 9.202489027668725452e-01, 7.113132190724047454e-01, 2.469936692855895455e+00, 1.045601643005540149e+00, 1.867079507240311909e+00, 1.162687127438112089e+00, 1.352826080397660169e+00, 1.199793716034770918e+00, 1.916785243128010130e+00, 1.061531731299519166e+00, 1.017150253932521675e+00
2.024000000000000000e+03, 1.312069927947020487e+00, 1.448900449778132593e+00, 1.326825445148873239e+00, 1.232760277614577182e+00, 9.558041756569193304e-01, 9.868275275563549442e-01, 7.555583951592788061e-01, 2.490499854128133794e+00, 1.030802164302192070e+00, 1.919243327141186395e+00, 1.193702128788292738e+00, 1.331305477106168089e+00, 1.205535697859622335e+00, 1.970768862275501299e+00, 1.066145812365225209e+00, 1.022299720614593177e+00
2.025000000000000000e+03, 1.450211586684996057e+00, 1.442879479938357745e+00, 1.341441753113319590e+00, 1.226416731518275904e+00, 9.549679568209417102e-01, 1.013704294742977963e+00, 7.402874316198212457e-01, 2.490480365433061838e+00, 1.060888761370518463e+00, 1.934643957304800876e+00, 1.214699296398559669e+00, 1.316155662260421577e+00, 1.216814603638433967e+00, 1.920943230894178511e+00, 1.011642535805417520e+00, 1.045051490477815204e+00
2.026000000000000000e+03, 1.482590952497852665e+00, 1.467962701673405812e+00, 1.406600920380831843e+00, 1.288513717747418186e+00, 9.574290877254895138e-01, 1.001835207835713115e+00, 7.558512479338994616e-01, 2.515807338572427110e+00, 1.048238315842906498e+00, 1.966253849062871373e+00, 1.198124247532994957e+00, 1.310620062793347529e+00, 1.180323004652539476e+00, 1.876394729863228417e+00, 1.048303551467022032e+00, 9.933830147697930713e-01
2.027000000000000000e+03, 1.438087022463778286e+00, 1.447799222669490016e+00, 1.454275933629752160e+00, 1.306209162106678479e+00, 9.697170076288539331e-01, 1.036425843681496595e+00, 7.959784249616113083e-01, 2.511449390378381441e+00, 1.015892072188592898e+00, 1.981799371701345791e+00, 1.181507952409020845e+00, 1.297926767805726023e+00, 1.193930679457831712e+00, 1.879139736398855343e+00, 1.031884723188782216e+00, 9.623824630081798670e-01
2.028000000000000000e+03, 1.445932495845266397e+00, 1.465081323382563028e+00, 1.446418557298884355e+00, 1.330298057033564962e+00, 9.647683994128247731e-01, 9.591461473754742117e-01, 7.175431351680414682e-01, 2.500117614786116604e+00, 1.048621600262303888e+00, 1.962015267191078216e+00, 1.185442639045319879e+00, 1.275247652004934507e+00, 1.229041360444310005e+00, 1.900260828047849015e+00, 1.076132005053111129e+00, 9.557888421802184231e-01
2.029000000000000000e+03, 1.475382436689278487e+00, 1.469363796949200829e+00, 1.433020988764055703e+00, 1.299113849911899932e+00, 1.008160880755566202e+00, 9.414227635695234797e-01, 7.860813951586226311e-01, 2.535072013142408931e+00, 1.065444081106357688e+00, 1.973889372730738057e+00, 1.217781141887049667e+00, 1.268465511274811774e+00, 1.197927293256122461e+00, 1.978262235617021192e+00, 1.095655913462036057e+00, 1.002415994824689349e+00
2.030000000000000000e+03, 1.462074025524191301e+00, 1.472938049782935410e+00, 1.483810579965172183e+00, 1.300148209140549627e+00, 9.961944985704234146e-01, 9.781837684309806491e-01, 7.953829515699245567e-01, 2.525405794727074937e+00, 1.097221924367925538e+00, 1.998831666096138715e+00, 1.231400241335049772e+00, 1.274503222635593236e+00, 1.252178735027227319e+00, 2.074373892022171706e+00, 1.154335923320003010e+00, 1.051273128715667582e+00
2.031000000000000000e+03, 1.385146444901967033e+00, 1.463228542215534222e+00, 1.507985510362793935e+00, 1.267376055382501310e+00, 1.015925866662484633e+00, 1.010532478562388148e+00, 8.171343210589965267e-01, 2.515552455023246203e+00, 1.107028272591561668e+00, 2.027079805969621784e+00, 1.262255833385467430e+00, 1.288724559242395040e+00, 1.246194425877654499e+00, 2.051267653525212786e+00, 1.109562985991656481e+00, 1.069390124133069664e+00
2.032000000000000000e+03, 1.399074728311982652e+00, 1.483791406649317191e+00, 1.497671745814203481e+00, 1.319469245382429490e+00, 1.013526202090216710e+00, 9.502386256360112471e-01, 7.992362686942496852e-01, 2.537308085150721926e+00, 1.126293597095302079e+00, 2.052655361822443236e+00, 1.236289166820420116e+00, 1.332850207214704596e+00, 1.232930968044369413e+00, 1.967346979825696396e+00, 1.124007866398695210e+00, 1.000551960058750911e+00
2.033000000000000000e+03, 1.318232248874763535e+00, 1.466806525482124757e+00, 1.502449639830997885e+00, 1.364510050592022683e+00, 1.024000181575025481e+00, 1.036606874017577118e+00, 7.772894744245920640e-01, 2.530559049434448315e+00, 1.113679446008422724e+00, 2.011495322815245679e+00, 1.227454741474574673e+00, 1.320697034843823614e+00, 1.232478036004820199e+00, 2.041989264254200798e+00, 1.156230396659577497e+00, 9.748811443829958900e-01
2.034000000000000000e+03, 1.401090259676582184e+00, 1.504147891142101345e+00, 1.409123570045775375e+00, 1.335946841550182951e+00, 1.029387248416387735e+00, 9.874039509522836155e-01, 8.168318270329738562e-01, 2.526225079252667260e+00, 1.073456947528339755e+00, 2.020498374905462580e+00, 1.234663402653805253e+00, 1.319487504845039849e+00, 1.237513846424139752e+00, 2.022366503178196329e+00, 1.125405044515494390e+00, 1.025026889381405182e+00
2.035000000000000000e+03, 1.388602305426004380e+00, 1.490834296559622407e+00, 1.461929946253773371e+00, 1.384968862605300055e+00, 1.029657011180193038e+00, 9.934149507412577407e-01, 7.747678084334038706e-01, 2.561407157089954367e+00, 1.089387911748104454e+00, 2.051554225504085505e+00, 1.227039616871823613e+00, 1.337892629775330855e+00, 1.234498143485411203e+00, 1.995943369294726821e+00, 1.141260339201031870e+00, 1.041088277689781405e+00
2.036000000000000000e+03, 1.414062248482044870e+00, 1.486867942529849440e+00, 1.492261748031238122e+00, 1.377159048839089461e+00, 1.019644845053855997e+00, 1.039409837967591121e+00, 8.109213516743093431e-01, 2.569267998048827994e+00, 1.118571115668657301e+00, 2.057428195201625343e+00, 1.276795468384882115e+00, 1.347315979112527540e+00, 1.179890893268289220e+00, 1.992564473987112894e+00, 1.101951413665004154e+00, 1.085577427365175929e+00
2.037000000000000000e+03, 1.479973229687197911e+00, 1.510228492143112833e+00, 1.513670884595293309e+00, 1.401514870249141786e+00, 1.063453139247485080e+00, 1.027877948420545806e+00, 7.908209600390548877e-01, 2.610672074066665349e+00, 1.132308299051621558e+00, 2.070419901222166903e+00, 1.208131167918161442e+00, 1.339396263318775704e+00, 1.209398789138288244e+00, 2.052370797772996802e+00, 1.137961690790150637e+00, 1.111526815475369467e+00
2.038000000000000000e+03, 1.507266880976865453e+00, 1.510961506719197267e+00, 1.526393172538783594e+00, 1.358881048880494324e+00, 1.051605414191893129e+00, 1.083591945778871857e+00, 8.076673239239705593e-01, 2.617073172059823261e+00, 1.128088799331426806e+00, 2.035997568014690895e+00, 1.174766705427187752e+00, 1.349093786228298786e+00, 1.236681320906179105e+00, 1.976774258297829823e+00, 1.163143040044594789e+00, 1.064187182873922000e+00
2.039000000000000000e+03, 1.479387941548903296e+00, 1.489347888886890292e+00, 1.571599124208592269e+00, 1.374165705985141317e+00, 1.051209032245849162e+00, 9.930472175154466674e-01, 7.928233353991696042e-01, 2.618510081759920283e+00, 1.148708331293945895e+00, 2.046138996803963384e+00, 1.219581222896368944e+00, 1.336497098406066453e+00, 1.228001564070865026e+00, 1.998816157913227753e+00, 1.134583872134825588e+00, 1.058613992514251478e+00
2.040000000000000000e+03, 1.455245050899364401e+00, 1.515134498327761703e+00, 1.614892706890725949e+00, 1.370448153933938817e+00, 1.074269506193600288e+00, 1.011553342544224021e+00, 8.307355357915540139e-01, 2.611454812991010233e+00, 1.141016522699171309e+00, 2.080956781068110217e+00, 1.231199492529007733e+00, 1.305890024930263182e+00, 1.189758307798838732e+00, 2.046008464673918947e+00, 1.155616438274554847e+00, 9.978071749914317889e-01
2.041000000000000000e+03, 1.509913865631656638e+00, 1.493813219503832723e+00, 1.654765930151805842e+00, 1.321820897860391808e+00, 1.074864929338364972e+00, 9.913983521562340639e-01, 7.991678427664773432e-01, 2.615092747256111405e+00, 1.160139595694396064e+00, 2.066041614077884336e+00, 1.259948098979678077e+00, 1.305972671044952182e+00, 1.238885547110647245e+00, 2.095804776013444393e+00, 1.165575460343360348e+00, 1.027817689148420977e+00
2.042000000000000000e+03, 1.498136980463418366e+00, 1.490080090526324508e+00, 1.658318020898901013e+00, 1.320217027191366022e+00, 1.053020580931507855e+00, 9.782901731037177973e-01, 8.150092159134889602e-01, 2.613958579742508448e+00, 1.179144042441221174e+00, 2.044402875291223776e+00, 1.314494757259228042e+00, 1.301094589863892370e+00, 1.208100126608096403e+00, 2.140639227086531093e+00, 1.170160806582088320e+00, 1.063928456802528455e+00
2.043000000000000000e+03, 1.478164066227191764e+00, 1.524816155720751354e+00, 1.630169042631816945e+00, 1.363395283027654115e+00, 1.067026683480134963e+00, 1.033832815839847319e+00, 8.429375983395682725e-01, 2.658510851407912323e+00, 1.156112307405868567e+00, 2.058692039775599447e+00, 1.292262597253760470e+00, 1.313032274399255073e+00, 1.285060769726461105e+00, 2.129588881267072242e+00, 1.126226490199712993e+00, 1.093118013610236972e+00
2.044000000000000000e+03, 1.527881636090657747e+00, 1.515086881246957562e+00, 1.587232177412262857e+00, 1.423071597772307850e+00, 1.073630693353988086e+00, 9.819214427933390388e-01, 8.263279007629059647e-01, 2.644540438638534052e+00, 1.179733681994960204e+00, 2.066874803610874611e+00, 1.270063782745276981e+00, 1.326275737519816644e+00, 1.327153360453459108e+00, 2.197506319589219270e+00, 1.152197800946388462e+00, 1.088898472568252451e+00
2.045000000000000000e+03, 1.562190860094828659e+00, 1.509804092733646019e+00, 1.568237496692557187e+00, 1.417400944756253889e+00, 1.084037642745413255e+00, 1.017329244331748095e+00, 8.450340914219671706e-01, 2.652351198904491891e+00, 1.195346622604517517e+00, 2.109928414299725219e+00, 1.284180768069309142e+00, 1.329399557008183796e+00, 1.288852535801436883e+00, 2.246692327966693270e+00, 1.161214743724417353e+00, 1.080752156432488453e+00
2.046000000000000000e+03, 1.530092152139111539e+00, 1.516279103311215293e+00, 1.604007767725863731e+00, 1.476062526013240506e+00, 1.120696757313695668e+00, 1.027830709246968954e+00, 8.548926356178909725e-01, 2.684568004440303302e+00, 1.199466586182207362e+00, 2.101530295887287902e+00, 1.300929159435130211e+00, 1.342160382035352928e+00, 1.287213137734598778e+00, 2.253263626869149050e+00, 1.183217158138716751e+00, 1.031309577518442433e+00
2.047000000000000000e+03, 1.514982114198302865e+00, 1.525474183009022600e+00, 1.653393969753507609e+00, 1.437381691725665434e+00, 1.138390305496223442e+00, 1.051391899407654762e+00, 7.993751518958721602e-01, 2.715958763412764654e+00, 1.267359352221607116e+00, 2.091087642639904765e+00, 1.332674438847562870e+00, 1.324737215423198888e+00, 1.258678584733643691e+00, 2.207092648726203254e+00, 1.223020759128408574e+00, 1.031980435732033019e+00
2.048000000000000000e+03, 1.494249190491173884e+00, 1.526082671077553909e+00, 1.685417111863718009e+00, 1.500391869497327946e+00, 1.092519835618367186e+00, 1.007415238942777291e+00, 8.708863454432639317e-01, 2.717426596167825004e+00, 1.233620303292589204e+00, 2.111394532789902634e+00, 1.295520668405550468e+00, 1.341523083843032982e+00, 1.371670096758464297e+00, 2.229489122869889428e+00, 1.290906030893779199e+00, 1.062069667875209289e+00
2.049000000000000000e+03, 1.387075137033087602e+00, 1.536411835473341148e+00, 1.615618032933557879e+00, 1.540173448458695082e+00, 1.116332713417008016e+00, 1.044865430223890446e+00, 8.377915424136126443e-01, 2.740456125843210966e+00, 1.277521238679104831e+00, 2.131806963108748842e+00, 1.303685369944354910e+00, 1.378967788842139663e+00, 1.326456619986448704e+00, 2.259764461151113402e+00, 1.283739478974864179e+00, 1.032818384487065755e+00
2.050000000000000000e+03, 1.423455292765592795e+00, 1.546177047523629833e+00, 1.690594723554617262e+00, 1.578003625672746324e+00, 1.092085821996473971e+00, 1.053060781598631701e+00, 8.002732026064403037e-01, 2.735812616851634793e+00, 1.233956298048964229e+00, 2.139078714966185846e+00, 1.366844189272450771e+00, 1.384544876204942154e+00, 1.347214341586969288e+00, 2.169401617436717888e+00, 1.196374863385127219e+00, 1.071329817615510160e+00
2.051000000000000000e+03, 1.496317953708101944e+00, 1.561854343255650868e+00, 1.713652691320345145e+00, 1.591789413294447897e+00, 1.122007047265517476e+00, 1.069897588055468640e+00, 8.724717087799591653e-01, 2.741988207850318826e+00, 1.280533434441792240e+00, 2.118704772661054392e+00, 1.387741385050259346e+00, 1.392210822840782569e+00, 1.315604479344195443e+00, 2.174274984320192061e+00, 1.283563059707247822e+00, 1.053887503668537118e+00
2.052000000000000000e+03, 1.550047848818028040e+00, 1.559191477874553700e+00, 1.674941421290496946e+00, 1.596342286786675002e+00, 1.136903429107617436e+00, 1.048520699163801195e+00, 8.686259370237511268e-01, 2.796284306218382643e+00, 1.289869830274470441e+00, 2.134432666584542115e+00, 1.308584783769107585e+00, 1.430577314077419393e+00, 1.221769124426655306e+00, 2.230441480465088500e+00, 1.377367131146959967e+00, 1.128156332404131046e+00
2.053000000000000000e+03, 1.544482684538925232e+00, 1.578308104343122409e+00, 1.717171165326815130e+00, 1.583196594713374150e+00, 1.121820183708014618e+00, 1.020658922367302601e+00, 8.641348809048607915e-01, 2.769281105040451330e+00, 1.301341290270514151e+00, 2.094694201306995129e+00, 1.321612625815209663e+00, 1.403865681264449439e+00, 1.295351976555714213e+00, 2.280922004615766774e+00, 1.336136409791216506e+00, 1.142556998527136436e+00
2.054000000000000000e+03, 1.453905884472953325e+00, 1.550164817368744785e+00, 1.770818372660241113e+00, 1.556839799431219307e+00, 1.140529953057769053e+00, 1.034385891079105724e+00, 8.603853270083917648e-01, 2.790711245176523025e+00, 1.272847444774031889e+00, 2.158007541836848286e+00, 1.353345818366009201e+00, 1.410165850780765950e+00, 1.333417289532294880e+00, 2.224903525978418894e+00, 1.430506343536432468e+00, 1.044439818345776150e+00
2.055000000000000000e+03, 1.572557693681045476e+00, 1.564558125730318494e+00, 1.812599208425146324e+00, 1.566378647781055733e+00, 1.145925258044138806e+00, 1.055873348231843867e+00, 8.473606857656319491e-01, 2.781322710459768643e+00, 1.303047018920507005e+00, 2.189083192308082015e+00, 1.371318903849248594e+00, 1.430138466306689393e+00, 1.305380163348054623e+00, 2.176924426089563713e+00, 1.366361472884517259e+00, 1.043733607464065738e+00
2.056000000000000000e+03, 1.645460847153767503e+00, 1.576410661979881445e+00, 1.733891553126309493e+00, 1.553073021881276938e+00, 1.140314927074933093e+00, 1.046278201339074343e+00, 8.629894572206242565e-01, 2.783923560801200292e+00, 1.306526983124467467e+00, 2.211445309788893976e+00, 1.394122838439610046e+00, 1.447325662461468765e+00, 1.350653575265119199e+00, 2.208444821931907942e+00, 1.362496927576325234e+00, 1.035872749063757592e+00
2.057000000000000000e+03, 1.599013613987102955e+00, 1.551643076945000033e+00, 1.823527386032454567e+00, 1.517180352302176294e+00, 1.135776431422642618e+00, 1.078521473278388543e+00, 8.933303679346337178e-01, 2.821874427302780486e+00, 1.337676033121684593e+00, 2.196300570911600136e+00, 1.405791291520781749e+00, 1.476958576748877761e+00, 1.318370014345811247e+00, 2.334094690440114306e+00, 1.320400150731320110e+00, 1.095071551682838429e+00
2.058000000000000000e+03, 1.576655753843799079e+00, 1.554153327947766616e+00, 1.769619126224902583e+00, 1.501486980941961091e+00, 1.143421699088922328e+00, 1.082631457479788173e+00, 8.922842229872262054e-01, 2.835801843316744453e+00, 1.348372195419205166e+00, 2.193493982901239647e+00, 1.359743290872142296e+00, 1.492397828798853077e+00, 1.304570457034917252e+00, 2.295716410041925837e+00, 1.341430243318635585e+00, 1.093355826400478126e+00
2.059000000000000000e+03, 1.588176704374693937e+00, 1.551372623361679581e+00, 1.764506822559733346e+00, 1.525219740193253459e+00, 1.164150268108906650e+00, 1.090123606873946160e+00, 9.025656678458796600e-01, 2.833398387092657345e+00, 1.357373845354945763e+00, 2.190268815059011498e+00, 1.378736743197474635e+00, 1.438884849124993703e+00, 1.333704759191528089e+00, 2.264347592631683614e+00, 1.340585499908606426e+00, 1.173683579402209576e+00
2.060000000000000000e+03, 1.625074345826161393e+00, 1.567392425621977115e+00, 1.785375901184304226e+00, 1.495085892350183077e+00, 1.160371367983398905e+00, 1.104021227474486277e+00, 8.791693149048797062e-01, 2.884669063823948054e+00, 1.390302169095991358e+00, 2.196008637669294661e+00, 1.437450259356888305e+00, 1.369073322444149365e+00, 1.331790138848592209e+00, 2.162723611016037939e+00, 1.327943564394339360e+00, 1.158870043335223254e+00
2.061000000000000000e+03, 1.642790005571066247e+00, 1.583171735366704969e+00, 1.794356335325217655e+00, 1.581259424770922628e+00, 1.131055706893260071e+00, 1.116756235628148852e+00, 9.011190475477947048e-01, 2.852406012274658842e+00, 1.401740170445346712e+00, 2.192325757155791255e+00, 1.458664739150822731e+00, 1.375935578655213209e+00, 1.449247908898962489e+00, 2.259656160907260514e+00, 1.389012636565736925e+00, 1.077144425136083550e+00
2.062000000000000000e+03, 1.677324715745363015e+00, 1.584003172529950376e+00, 1.828766472120350928e+00, 1.631151962580307258e+00, 1.155206948757633523e+00, 1.118178127199788152e+00, 8.978298235246934267e-01, 2.867260327993098823e+00, 1.442544711493197518e+00, 2.205328560106760261e+00, 1.441042404606972527e+00, 1.402873121444348392e+00, 1.450923756622826799e+00, 2.370841778552957635e+00, 1.406426012338634290e+00, 1.137992837095519683e+00
2.063000000000000000e+03, 1.643229296639040493e+00, 1.572058950776071606e+00, 1.890554572604699501e+00, 1.674594476626673378e+00, 1.204621625884430225e+00, 1.118336234756841741e+00, 8.527052151553125015e-01, 2.865623436679026081e+00, 1.469503726090284790e+00, 2.189155912162170647e+00, 1.392309304395537239e+00, 1.435535340522856140e+00, 1.330827468727340035e+00, 2.427589217062071647e+00, 1.388540382266141071e+00, 1.127017557999845154e+00
2.064000000000000000e+03, 1.673695858711937712e+00, 1.581493081751284890e+00, 1.954414510998399024e+00, 1.695322559018558328e+00, 1.168979945426550149e+00, 1.127406510470597478e+00, 9.138233352327918002e-01, 2.881292627987598998e+00, 1.435026007127178316e+00, 2.217164494781207029e+00, 1.435332464952970399e+00, 1.472755160304566324e+00, 1.404060816222648223e+00, 2.352554847846034747e+00, 1.373594257416270947e+00, 1.099350553152157906e+00
2.065000000000000000e+03, 1.517490879569268314e+00, 1.573556167776171355e+00, 1.957321917395955735e+00, 1.696575625175455126e+00, 1.195538566892826227e+00, 1.115701584296264759e+00, 9.249201858403458543e-01, 2.905320701211534296e+00, 1.463671761369663038e+00, 2.250597452655804798e+00, 1.479308296786252530e+00, 1.468257404697011159e+00, 1.375055096491010431e+00, 2.359072505584448809e+00, 1.424770598597278726e+00, 1.095689468941298372e+00
2.066000000000000000e+03, 1.648315640587962871e+00, 1.588791439794408955e+00, 1.854733694238135611e+00, 1.659561738026460231e+00, 1.168617049607538094e+00, 1.129666377756619378e+00, 9.415296917378085384e-01, 2.939306409915839691e+00, 1.464737461324234324e+00, 2.223969745133004050e+00, 1.443163288094987839e+00, 1.481369491784980674e+00, 1.468415999978683217e+00, 2.385916860882889790e+00, 1.419522179266535122e+00, 1.140155560588507866e+00
2.067000000000000000e+03, 1.677420110920511354e+00, 1.589056420695221128e+00, 1.933635376017865948e+00, 1.661242439153796768e+00, 1.190755843922771229e+00, 1.094134945941993786e+00, 9.099245185930531221e-01, 2.934277298709306869e+00, 1.514558224331781000e+00, 2.252347169905361213e+00, 1.448345855154610673e+00, 1.494482445147471861e+00, 1.415466540804132922e+00, 2.370711551205622936e+00, 1.485238397325137960e+00, 1.163043076555878130e+00
2.068000000000000000e+03, 1.708264365443566080e+00, 1.609061160299628312e+00, 1.925897160403343022e+00, 1.636838134776278597e+00, 1.180554254477923060e+00, 1.097134047328205853e+00, 9.498355312479302981e-01, 2.946180018082248164e+00, 1.476022066223891871e+00, 2.249930471138867460e+00, 1.461319124786410351e+00, 1.509526707828340752e+00, 1.450810501812687558e+00, 2.317740597929046853e+00, 1.449492694369299395e+00, 1.131517502810762243e+00
2.069000000000000000e+03, 1.661663333676118626e+00, 1.610000580614699972e+00, 1.958336407154807723e+00, 1.707916356436439687e+00, 1.193070837831802233e+00, 1.179773573818557963e+00, 9.516547815376159569e-01, 2.949004320620294717e+00, 1.495630669898763143e+00, 2.227322481108498398e+00, 1.498486999415761467e+00, 1.520618098715026401e+00, 1.465017443379700746e+00, 2.312958387816160144e+00, 1.393671338852106034e+00, 1.119351634676141627e+00
2.070000000000000000e+03, 1.671676451851050516e+00, 1.612446716463064256e+00, 1.989673927729614045e+00, 1.763573526711539108e+00, 1.195086647907680266e+00, 1.137446471363575906e+00, 9.506910993279273914e-01, 2.963888932945693444e+00, 1.463537075147640865e+00, 2.242099802784769835e+00, 1.464728288688357916e+00, 1.524189196295349769e+00, 1.431067504920814137e+00, 2.266977687412075504e+00, 1.425640582698425529e+00, 1.154124503417707226e+00
2.071000000000000000e+03, 1.614381254497805118e+00, 1.603988207909516239e+00, 1.961817429833114579e+00, 1.761874067063030846e+00, 1.223429031707583992e+00, 1.123282656499283272e+00, 9.672457936593629180e-01, 2.954421777241694080e+00, 1.477201890996298506e+00, 2.268322948660598026e+00, 1.440730681794432977e+00, 1.495281901061646712e+00, 1.442105177319928710e+00, 2.356888401332870142e+00, 1.431199105082151757e+00, 1.163660326911349463e+00
2.072000000000000000e+03, 1.652417382280573888e+00, 1.609294588446750662e+00, 1.982815941232767720e+00, 1.813741975006057494e+00, 1.245527619227495997e+00, 1.143510847993237656e+00, 9.058668160879654874e-01, 2.974779824767093128e+00, 1.505733028062465451e+00, 2.249051123402807217e+00, 1.463300745879751119e+00, 1.520536055306093814e+00, 1.431864422668269299e+00, 2.353719367045790545e+00, 1.439591361433683270e+00, 1.142085592051403475e+00
2.073000000000000000e+03, 1.731283682410240887e+00, 1.622713307533865557e+00, 1.966659236558353285e+00, 1.785472016134632911e+00, 1.202197232378318104e+00, 1.138994412250349031e+00, 9.292149170950564363e-01, 2.977662219099503904e+00, 1.531505527364825925e+00, 2.265976116169456933e+00, 1.499419428471796767e+00, 1.555864192875751728e+00, 1.476030816413739899e+00, 2.340847769377349064e+00, 1.425626659783818528e+00, 1.121902813727049253e+00
2.074000000000000000e+03, 1.774340998484683407e+00, 1.622846218507144611e+00, 1.949670276281231907e+00, 1.806825332234341275e+00, 1.211764735156170669e+00, 1.161884337666775791e+00, 9.613641528843135386e-01, 2.982495937123427865e+00, 1.476316450725214890e+00, 2.285265328061377943e+00, 1.562914792166088862e+00, 1.552074955498822684e+00, 1.475109336750691336e+00, 2.319367704517846906e+00, 1.468596407899108947e+00, 1.204331833571058885e+00
2.075000000000000000e+03, 1.783835349992507702e+00, 1.630424416598490467e+00, 1.953225126975650872e+00, 1.820949129256708154e+00, 1.204508713827280753e+00, 1.089824836502064409e+00, 9.414890023841281375e-01, 3.030329832749018681e+00, 1.542604661034316704e+00, 2.287536407830828455e+00, 1.530671231526112175e+00, 1.521365079359122463e+00, 1.455167288800957692e+00, 2.505525213635418691e+00, 1.499105520406756265e+00, 1.199492817678577294e+00
2.076000000000000000e+03, 1.641687067227090457e+00, 1.625144787555016457e+00, 2.019901659532318483e+00, 1.812377685983043385e+00, 1.241488615018025321e+00, 1.111923911831543155e+00, 9.669647690185112499e-01, 3.011639429508249144e+00, 1.586869946629949624e+00, 2.316461492017091395e+00, 1.495252377942775102e+00, 1.509526394537248351e+00, 1.513743742901330736e+00, 2.375950295223309805e+00, 1.581941280666330885e+00, 1.152800129849282706e+00
2.077000000000000000e+03, 1.713293839920821293e+00, 1.603643747765756133e+00, 1.947597562395134485e+00, 1.796675543396748953e+00, 1.235394653380532226e+00, 1.161609135200386556e+00, 1.000208878273963542e+00, 2.987281825473069752e+00, 1.634515437776148827e+00, 2.285960783563492082e+00, 1.538765321850039225e+00, 1.477454361367479985e+00, 1.491656030023890356e+00, 2.471021782624754692e+00, 1.593195522124821517e+00, 1.210673303886306451e+00
2.078000000000000000e+03, 1.726216400550533603e+00, 1.664264907258967474e+00, 2.000839525699161126e+00, 1.849932679191431451e+00, 1.197638884868884590e+00, 1.144428479275147126e+00, 9.477671456834252384e-01, 3.007203605899658960e+00, 1.610392573205346789e+00, 2.310378363025062498e+00, 1.570594272454960416e+00, 1.505532732066152457e+00, 1.433431777866701173e+00, 2.403182663231284266e+00, 1.605225348251138495e+00, 1.208044193536254030e+00
2.079000000000000000e+03, 1.688239942554090822e+00, 1.628704754864306992e+00, 1.991751549950246059e+00, 1.849368968896391241e+00, 1.241522194605526819e+00, 1.168010441696546886e+00, 9.419148306694238304e-01, 3.013457815467373457e+00, 1.613225328778380430e+00, 2.261431970564053096e+00, 1.531812060790851859e+00, 1.539081127447780029e+00, 1.475234371994808447e+00, 2.375884917393038531e+00, 1.570458958393893489e+00, 1.183416115557514470e+00
2.080000000000000000e+03, 1.694825053899284839e+00, 1.643350626372695800e+00, 1.998299533028714770e+00, 1.827859258081950378e+00, 1.220645959610950015e+00, 1.147063836854885777e+00, 9.449095130157881828e-01, 3.024002981750186780e+00, 1.630490873627327364e+00, 2.293560996121415396e+00, 1.471264391778098979e+00, 1.538256283201723473e+00, 1.499800611895991453e+00, 2.474931220870917770e+00, 1.511271437380705018e+00, 1.170006924389696223e+00
2.081000000000000000e+03, 1.714980434818378363e+00, 1.650977128329117694e+00, 2.065334649668427058e+00, 1.837574937509786066e+00, 1.222078577064488636e+00, 1.126139632921432820e+00, 9.907367018892323518e-01, 3.029053992937493778e+00, 1.625495909007639517e+00, 2.311614040055190333e+00, 1.522002724437279353e+00, 1.527188372281822692e+00, 1.577343788333395835e+00, 2.527115685585749727e+00, 1.483890170422479837e+00, 1.179728446343519810e+00
2.082000000000000000e+03, 1.736728635996277026e+00, 1.657669612453064545e+00, 2.069976220212483398e+00, 1.896346424450551016e+00, 1.255063611419988456e+00, 1.168226586320186833e+00, 9.905931520044728433e-01, 3.050824543163400904e+00, 1.607429249173644381e+00, 2.300627278476811366e+00, 1.546247031273262129e+00, 1.518419979256701469e+00, 1.544530663529046999e+00, 2.447550660490557473e+00, 1.521397913269981306e+00, 1.204053295496177567e+00
2.083000000000000000e+03, 1.766299396238076413e+00, 1.642551023132045263e+00, 2.044361321095393258e+00, 1.893337544782490500e+00, 1.244433871672533831e+00, 1.126664311836937493e+00, 9.592578281690202768e-01, 3.069750499757943007e+00, 1.694256549902484421e+00, 2.316864449317584729e+00, 1.484245560779943851e+00, 1.495396420121609449e+00, 1.555975659930942889e+00, 2.437589695115919053e+00, 1.553797292302909749e+00, 1.198120520056806804e+00
2.084000000000000000e+03, 1.809959140154016266e+00, 1.661927390904986090e+00, 2.005893363557749165e+00, 1.886509410479008331e+00, 1.257186934909804377e+00, 1.172657185217651277e+00, 9.613986467030406491e-01, 3.037904797112755517e+00, 1.656012549473935946e+00, 2.346525787481143155e+00, 1.529455139299732869e+00, 1.535561931815769166e+00, 1.507795734249440800e+00, 2.451907714313629416e+00, 1.623560675001796572e+00, 1.233721680816733723e+00
2.085000000000000000e+03, 1.851263935469959820e+00, 1.659208181077848732e+00, 2.014133764839642016e+00, 1.871461142934544020e+00, 1.239801251743288812e+00, 1.187585733746305827e+00, 9.769674719993109990e-01, 3.070275992705745693e+00, 1.687223571549425927e+00, 2.339299947611685138e+00, 1.560184966692053754e+00, 1.569880361043981321e+00, 1.575452908463513157e+00, 2.616763071278688901e+00, 1.636536458971849406e+00, 1.189806077539976137e+00
2.086000000000000000e+03, 1.903239302131557675e+00, 1.665746247251287837e+00, 2.113802765557961205e+00, 1.855926863244822922e+00, 1.258026242089214097e+00, 1.167104148827947885e+00, 9.853889353464279077e-01, 3.055882077129524532e+00, 1.682559261157770436e+00, 2.359995958387833159e+00, 1.561739668786528146e+00, 1.572346479698567778e+00, 1.571095946286190204e+00, 2.647143304436618827e+00, 1.632849446599510923e+00, 1.144064499532458479e+00
2.087000000000000000e+03, 1.903755414125743783e+00, 1.677018780191432690e+00, 2.084814943479458726e+00, 1.891133786267580996e+00, 1.255524165780722567e+00, 1.131508065921784212e+00, 9.867515109341368218e-01, 3.041311564104131282e+00, 1.760831038963895701e+00, 2.348038178943048671e+00, 1.537238222221382955e+00, 1.600014655498494864e+00, 1.572591334650620620e+00, 2.556994270056764940e+00, 1.696010280218941180e+00, 1.185030811801468964e+00
2.088000000000000000e+03, 1.865182889885465656e+00, 1.638453018425211072e+00, 2.099031096289253107e+00, 1.932692894288499108e+00, 1.251611002148619090e+00, 1.163937431671553169e+00, 1.021440403437690936e+00, 3.059281209274601121e+00, 1.749058518730799650e+00, 2.346966099497036939e+00, 1.533974320824415649e+00, 1.598448870320726245e+00, 1.586242802105096494e+00, 2.447556159375790852e+00, 1.690543531905670305e+00, 1.258238189103023208e+00
2.089000000000000000e+03, 1.818603332146040419e+00, 1.656522439672951208e+00, 2.062901416838867963e+00, 1.960510077788595096e+00, 1.277528306200096830e+00, 1.214021049730455992e+00, 1.052800505785965957e+00, 3.102384925202460231e+00, 1.758495508452045719e+00, 2.368158093081350390e+00, 1.509629571374558887e+00, 1.587899684925386579e+00, 1.616397355244456158e+00, 2.637678755675392672e+00, 1.715430733759250925e+00, 1.244306402230800801e+00
2.090000000000000000e+03, 1.846110259771523099e+00, 1.657802264218553701e+00, 2.075098682900593960e+00, 1.952147163390313800e+00, 1.261028845524387432e+00, 1.179865819318463016e+00, 1.068075318159583231e+00, 3.120219050181483489e+00, 1.762954401010738748e+00, 2.375949827540957404e+00, 1.573850246123079000e+00, 1.594481781842485679e+00, 1.591820045524887872e+00, 2.556330336879359511e+00, 1.704649753068032458e+00, 1.276110645582514636e+00
2.091000000000000000e+03, 1.827547687724791814e+00, 1.671575364335086578e+00, 2.108531000903901109e+00, 1.959006085709420253e+00, 1.286500957647044530e+00, 1.221323780012162130e+00, 1.046968022371858709e+00, 3.112203205094442815e+00, 1.773937649419037088e+00, 2.416518703596168827e+00, 1.590878160164030497e+00, 1.581592638259243344e+00, 1.547046276377491703e+00, 2.575157320791548798e+00, 1.629227819540863376e+00, 1.296631345240254918e+00
2.092000000000000000e+03, 1.874861742512424545e+00, 1.702102751655584667e+00, 2.113390569890157167e+00, 1.909120233240085618e+00, 1.281280779381817059e+00, 1.197088217862291915e+00, 1.016819941979071773e+00, 3.114911467692089708e+00, 1.801199724483864673e+00, 2.428798381265933504e+00, 1.577568979618194200e+00, 1.618035859982395852e+00, 1.606432165919331467e+00, 2.720149733534291681e+00, 1.665385685419224160e+00, 1.214258506917182512e+00
2.093000000000000000e+03, 1.851596641424134937e+00, 1.666820027125883286e+00, 2.076926730029991841e+00, 1.953068194521887513e+00, 1.274575231418890731e+00, 1.229440993505226620e+00, 1.026941275088673278e+00, 3.137103276391282503e+00, 1.836404067450261079e+00, 2.393534098834471990e+00, 1.597471248864144711e+00, 1.636978126350938201e+00, 1.567892444736524116e+00, 2.510007469607900887e+00, 1.701473472762292216e+00, 1.175755607144248982e+00
2.094000000000000000e+03, 1.944160411058827087e+00, 1.682494548235621279e+00, 2.128546991992899873e+00, 1.985544633334404230e+00, 1.283168300789259142e+00, 1.224922304667210193e+00, 1.032750086854896443e+00, 3.128678151600102542e+00, 1.803359214820393852e+00, 2.439423266013920344e+00, 1.612244584499111566e+00, 1.641521564981260450e+00, 1.641477431454957614e+00, 2.447978101074763213e+00, 1.708492603136790411e+00, 1.176674173828458514e+00
2.095000000000000000e+03, 1.960357334580208555e+00, 1.692781301710524877e+00, 2.195095157389771234e+00, 1.980341536994791873e+00, 1.285007717982570963e+00, 1.221471431614804759e+00, 1.018928164134220937e+00, 3.128419289253341340e+00, 1.838070925518614729e+00, 2.428099547683613135e+00, 1.549700522098052646e+00, 1.645301523018352752e+00, 1.645094527387351402e+00, 2.350722931892190726e+00, 1.648036282729752111e+00, 1.182458646753368425e+00
2.096000000000000000e+03, 1.874737587744712775e+00, 1.691598272886781995e+00, 2.165777174294738039e+00, 2.053941878935061194e+00, 1.317144065036073508e+00, 1.204112143330484219e+00, 1.079207407245167172e+00, 3.148300702979161425e+00, 1.834077436186113852e+00, 2.456821060317209593e+00, 1.572559283216028669e+00, 1.635470133687524585e+00, 1.601408869214804520e+00, 2.486874267681260520e+00, 1.747575820363513222e+00, 1.206979078522966153e+00
2.097000000000000000e+03, 1.883683420097996830e+00, 1.715297509659017283e+00, 2.166841015629636047e+00, 2.080764602451616874e+00, 1.284851465558633832e+00, 1.197663841247115002e+00, 1.047508341877111615e+00, 3.147914749264578926e+00, 1.838760879027544703e+00, 2.479655095699432099e+00, 1.603983723439013076e+00, 1.654470298934235695e+00, 1.599057954360576295e+00, 2.465955126809982190e+00, 1.747811016412366580e+00, 1.248360827126051120e+00
2.098000000000000000e+03, 1.934128460736410426e+00, 1.688065345796074146e+00, 2.156842658991905193e+00, 2.048172482262998972e+00, 1.299540990377443306e+00, 1.162147400434516475e+00, 1.037070690934452477e+00, 3.132074438864890897e+00, 1.862543300118387535e+00, 2.471742448260453084e+00, 1.607802799156278661e+00, 1.630960591778722657e+00, 1.634348152818453137e+00, 2.254313377144923081e+00, 1.762235889539002676e+00, 1.258168329413437370e+00
2.099000000000000000e+03, 1.984676059497556322e+00, 1.700868684160894651e+00, 2.125908146845725266e+00, 2.025030821364942391e+00, 1.274113754937085341e+00, 1.212447267487680724e+00, 1.049619948124859814e+00, 3.186006577043078547e+00, 1.865044419586090907e+00, 2.476424137858443952e+00, 1.594151538213871344e+00, 1.604439694146122086e+00, 1.591036497984098741e+00, 2.336247459189609188e+00, 1.730965706469893783e+00, 1.235789370478666438e+00
2.100000000000000000e+03, 2.055761326184773807e+00, 1.701399429915515071e+00, 2.194989974294150770e+00, 2.051563899442251593e+00, 1.282356584999430948e+00, 1.194924598283365169e+00, 1.016750122244082677e+00, 3.171117354256315135e+00, 1.927534310043747867e+00, 2.483475949557965912e+00, 1.660093522354322948e+00, 1.632390271315794061e+00, 1.587563573519363835e+00, 2.473668025873360321e+00, 1.778620671920499552e+00, 1.267078483678660161e+00
