year, ACCESS-ESM1-5, UKESM1-0-LL, EC-Earth3-Veg, GFDL-ESM4, CNRM-ESM2-1, NorESM2-MM, MPI-ESM1-2-LR, INM-CM5-0, IPSL-CM6A-LR, CMCC-CM2-SR5, INM-CM4-8, CanESM5, NorESM2-LM, CESM2-WACCM, MIROC-ES2L, TaiESM1
2.015000000000000000e+03, 2.834511522033198503e+02, 2.813789065865882435e+02, 2.826558391183020831e+02, 2.818108478013324429e+02, 2.829180050933345001e+02, 2.836316886574146565e+02, 2.826126732755055855e+02, 2.833031067515704535e+02, 2.822007937348781752e+02, 2.826345442501839216e+02, 2.828420754435819617e+02, 2.833383192837522984e+02, 2.839508378592366853e+02, 2.840918518819897258e+02, 2.834921921046981197e+02, 2.836114364643393060e+02
2.016000000000000000e+03, 2.842341180979274213e+02, 2.810903277022612201e+02, 2.831675418982106862e+02, 2.814551998521303631e+02, 2.828122568316564980e+02, 2.829092504950929197e+02, 2.814717044112518920e+02, 2.826168609871403419e+02, 2.824377170810262214e+02, 2.841250945499488694e+02, 2.824537880348831322e+02, 2.831444621740390630e+02, 2.838064643370971680e+02, 2.835381344341379304e+02, 2.829395743675377730e+02, 2.839776045624228686e+02
2.017000000000000000e+03, 2.844376273504242931e+02, 2.827591475731216519e+02, 2.827824948190025225e+02, 2.806685181154929865e+02, 2.831959866182984342e+02, 2.828992275205712872e+02, 2.824678975576392190e+02, 2.821261166089921630e+02, 2.826460417180197169e+02, 2.838587963153196370e+02, 2.827655553737959053e+02, 2.832231113886971912e+02, 2.841969842632575478e+02, 2.839461170207954979e+02, 2.837486501666678578e+02, 2.839922432793456437e+02
2.018000000000000000e+03, 2.830078791604905177e+02, 2.816154548307176810e+02, 2.822774129936999543e+02, 2.811452111519532195e+02, 2.826709293644492504e+02, 2.832837778789954655e+02, 2.823575169767897819e+02, 2.832984768650167666e+02, 2.829449700285009044e+02, 2.830075627505539728e+02, 2.826957039086425425e+02, 2.831863380713924698e+02, 2.838073953265771934e+02, 2.839870153266597868e+02, 2.831936869910377936e+02, 2.833234717806866456e+02
2.019000000000000000e+03, 2.840587034122361842e+02, 2.826236925714350718e+02, 2.823361473367112353e+02, 2.814626752464047286e+02, 2.828218861941290925e+02, 2.823455413521119794e+02, 2.817752826149059047e+02, 2.831327277263710016e+02, 2.823140343374163876e+02, 2.829064589596289920e+02, 2.826676856355971950e+02, 2.834630013321817046e+02, 2.832961696875578923e+02, 2.838812231630884071e+02, 2.841378908727829753e+02, 2.840122925352620200e+02
2.020000000000000000e+03, 2.837262516469372144e+02, 2.822603281674853406e+02, 2.827331721330111236e+02, 2.817110967221310034e+02, 2.831530853364993732e+02, 2.832966297787127132e+02, 2.829776771433951126e+02, 2.833247149719592244e+02, 2.806036120436123724e+02, 2.841561309187946449e+02, 2.830901747620402489e+02, 2.835070566662714100e+02, 2.833946030332488135e+02, 2.835272117648964922e+02, 2.834203856603550662e+02, 2.836356848424271107e+02
2.021000000000000000e+03, 2.834713119797581840e+02, 2.826469420987467629e+02, 2.834185414659026492e+02, 2.812821374949119786e+02, 2.833720873768741058e+02, 2.833911298314846476e+02, 2.817787107748299604e+02, 2.830827574485956575e+02, 2.811695191366923154e+02, 2.833551251840518717e+02, 2.827931763807009702e+02, 2.834715591962634562e+02, 2.842461908579829242e+02, 2.825675580449487825e+02, 2.834369104390044640e+02, 2.839854224841083692e+02
2.022000000000000000e+03, 2.850511549535944482e+02, 2.821542852958675098e+02, 2.823808511801170198e+02, 2.816031854956243023e+02, 2.819063032593249432e+02, 2.836131178308165772e+02, 2.817118174092857430e+02, 2.829588928991379930e+02, 2.817539939326953231e+02, 2.835314434384875426e+02, 2.835584836518601719e+02, 2.839539885769215175e+02, 2.836838388042195902e+02, 2.837504946705742555e+02, 2.839808917757156337e+02, 2.842954960061773590e+02
2.023000000000000000e+03, 2.837449562908487906e+02, 2.818127304512951241e+02, 2.818382096428322825e+02, 2.822648206244784888e+02, 2.823707100293433996e+02, 2.838489107022699613e+02, 2.820570511234686251e+02, 2.828900285590834187e+02, 2.825000050500040629e+02, 2.843259634643085860e+02, 2.831252326242562845e+02, 2.843204040819907732e+02, 2.843552167562024238e+02, 2.841110733014851917e+02, 2.838735296293849615e+02, 2.847250174429281628e+02
2.024000000000000000e+03, 2.839437758529242615e+02, 2.818282461267826307e+02, 2.825523100771134182e+02, 2.822874101191995351e+02, 2.834587166347947687e+02, 2.830589921688763297e+02, 2.824331180671853190e+02, 2.835729209915135129e+02, 2.817617816986762591e+02, 2.842455764347191121e+02, 2.832945659357833392e+02, 2.830575725411164285e+02, 2.835601415306133504e+02, 2.842302766779436070e+02, 2.847536869172822662e+02, 2.845720501751035840e+02
2.025000000000000000e+03, 2.833617495428794086e+02, 2.829367994111176472e+02, 2.838096398678208061e+02, 2.820001791501792923e+02, 2.825530565546714570e+02, 2.832286333220022811e+02, 2.830824012484922036e+02, 2.837489929664425290e+02, 2.825570988076605659e+02, 2.833809509024800377e+02, 2.832186654922830940e+02, 2.834805853536698805e+02, 2.835835609992943205e+02, 2.835440356988009398e+02, 2.835680106154849796e+02, 2.849208493253714209e+02
2.026000000000000000e+03, 2.840157016044734064e+02, 2.830668351254013828e+02, 2.827858636344898855e+02, 2.807496238814062508e+02, 2.832827328382389851e+02, 2.835129141908385009e+02, 2.827720667866345252e+02, 2.842233645420175208e+02, 2.819490821614510878e+02, 2.827415578377384122e+02, 2.830870935431191810e+02, 2.830766113693623538e+02, 2.834365552495742691e+02, 2.838047634208856493e+02, 2.839551295041159733e+02, 2.844901704576021189e+02
2.027000000000000000e+03, 2.838559127886644546e+02, 2.822151224555232147e+02, 2.829575771366531285e+02, 2.808082966723024470e+02, 2.836043326928371471e+02, 2.830388465304551460e+02, 2.827407274819716463e+02, 2.834337262060535068e+02, 2.824427199286790255e+02, 2.835483410365461054e+02, 2.825762886625776105e+02, 2.831560671582137729e+02, 2.839944152587295321e+02, 2.835431538652513268e+02, 2.841170239479339443e+02, 2.841543560122830172e+02
2.028000000000000000e+03, 2.832698925094719584e+02, 2.822340009554817470e+02, 2.837244707195539490e+02, 2.816194794536266954e+02, 2.834596882654572028e+02, 2.833477145623018032e+02, 2.836684310621091640e+02, 2.831621504752691862e+02, 2.821464062693627284e+02, 2.843045423450548128e+02, 2.827140440988238765e+02, 2.835872177431480168e+02, 2.835140326143692846e+02, 2.833468197884703841e+02, 2.841983687403482008e+02, 2.847209815703758977e+02
2.029000000000000000e+03, 2.833872598013737729e+02, 2.820231873944263725e+02, 2.833364099503108378e+02, 2.820228067627830910e+02, 2.824268207370062100e+02, 2.824552688478753453e+02, 2.831711186176062824e+02, 2.839091081245384771e+02, 2.824374339849908893e+02, 2.840655682000865454e+02, 2.830316873547444629e+02, 2.839274208797222627e+02, 2.835986379758076055e+02, 2.832840052083967635e+02, 2.842939947246816814e+02, 2.849355868184661063e+02
2.030000000000000000e+03, 2.836615692877010702e+02, 2.815994761659384267e+02, 2.833220622121015708e+02, 2.822647580669156469e+02, 2.833260894612145080e+02, 2.828672587906545459e+02, 2.833127814858610236e+02, 2.836401766368668973e+02, 2.829817840160783362e+02, 2.840069763469858231e+02, 2.828874482888612647e+02, 2.841739357578396152e+02, 2.840007508384218795e+02, 2.844391408816605349e+02, 2.846333648720402607e+02, 2.846584177528973214e+02
2.031000000000000000e+03, 2.836215611638589849e+02, 2.820255446764163594e+02, 2.831986423546532592e+02, 2.821084930155062693e+02, 2.828261100651132551e+02, 2.831121953715897916e+02, 2.826010935067686773e+02, 2.831729694082911806e+02, 2.816261400666735994e+02, 2.838919734082571722e+02, 2.826741684833029922e+02, 2.829012159182254891e+02, 2.835108446294656801e+02, 2.836258044279782098e+02, 2.842007991124188493e+02, 2.845914149875301291e+02
2.032000000000000000e+03, 2.835922213203558613e+02, 2.824992085167114624e+02, 2.827517538771912200e+02, 2.813070262034559619e+02, 2.819765044751594587e+02, 2.825947980191273814e+02, 2.821301010358433814e+02, 2.837384837614083040e+02, 2.813757708517281912e+02, 2.843005933486682011e+02, 2.836273854117002315e+02, 2.833486223272712436e+02, 2.837443621319782778e+02, 2.841457917862084628e+02, 2.835277190083358505e+02, 2.850964313667387273e+02
2.033000000000000000e+03, 2.836829574796275892e+02, 2.827290966934323251e+02, 2.821381896816612311e+02, 2.807624255328108802e+02, 2.830418165635524588e+02, 2.830961376041898347e+02, 2.829154765559658244e+02, 2.841097794611443419e+02, 2.822565674553019903e+02, 2.843309829279621113e+02, 2.833126867790194297e+02, 2.842082508613534060e+02, 2.840805460928527282e+02, 2.838594524890357320e+02, 2.839674429568952974e+02, 2.853219614304055085e+02
2.034000000000000000e+03, 2.842219999296191872e+02, 2.825686244367439599e+02, 2.828825928432260071e+02, 2.814929235102442249e+02, 2.836041731127546086e+02, 2.833191783873368195e+02, 2.818614070850791222e+02, 2.839490452828281377e+02, 2.830082529604187584e+02, 2.845777489331588868e+02, 2.834035599316393927e+02, 2.838101621347584000e+02, 2.844652918525824816e+02, 2.849180851627892821e+02, 2.844545702389909252e+02, 2.849722231646543946e+02
2.035000000000000000e+03, 2.837971888519221579e+02, 2.827320073929170121e+02, 2.834023389117252236e+02, 2.811324137462118529e+02, 2.834686471687794551e+02, 2.830659841858270056e+02, 2.828992361446163386e+02, 2.834805799148287520e+02, 2.829613317472300764e+02, 2.843880650256553508e+02, 2.834486040703932872e+02, 2.832520355053890739e+02, 2.838432804784509358e+02, 2.844108081940422608e+02, 2.837138626644291435e+02, 2.843875739630827866e+02
2.036000000000000000e+03, 2.838604715855934160e+02, 2.828282803318588208e+02, 2.823618513335199509e+02, 2.807958225854756051e+02, 2.829402883743803727e+02, 2.837871270873950493e+02, 2.832183964033960706e+02, 2.836101694571726739e+02, 2.827306777367883228e+02, 2.846990034626118700e+02, 2.832166053641013264e+02, 2.851606565731657952e+02, 2.838395182998243058e+02, 2.844295531051798775e+02, 2.844469530143900329e+02, 2.853463091096253379e+02
2.037000000000000000e+03, 2.835254959296887023e+02, 2.823931010763819245e+02, 2.825481769572313056e+02, 2.810259376959349993e+02, 2.843938428344471845e+02, 2.825278570761043966e+02, 2.826590958023343774e+02, 2.840858743439527530e+02, 2.829684939641709889e+02, 2.839385454394300154e+02, 2.832063014265852416e+02, 2.852424590526103998e+02, 2.842992531184044651e+02, 2.841301594750058825e+02, 2.843424862005089153e+02, 2.848880274220882143e+02
2.038000000000000000e+03, 2.839900694301505268e+02, 2.837261547762505529e+02, 2.827020984494943718e+02, 2.813163819705525270e+02, 2.839044737311491531e+02, 2.829149139708330267e+02, 2.836158367297225027e+02, 2.836322956073167347e+02, 2.829615299684948013e+02, 2.840450012272049776e+02, 2.833554528141933133e+02, 2.849839626497740142e+02, 2.842778723414256206e+02, 2.849184560887288171e+02, 2.838091398070635023e+02, 2.847548672342443297e+02
2.039000000000000000e+03, 2.848002133263098017e+02, 2.828420671155190007e+02, 2.821130547914278850e+02, 2.802201013723874325e+02, 2.831531839681609881e+02, 2.833815770798235576e+02, 2.829664180116867556e+02, 2.839960023532337345e+02, 2.829935367363929117e+02, 2.852607514490919698e+02, 2.838742680606895306e+02, 2.848543605532471474e+02, 2.840741014262189310e+02, 2.849448943067598066e+02, 2.839839546915355299e+02, 2.858036586451998460e+02
2.040000000000000000e+03, 2.846242811107075568e+02, 2.834811184440011971e+02, 2.807396971220088631e+02, 2.816238523651534251e+02, 2.824452682040326863e+02, 2.831517022494816160e+02, 2.829122890442380367e+02, 2.841510917887210326e+02, 2.822749899139581089e+02, 2.833013343609014214e+02, 2.836388355340537260e+02, 2.847627938941498655e+02, 2.842339203957713494e+02, 2.857926370881025377e+02, 2.844613631187386318e+02, 2.850912746763099221e+02
2.041000000000000000e+03, 2.842338613633310729e+02, 2.831030597341568864e+02, 2.828454143060856154e+02, 2.816160181735411925e+02, 2.830638889973091636e+02, 2.825474683170791650e+02, 2.837745337498601543e+02, 2.838075141084673305e+02, 2.825859840642406198e+02, 2.843085622010897850e+02, 2.833076073934799410e+02, 2.846472359290390841e+02, 2.838148440743919991e+02, 2.842301376805860968e+02, 2.837889970975814435e+02, 2.853811905770258477e+02
2.042000000000000000e+03, 2.850941563950255500e+02, 2.825287462319092811e+02, 2.823333606743787527e+02, 2.807948267444451744e+02, 2.835734517948210396e+02, 2.839277632786996719e+02, 2.833845660301941507e+02, 2.843285115147694455e+02, 2.821512889776823840e+02, 2.850099320740346798e+02, 2.830324186346782653e+02, 2.837218988241347688e+02, 2.844201215780037160e+02, 2.852721874426989643e+02, 2.839191837071518307e+02, 2.853429803889692948e+02
2.043000000000000000e+03, 2.843260791548742645e+02, 2.830493603787901407e+02, 2.824586580504831659e+02, 2.805941854427099997e+02, 2.840279712025042045e+02, 2.836385463358872698e+02, 2.822437281857842208e+02, 2.841870850355648486e+02, 2.834903933404680174e+02, 2.849404050480341084e+02, 2.841829864168596487e+02, 2.846773836780983515e+02, 2.843496660998897028e+02, 2.847419070453742052e+02, 2.837707197272178519e+02, 2.853379768921561777e+02
2.044000000000000000e+03, 2.848861379663991329e+02, 2.830387852419512456e+02, 2.817726371885624985e+02, 2.806859544247457734e+02, 2.832823463755114517e+02, 2.835138179835077494e+02, 2.827407532931055698e+02, 2.829802164607421560e+02, 2.831359248591169262e+02, 2.850575966925635498e+02, 2.829337775581757342e+02, 2.847309470462122363e+02, 2.843457611173895430e+02, 2.852337570132888231e+02, 2.841814953091164853e+02, 2.846253447050447107e+02
2.045000000000000000e+03, 2.851325246645907328e+02, 2.820703511546227560e+02, 2.822577941361378748e+02, 2.811520984117348689e+02, 2.834393695140538512e+02, 2.837277662630056625e+02, 2.830048430249415787e+02, 2.829867142700807676e+02, 2.832274838002901447e+02, 2.849232968921728570e+02, 2.833506555438062264e+02, 2.837367714736088828e+02, 2.838559452180600715e+02, 2.843636146229897008e+02, 2.841630983957835497e+02, 2.857201340355681509e+02
2.046000000000000000e+03, 2.846937311515519582e+02, 2.826886672015248223e+02, 2.826971919095137196e+02, 2.812292197654945767e+02, 2.834897072527537034e+02, 2.839125363105973179e+02, 2.834693244583942260e+02, 2.840248029786134794e+02, 2.833148059254820623e+02, 2.848336055098235988e+02, 2.840020906187988317e+02, 2.853649388314150315e+02, 2.841026994742513807e+02, 2.842718088367753353e+02, 2.843110450976120092e+02, 2.853677469116591396e+02
2.047000000000000000e+03, 2.846279036882104947e+02, 2.819032248633193944e+02, 2.827270165809682112e+02, 2.814805850709670949e+02, 2.836463395005183656e+02, 2.837251946581808397e+02, 2.836068143292435479e+02, 2.833567455022893569e+02, 2.825311511545203871e+02, 2.855513385934666530e+02, 2.835728147914441024e+02, 2.839069175997003072e+02, 2.837255527112843083e+02, 2.845834298835891332e+02, 2.856546104303076845e+02, 2.852982348728958755e+02
2.048000000000000000e+03, 2.839703608038668676e+02, 2.833399067844538877e+02, 2.822808615029097723e+02, 2.809562461218753242e+02, 2.832833447530464355e+02, 2.834455462782527775e+02, 2.824827189917650117e+02, 2.836321761357231708e+02, 2.832117881678786944e+02, 2.854838538983224794e+02, 2.839311202660903177e+02, 2.845498178137113996e+02, 2.840033234385747960e+02, 2.851706019772454965e+02, 2.849277960100230871e+02, 2.843822637636300215e+02
2.049000000000000000e+03, 2.840878546532943574e+02, 2.835011167341411351e+02, 2.809711932407963673e+02, 2.821300931537243741e+02, 2.826090630434757145e+02, 2.831129891512603081e+02, 2.830855618816878518e+02, 2.832226786032728683e+02, 2.837192400636616298e+02, 2.848127571539121163e+02, 2.837099270998142515e+02, 2.844483373884131083e+02, 2.846186979523704963e+02, 2.844694929565876009e+02, 2.851824315223853432e+02, 2.859403534510035456e+02
2.050000000000000000e+03, 2.842791035365629000e+02, 2.839778212687438099e+02, 2.827002503665200379e+02, 2.811078379177592410e+02, 2.826367808876451591e+02, 2.833473046988329429e+02, 2.824400291417158542e+02, 2.835935458598667083e+02, 2.845567679364750120e+02, 2.853773550530464718e+02, 2.827367617968050126e+02, 2.845122675730459605e+02, 2.835057245541973998e+02, 2.843049569492682735e+02, 2.840354519823621331e+02, 2.850084745365157346e+02
2.051000000000000000e+03, 2.845233757297583566e+02, 2.833712689209037876e+02, 2.826571471540198104e+02, 2.808843723878877654e+02, 2.832263034964010444e+02, 2.834540770253825031e+02, 2.840636916674494046e+02, 2.830423642001941289e+02, 2.833218448707785342e+02, 2.850097455936769393e+02, 2.833570643380299430e+02, 2.851785215850984514e+02, 2.842685640127733109e+02, 2.840980587331887932e+02, 2.845718923698631215e+02, 2.858654748257424103e+02
2.052000000000000000e+03, 2.847542522877446345e+02, 2.831568592668778024e+02, 2.823625506325230390e+02, 2.821946618341602857e+02, 2.826759809295142531e+02, 2.839836239770290263e+02, 2.831400801958321836e+02, 2.830241712050428760e+02, 2.825137762964147328e+02, 2.854927319309168183e+02, 2.833519430731229818e+02, 2.848676771878577938e+02, 2.840661821885835252e+02, 2.847027534591803146e+02, 2.840626105092169382e+02, 2.856344093663735748e+02
2.053000000000000000e+03, 2.841621800155704705e+02, 2.826822707873699301e+02, 2.831362407262398051e+02, 2.814817226192155317e+02, 2.834912959835435800e+02, 2.832534801347680400e+02, 2.838114196288046287e+02, 2.835852563668067887e+02, 2.839766742747037824e+02, 2.853524049605866253e+02, 2.831805686875985089e+02, 2.849758782411826132e+02, 2.840337015861601913e+02, 2.846772216720499955e+02, 2.850263466027263917e+02, 2.849347705303355269e+02
2.054000000000000000e+03, 2.845928791938080167e+02, 2.821414188402276864e+02, 2.814190637936230814e+02, 2.816752484252141358e+02, 2.831244039028337625e+02, 2.830084771246755508e+02, 2.828424877257754702e+02, 2.832076982347324474e+02, 2.841441073993003670e+02, 2.855502380655203183e+02, 2.839188632129760776e+02, 2.856278660140591228e+02, 2.839899235789069962e+02, 2.838128404152516850e+02, 2.846625071418687867e+02, 2.854826577440290976e+02
2.055000000000000000e+03, 2.844718544361224986e+02, 2.837273625115650475e+02, 2.828414804779396832e+02, 2.820599936448161884e+02, 2.830812930859361813e+02, 2.840484865067665510e+02, 2.820970512406177590e+02, 2.835972208626407678e+02, 2.831122974569439066e+02, 2.847009786156033329e+02, 2.838876965003137798e+02, 2.850637091050052163e+02, 2.839986910269609552e+02, 2.841811039377440693e+02, 2.849032800104554326e+02, 2.857105248917329732e+02
2.056000000000000000e+03, 2.847340824394382253e+02, 2.836245770120550560e+02, 2.821028438834006238e+02, 2.816554610191626011e+02, 2.827724286562877296e+02, 2.830118895665021341e+02, 2.819306341060491263e+02, 2.842351357468181163e+02, 2.824478137844660637e+02, 2.849233339774874025e+02, 2.833433766142088075e+02, 2.844326859690476681e+02, 2.844690486217504031e+02, 2.841314435866161148e+02, 2.844148413038697072e+02, 2.856261886439268096e+02
2.057000000000000000e+03, 2.848078260431253170e+02, 2.832601085183169403e+02, 2.822585969456635553e+02, 2.813630999709807270e+02, 2.829226177278907812e+02, 2.831162699450680975e+02, 2.831213124507277143e+02, 2.835796110815264228e+02, 2.837121937655239776e+02, 2.851030680679773468e+02, 2.836544159862675087e+02, 2.849461814139885973e+02, 2.828767130965017031e+02, 2.846323742995000430e+02, 2.844111322110111928e+02, 2.857083422888472342e+02
2.058000000000000000e+03, 2.840852108786065173e+02, 2.836974272702889834e+02, 2.831191786473744969e+02, 2.818921497356855639e+02, 2.825956896521589101e+02, 2.831319498072620604e+02, 2.824860549688213496e+02, 2.832924715079296902e+02, 2.831783809831006806e+02, 2.855502062354665327e+02, 2.841493400536495528e+02, 2.848646232821826061e+02, 2.844798436208474186e+02, 2.839584793436587802e+02, 2.848422248857640398e+02, 2.864106291200268402e+02
2.059000000000000000e+03, 2.843916285763995688e+02, 2.842000028823651405e+02, 2.807901939505752580e+02, 2.824811278230562266e+02, 2.829861656619681298e+02, 2.836165070197568525e+02, 2.827134374823865528e+02, 2.843668906222546298e+02, 2.827360684997607336e+02, 2.860945506250964172e+02, 2.842296048212098185e+02, 2.848566115653670181e+02, 2.843258880920985234e+02, 2.852027837838471100e+02, 2.845465539991524224e+02, 2.858152199049922615e+02
2.060000000000000000e+03, 2.847260984586942527e+02, 2.832549898309193850e+02, 2.822412706441556907e+02, 2.822521091633020660e+02, 2.835464022008456482e+02, 2.835001088657501214e+02, 2.828888086953069205e+02, 2.829339529351159968e+02, 2.831918876783708470e+02, 2.852097925120066861e+02, 2.838868829141219408e+02, 2.857573940456005630e+02, 2.835087657901615330e+02, 2.837308866451400036e+02, 2.842154743225778475e+02, 2.861845826003320781e+02
2.061000000000000000e+03, 2.845691263003399172e+02, 2.837898845093878890e+02, 2.828715268828854619e+02, 2.818602070410942133e+02, 2.836836323518512586e+02, 2.838467626819349334e+02, 2.836677606818004733e+02, 2.852688529128132586e+02, 2.830602332256214027e+02, 2.859775435155913783e+02, 2.840378118086548511e+02, 2.851222049141397861e+02, 2.837034549725291868e+02, 2.842973400317895312e+02, 2.841702585248622768e+02, 2.860829064361777228e+02
2.062000000000000000e+03, 2.841300019741364054e+02, 2.839655938935590029e+02, 2.829359039047630517e+02, 2.814747824953658437e+02, 2.828045064687285048e+02, 2.832939210298861781e+02, 2.837203610983093540e+02, 2.837139685568901655e+02, 2.827374055037706739e+02, 2.866803114006542046e+02, 2.845477974473684526e+02, 2.856168606897465452e+02, 2.836542864207461889e+02, 2.843759202486801314e+02, 2.847082853792536525e+02, 2.849108321885412920e+02
2.063000000000000000e+03, 2.842008292875462416e+02, 2.828065062507893686e+02, 2.821380130259009889e+02, 2.817040436740657015e+02, 2.838932776629563932e+02, 2.844303882620637296e+02, 2.821931164008884707e+02, 2.838609472695563909e+02, 2.836664144009671418e+02, 2.858565403196809598e+02, 2.842184261306858843e+02, 2.846279474384334662e+02, 2.846239695639447973e+02, 2.844410499742502907e+02, 2.844272369531730078e+02, 2.855611129422496219e+02
2.064000000000000000e+03, 2.834949564541580003e+02, 2.834756233005572881e+02, 2.834999271270177132e+02, 2.821672420200869738e+02, 2.834595162354861486e+02, 2.835157490961971689e+02, 2.823466194784622303e+02, 2.842484495866920042e+02, 2.834733041841803356e+02, 2.860537958592177574e+02, 2.838552002688992388e+02, 2.856675398601108213e+02, 2.841317533903479102e+02, 2.846338462315998754e+02, 2.851157927557174503e+02, 2.857857127973689444e+02
2.065000000000000000e+03, 2.843034949063845147e+02, 2.830274916555068785e+02, 2.823178548540749944e+02, 2.813287716553065252e+02, 2.837217205969483302e+02, 2.839941108338534264e+02, 2.831070630410377476e+02, 2.835919766446669996e+02, 2.826663572742976953e+02, 2.848651781834565782e+02, 2.842005484764914058e+02, 2.848973534305779367e+02, 2.842470746753668891e+02, 2.846986207426336932e+02, 2.843696118435431686e+02, 2.854166343660671714e+02
2.066000000000000000e+03, 2.841143426062926665e+02, 2.834897885674504892e+02, 2.834385381139245510e+02, 2.820929068149876571e+02, 2.836747453278781563e+02, 2.831816429332696430e+02, 2.822772883096928922e+02, 2.836026078703912390e+02, 2.831786444213872187e+02, 2.850270660531474505e+02, 2.842770747782228682e+02, 2.846444118042189757e+02, 2.838794041784333899e+02, 2.846770156963337399e+02, 2.840761044368375678e+02, 2.850616722110867727e+02
2.067000000000000000e+03, 2.844067035352213679e+02, 2.839661530587823677e+02, 2.822901993661268989e+02, 2.818228641046903249e+02, 2.834544659068940859e+02, 2.834528700429301580e+02, 2.823687965768054937e+02, 2.844747695967903383e+02, 2.839727932465396520e+02, 2.861799025761876010e+02, 2.844328342846758346e+02, 2.847149142394102341e+02, 2.834801353284876768e+02, 2.837349876134269380e+02, 2.843556809727620021e+02, 2.854651931720472362e+02
2.068000000000000000e+03, 2.854470135825794728e+02, 2.821950581132214779e+02, 2.827206369022743502e+02, 2.823252918452971585e+02, 2.838873269083494506e+02, 2.840887962244685241e+02, 2.828052362774912467e+02, 2.829760984282092409e+02, 2.835128047039926287e+02, 2.862123463671494505e+02, 2.835446833744555875e+02, 2.851263183907173016e+02, 2.833461487604259332e+02, 2.840278833325522783e+02, 2.847079286026806244e+02, 2.860039424179977914e+02
2.069000000000000000e+03, 2.851908740552766517e+02, 2.835993694087567860e+02, 2.842409257584000670e+02, 2.820016610356034334e+02, 2.834911321090963838e+02, 2.841216074250651218e+02, 2.828629526533549665e+02, 2.836730880389944787e+02, 2.840741038269375167e+02, 2.859688265006231518e+02, 2.844872824359338210e+02, 2.857309498513814106e+02, 2.851019915714306876e+02, 2.843851762735963575e+02, 2.848769914929313813e+02, 2.858947663045634044e+02
2.070000000000000000e+03, 2.846483061648609123e+02, 2.827496908383222944e+02, 2.827910147706485873e+02, 2.817573630750512166e+02, 2.839379809619078401e+02, 2.835326247887015256e+02, 2.831235630654239799e+02, 2.839804921624879626e+02, 2.833878670532047863e+02, 2.850588632972211940e+02, 2.841263225558930117e+02, 2.853387852161935143e+02, 2.842263286775858546e+02, 2.850992292768399352e+02, 2.852708867418528484e+02, 2.852938580236017856e+02
2.071000000000000000e+03, 2.848613728614465117e+02, 2.843221245241151678e+02, 2.820618889762492358e+02, 2.820647683854942898e+02, 2.837360775199991281e+02, 2.837591358448497090e+02, 2.829311704940710115e+02, 2.832874772422651972e+02, 2.828320783226640742e+02, 2.857581717451038799e+02, 2.840889408124670013e+02, 2.839495760911725029e+02, 2.836837747954348288e+02, 2.849429606367134511e+02, 2.844275900101815751e+02, 2.859460889376597947e+02
2.072000000000000000e+03, 2.847420075873765200e+02, 2.844671041118069752e+02, 2.818794942025046453e+02, 2.808890587136471026e+02, 2.836017528763464384e+02, 2.835641333714543748e+02, 2.821639308074613837e+02, 2.842658901958055253e+02, 2.834322916923156299e+02, 2.849659758383646704e+02, 2.839401052159697088e+02, 2.846013966445655115e+02, 2.835064547171157301e+02, 2.843898807936809021e+02, 2.840500562816473575e+02, 2.849275373820366895e+02
2.073000000000000000e+03, 2.853259511619048112e+02, 2.846141577492219312e+02, 2.832618280023302759e+02, 2.813997575159158941e+02, 2.837092159210295677e+02, 2.834415950304653506e+02, 2.822403395799398709e+02, 2.832683930140130997e+02, 2.837808812738614961e+02, 2.850885620429620531e+02, 2.838449255819325003e+02, 2.845664664050716510e+02, 2.842483679738389810e+02, 2.844787016849470547e+02, 2.834884838183191391e+02, 2.862303681675988400e+02
2.074000000000000000e+03, 2.854744300932315468e+02, 2.846257055954905013e+02, 2.830426590144853662e+02, 2.816245960186442971e+02, 2.836160305904266465e+02, 2.821369078098695127e+02, 2.830923445538665533e+02, 2.838367322042776095e+02, 2.838171646241076473e+02, 2.853301297306629181e+02, 2.843459658102016192e+02, 2.852890906561007682e+02, 2.853739996983644573e+02, 2.850947894925328114e+02, 2.842979894069376883e+02, 2.859696305043605093e+02
2.075000000000000000e+03, 2.845891488187181722e+02, 2.845078828522190406e+02, 2.838331349364830771e+02, 2.821640157697604536e+02, 2.842313343839149411e+02, 2.838619116486358394e+02, 2.822392394332746335e+02, 2.834881468129930226e+02, 2.831191412004142194e+02, 2.860401269207055179e+02, 2.846890283033046671e+02, 2.847709521793732392e+02, 2.845690347218776424e+02, 2.843278934899721548e+02, 2.853853749744696415e+02, 2.862826860487664931e+02
2.076000000000000000e+03, 2.849697203407619668e+02, 2.835251690364707997e+02, 2.824716364201326542e+02, 2.821435467083397270e+02, 2.840052991166845686e+02, 2.833854932543733298e+02, 2.834705805798390088e+02, 2.834657817606401409e+02, 2.831314787758672651e+02, 2.858174124575841688e+02, 2.841212385623283012e+02, 2.854666965167855324e+02, 2.845931909642084179e+02, 2.843182383190318205e+02, 2.845213661040223201e+02, 2.857922176601780393e+02
2.077000000000000000e+03, 2.849942359086704755e+02, 2.844922219547383975e+02, 2.843272907283642326e+02, 2.813750554118926743e+02, 2.845681254601281580e+02, 2.832869216035578006e+02, 2.830273664170586017e+02, 2.840315770791629006e+02, 2.839369573926398971e+02, 2.851955448061748370e+02, 2.844894555330855042e+02, 2.852548244936655237e+02, 2.838486613362378534e+02, 2.835410080867040961e+02, 2.842648797982009796e+02, 2.859642360267328627e+02
2.078000000000000000e+03, 2.856609660332603084e+02, 2.839065568272849305e+02, 2.831951894532501228e+02, 2.813578910716344694e+02, 2.832916739078831938e+02, 2.832367858435522976e+02, 2.828564228037844259e+02, 2.838255882238543109e+02, 2.835165739933652844e+02, 2.842789536352493087e+02, 2.837543707303799465e+02, 2.854069911240326292e+02, 2.837160971256676021e+02, 2.838901845758448417e+02, 2.840817206615557780e+02, 2.857044063894852570e+02
2.079000000000000000e+03, 2.848039982347853538e+02, 2.845204460528565846e+02, 2.828848036668359782e+02, 2.812643411690332300e+02, 2.837933965012306317e+02, 2.834273386265849126e+02, 2.821586569203324757e+02, 2.832765459855751260e+02, 2.836989493160955931e+02, 2.851824012032841438e+02, 2.836352576892115280e+02, 2.856583833411474984e+02, 2.840615480128982426e+02, 2.838806742587411236e+02, 2.843340284581367428e+02, 2.851595761645174321e+02
2.080000000000000000e+03, 2.849580219501329452e+02, 2.838227295045940082e+02, 2.825462606055743322e+02, 2.810607306740306512e+02, 2.837731447378732241e+02, 2.831136192254052730e+02, 2.835474875873109113e+02, 2.840263102920798701e+02, 2.835360484734418947e+02, 2.845437045765882544e+02, 2.837525296803140691e+02, 2.848349331886373079e+02, 2.835511133243262520e+02, 2.833659937397887916e+02, 2.847282292381811999e+02, 2.847430183843799796e+02
2.081000000000000000e+03, 2.852812690122546542e+02, 2.843949599540279110e+02, 2.836832496355568196e+02, 2.809816423343576162e+02, 2.833493612468357128e+02, 2.834650533865109878e+02, 2.828979488791274548e+02, 2.843194380355711246e+02, 2.833697491569248541e+02, 2.857939429788731900e+02, 2.832190620448047866e+02, 2.851916128868791702e+02, 2.835251274794714504e+02, 2.845280925394706060e+02, 2.837379690577593578e+02, 2.858147241081309176e+02
2.082000000000000000e+03, 2.848381616582180413e+02, 2.839448596364612172e+02, 2.821148385180428591e+02, 2.816348931278016039e+02, 2.835795082955896191e+02, 2.837000238114417243e+02, 2.826617090279541458e+02, 2.836494096388138360e+02, 2.832612630553182385e+02, 2.857383396236332942e+02, 2.833419024514578837e+02, 2.848294679118740760e+02, 2.839604646456419914e+02, 2.839049356516080138e+02, 2.844984324303325138e+02, 2.858723174472877986e+02
2.083000000000000000e+03, 2.857739861562710075e+02, 2.841510151143357916e+02, 2.832486041922173285e+02, 2.807927414141076383e+02, 2.835855211236343507e+02, 2.838327383901424241e+02, 2.831656429954112468e+02, 2.836798488764129615e+02, 2.833360345831651443e+02, 2.854122395457006860e+02, 2.841058697183498793e+02, 2.853169994552387152e+02, 2.841608878968447698e+02, 2.839492706662144883e+02, 2.832028334478661122e+02, 2.864626773442753347e+02
2.084000000000000000e+03, 2.850917333560005318e+02, 2.838114962796944951e+02, 2.831031846972361450e+02, 2.814798173751016179e+02, 2.839949211831298044e+02, 2.843563067052464817e+02, 2.828383602440218851e+02, 2.841070946811366298e+02, 2.828524014063095251e+02, 2.858778739628102699e+02, 2.844756349489043714e+02, 2.839852645895899741e+02, 2.832056703770307422e+02, 2.841435175359473533e+02, 2.849688675152507358e+02, 2.862518118581589306e+02
2.085000000000000000e+03, 2.845650838441625297e+02, 2.850225853048057729e+02, 2.829331967970377946e+02, 2.821112416978019724e+02, 2.839135770578241704e+02, 2.832866008094639483e+02, 2.822834420109238636e+02, 2.828004796653283961e+02, 2.835826169618484300e+02, 2.867994851790534767e+02, 2.832493907367054931e+02, 2.850140803995413989e+02, 2.840957311164587509e+02, 2.834814291935314259e+02, 2.840737030690056599e+02, 2.861347498133490603e+02
2.086000000000000000e+03, 2.847774189361799131e+02, 2.828347315005287328e+02, 2.833226196207420458e+02, 2.814559285141559144e+02, 2.838093642783495625e+02, 2.834522361519818787e+02, 2.830061259979411830e+02, 2.839934212167068495e+02, 2.840774696236168779e+02, 2.859916837087828867e+02, 2.837713981709658810e+02, 2.846946338078535632e+02, 2.841823973612264354e+02, 2.845636845807043755e+02, 2.843305726402829237e+02, 2.853553146120950146e+02
2.087000000000000000e+03, 2.854239044827188536e+02, 2.835338246653784040e+02, 2.835971218181703080e+02, 2.811447041363323365e+02, 2.837674557932471089e+02, 2.825066621965786453e+02, 2.828192632259255674e+02, 2.832441675589864758e+02, 2.838925162294717097e+02, 2.857576466393136911e+02, 2.841865290897782188e+02, 2.850571261058320260e+02, 2.840834169765544175e+02, 2.834428884852267174e+02, 2.845247567993986877e+02, 2.856956703453480486e+02
2.088000000000000000e+03, 2.855350183017403083e+02, 2.844229852809679642e+02, 2.834135448800386143e+02, 2.809033080954172306e+02, 2.836712296617999414e+02, 2.833792439072843194e+02, 2.826865656655916723e+02, 2.834887509143932220e+02, 2.831853024151808427e+02, 2.859257754147882906e+02, 2.839891373328554778e+02, 2.850432957066814197e+02, 2.833527179436927668e+02, 2.842780541100704568e+02, 2.848927560350787758e+02, 2.849132505051157409e+02
2.089000000000000000e+03, 2.853129168148964823e+02, 2.831400355420223036e+02, 2.824994034174134754e+02, 2.823965069831093047e+02, 2.843377580837716323e+02, 2.835858195018711854e+02, 2.829212964562857451e+02, 2.836648906091934350e+02, 2.838829012574171884e+02, 2.867431640420879262e+02, 2.835332929966642723e+02, 2.851989622433397358e+02, 2.847778435783470172e+02, 2.829720625944510175e+02, 2.851111944179488660e+02, 2.856289188042036926e+02
2.090000000000000000e+03, 2.855071390881138313e+02, 2.837955548467546691e+02, 2.839235529248250032e+02, 2.809627964360163901e+02, 2.839882516674170461e+02, 2.833761673930119969e+02, 2.826940663718351061e+02, 2.834864478129050553e+02, 2.842197796567987780e+02, 2.860406771538242765e+02, 2.845550490797214707e+02, 2.849601187120411510e+02, 2.844525354656931881e+02, 2.844534416939727635e+02, 2.847435484579530112e+02, 2.843905167024726666e+02
2.091000000000000000e+03, 2.849978976365229073e+02, 2.833246690901953571e+02, 2.836527540697409222e+02, 2.816275971268225362e+02, 2.836797043572291273e+02, 2.828448665782190687e+02, 2.836886211317905122e+02, 2.829894393822243046e+02, 2.828805822900405360e+02, 2.852501183667669693e+02, 2.840839537487706252e+02, 2.850360369362925894e+02, 2.843427046907169711e+02, 2.842323145875303112e+02, 2.851197678090155705e+02, 2.853683489890158285e+02
2.092000000000000000e+03, 2.856027837186159104e+02, 2.836852414490729188e+02, 2.835192558729895609e+02, 2.819038346753048359e+02, 2.837687414012780778e+02, 2.836812700645925815e+02, 2.818967091878570841e+02, 2.832751575852321366e+02, 2.827621506691904187e+02, 2.868742960302029701e+02, 2.840172555713662632e+02, 2.852831389816527690e+02, 2.848199270217588150e+02, 2.845125233740316162e+02, 2.848717067541968504e+02, 2.856175289196935978e+02
2.093000000000000000e+03, 2.848583690518590856e+02, 2.834907756940759782e+02, 2.837284900815636206e+02, 2.814479912622811639e+02, 2.843554085758495944e+02, 2.836706875702703314e+02, 2.824608355397016908e+02, 2.832138171913993006e+02, 2.835211003143460289e+02, 2.857427812646497500e+02, 2.836770128590804347e+02, 2.845870845863493059e+02, 2.845445785013078535e+02, 2.840486047251608284e+02, 2.838914809343399384e+02, 2.856670966649684260e+02
2.094000000000000000e+03, 2.853130387290865428e+02, 2.842954648173384271e+02, 2.829974204118066154e+02, 2.813128756269509267e+02, 2.842619810085171252e+02, 2.837520319422710600e+02, 2.836529724838603101e+02, 2.832104484265511815e+02, 2.830662940088265600e+02, 2.865384757013372905e+02, 2.845642097936466257e+02, 2.852975189708076300e+02, 2.852977049877036393e+02, 2.842974488617824136e+02, 2.836151180707868207e+02, 2.845685259382307777e+02
2.095000000000000000e+03, 2.855585330402619775e+02, 2.843847552677863746e+02, 2.817060626618858805e+02, 2.809176640762127022e+02, 2.838621606649962814e+02, 2.838338510873950327e+02, 2.826307440732598479e+02, 2.830968516030610544e+02, 2.830509775020632901e+02, 2.864636867159740063e+02, 2.842319867447818638e+02, 2.845895837408198190e+02, 2.838688840341479249e+02, 2.837110300363063971e+02, 2.838067392846485291e+02, 2.857580580956980612e+02
2.096000000000000000e+03, 2.851865964692541411e+02, 2.839475051006903072e+02, 2.841870236213644603e+02, 2.815175191638252841e+02, 2.844941373376726688e+02, 2.835788418644530111e+02, 2.831497204971500992e+02, 2.835839224225418320e+02, 2.838459085476756059e+02, 2.864315825916258973e+02, 2.841166977852856235e+02, 2.843512811528703992e+02, 2.835579713187901802e+02, 2.843164266367859909e+02, 2.837820911937000119e+02, 2.858566476199793556e+02
2.097000000000000000e+03, 2.850681189661036115e+02, 2.840280220786161749e+02, 2.836032483005406561e+02, 2.807707623109226347e+02, 2.830158935388619170e+02, 2.836745206745941346e+02, 2.823933226705511288e+02, 2.838085530656311448e+02, 2.840908496047633776e+02, 2.865768752427744630e+02, 2.836182474879605593e+02, 2.848895337842756703e+02, 2.839592648077594959e+02, 2.841873658099753470e+02, 2.844897744070269709e+02, 2.849090075961249795e+02
2.098000000000000000e+03, 2.853871829625747409e+02, 2.831088476109815701e+02, 2.837562546648526904e+02, 2.806658137692036235e+02, 2.838638455184499776e+02, 2.827319693539891432e+02, 2.820063041126788903e+02, 2.836330577279219369e+02, 2.834993528649699215e+02, 2.861605748349689975e+02, 2.834404445792903289e+02, 2.848478385470257876e+02, 2.845815918752875291e+02, 2.847032070094302298e+02, 2.843509458003525765e+02, 2.864969543134229184e+02
2.099000000000000000e+03, 2.848866803271358208e+02, 2.838327943526505805e+02, 2.836822589378750195e+02, 2.807599781421108105e+02, 2.844569610372604416e+02, 2.821303299784475485e+02, 2.829070781486109354e+02, 2.841213287719792220e+02, 2.837546256917738106e+02, 2.861211001097120175e+02, 2.836924887233578261e+02, 2.844042480456606086e+02, 2.844723470919821011e+02, 2.849510020918593796e+02, 2.852420522056013397e+02, 2.858280913647448642e+02
2.100000000000000000e+03, 2.850051317631585448e+02, 2.838393246419954608e+02, 2.839651414956300641e+02, 2.804383321871199541e+02, 2.837071297246509971e+02, 2.835843645615506148e+02, 2.829244133945390445e+02, 2.827899439513873290e+02, 2.822100014642736028e+02, 2.866186448366868831e+02, 2.835540497097166508e+02, 2.853355327881142216e+02, 2.843001426691292295e+02, 2.847137206132674123e+02, 2.843838683836330574e+02, 2.862372300569716685e+02
