year, NorESM2-LM, CanESM5, MIROC-ES2L, MPI-ESM1-2-LR, EC-Earth3-Veg, UKESM1-0-LL, CNRM-ESM2-1, CESM2-WACCM, INM-CM5-0, INM-CM4-8, IPSL-CM6A-LR, TaiESM1, CMCC-CM2-SR5, ACCESS-ESM1-5, NorESM2-MM, GFDL-ESM4
1.850000000000000000e+03, 5.750241321627898472e+00, 1.485467691707531834e+01, 1.107692478966914074e+01, 1.225178278429058132e+01, 1.199890556208152326e+01, 1.110508684437935933e+01, 6.236644776627164433e+00, 7.019146018076750870e+00, 1.393017868265682857e+01, 1.387304406576387805e+01, 1.041332072908893558e+01, 9.248296120633739292e+00, 5.975617308432380703e+00, 9.108978306671511760e+00, 6.232012945704327400e+00, 1.042796747975167015e+01
1.851000000000000000e+03, 5.672976171807788681e+00, 1.541881395178996428e+01, 1.101073133527873082e+01, 1.137798751860537472e+01, 1.233276672312359601e+01, 1.032625650081471314e+01, 6.454685292896146898e+00, 7.225520730965840244e+00, 1.428784525598151411e+01, 1.344953368974966246e+01, 1.054768142834527289e+01, 9.838271290454308371e+00, 6.133344956787511570e+00, 9.571338257856485399e+00, 6.251519522824319886e+00, 1.093203199363919254e+01
1.852000000000000000e+03, 6.001163116634252503e+00, 1.562121804974793093e+01, 1.112986101255316385e+01, 1.203401140935667080e+01, 1.287841228699441132e+01, 1.015313227614601033e+01, 6.657793791556590790e+00, 6.971560944573251817e+00, 1.414794385813122801e+01, 1.438101634201350798e+01, 1.025681357167172969e+01, 9.097669149536958599e+00, 6.397949777538571858e+00, 9.302963498735650205e+00, 6.122682615547186735e+00, 1.143285212891659874e+01
1.853000000000000000e+03, 5.203407921772279288e+00, 1.514900148092056753e+01, 1.093467033710004266e+01, 1.048624328954074336e+01, 1.061379313934684099e+01, 1.080276861820241940e+01, 7.075373085903482462e+00, 7.458693700866231069e+00, 1.424466727724456661e+01, 1.356522949865716932e+01, 1.036044230939744004e+01, 9.434080651656779892e+00, 6.074055655386331409e+00, 8.926163102215410206e+00, 6.372270562321918241e+00, 1.088888616293008305e+01
1.854000000000000000e+03, 5.495336099968864296e+00, 1.506605707530492744e+01, 1.122786720628547741e+01, 1.013491854548666815e+01, 1.170586370076987848e+01, 1.088668053992672213e+01, 6.386242551766190267e+00, 7.406184278005436106e+00, 1.352356838591970245e+01, 1.345066996145698113e+01, 1.048057763911643470e+01, 9.761944916618617185e+00, 6.155423506721116489e+00, 8.976842135370207032e+00, 5.835032445686092473e+00, 1.156246505265001900e+01
1.855000000000000000e+03, 5.852072134304385109e+00, 1.498320459867965226e+01, 1.093293414527734164e+01, 1.104428637154955695e+01, 1.193523041885027069e+01, 1.151157725220477346e+01, 6.993845255886951939e+00, 7.280292883341073384e+00, 1.488638044930147508e+01, 1.455029701266978037e+01, 1.029588226616596280e+01, 8.692199167816289318e+00, 6.164080699817223064e+00, 9.301556024044337789e+00, 6.022431794083031420e+00, 1.177744696244652900e+01
1.856000000000000000e+03, 5.712668698035872517e+00, 1.485258397956261511e+01, 1.103046311807037405e+01, 1.098174519338404309e+01, 1.249100075411062072e+01, 1.006893203677411819e+01, 6.774834551381034409e+00, 7.165484913758780827e+00, 1.446911350524269047e+01, 1.310710863508594493e+01, 9.999112154549719023e+00, 9.450331216073328378e+00, 5.892968803841850622e+00, 9.131869875547540261e+00, 6.169589796955383676e+00, 1.144997414015392323e+01
1.857000000000000000e+03, 5.748089781525112407e+00, 1.463911796986745451e+01, 1.117633557097440899e+01, 1.066723941961837419e+01, 1.247039973741856222e+01, 1.054749054372381778e+01, 6.337982649340228924e+00, 7.640835129916183632e+00, 1.511487460330030430e+01, 1.407406551977624787e+01, 1.004893822499266776e+01, 9.523861269493568926e+00, 6.301462075685680730e+00, 9.716992849039490565e+00, 5.868361325576477050e+00, 1.085106184144371078e+01
1.858000000000000000e+03, 5.982513910699123194e+00, 1.485653003197385935e+01, 1.087522820349751740e+01, 1.153834144646226889e+01, 1.192179133505017141e+01, 1.037286800294171307e+01, 7.088626511136383535e+00, 7.484152904158347219e+00, 1.434397777703827792e+01, 1.391569064829080027e+01, 1.099067527457005156e+01, 9.529728029053289973e+00, 6.086293083686665106e+00, 1.028768004666119396e+01, 5.923911840169765242e+00, 1.141412243094421441e+01
1.859000000000000000e+03, 5.921623812839929890e+00, 1.478623780789285824e+01, 1.113490080875129884e+01, 1.190551261461755672e+01, 1.236968161229160756e+01, 9.830309123508607527e+00, 7.114135941039201327e+00, 6.995360479828644173e+00, 1.442256609762083208e+01, 1.466137916668790453e+01, 1.054552630759954823e+01, 8.503749890302140457e+00, 6.078684665078758265e+00, 9.619403990271058191e+00, 6.180218448148389498e+00, 1.125784764376641611e+01
1.860000000000000000e+03, 5.559500312501588937e+00, 1.513913104116003261e+01, 1.102209312596791690e+01, 1.171594043871669300e+01, 1.223799601569976581e+01, 1.091339296462216346e+01, 5.938009559828029360e+00, 6.842056125926086807e+00, 1.454868288194788839e+01, 1.391639906436126140e+01, 1.088897430814362721e+01, 9.560456574378981998e+00, 6.236283757174278186e+00, 9.919534225065794075e+00, 6.413820966092829146e+00, 1.148247066507346226e+01
1.861000000000000000e+03, 5.055097351593700772e+00, 1.537896106585179545e+01, 1.089253587944689983e+01, 1.022661479572337306e+01, 1.285602133472038844e+01, 8.584109719111950199e+00, 7.572814688753219059e+00, 6.988417331180107439e+00, 1.383524955796386990e+01, 1.403940200422136719e+01, 1.042489686496566215e+01, 1.003147248389457680e+01, 6.104461302087677232e+00, 1.012223449415816567e+01, 5.756674637563438779e+00, 1.159642771474330480e+01
1.862000000000000000e+03, 5.600608502514893949e+00, 1.571290359435093542e+01, 1.118543944672039636e+01, 1.144673529482337493e+01, 1.209301820417366180e+01, 9.744689040035797944e+00, 7.875485744271408350e+00, 7.139306613457049089e+00, 1.471461282762318845e+01, 1.392224096510295617e+01, 1.024116726600709448e+01, 9.267790696880524592e+00, 6.386859577477873806e+00, 1.014789742367606529e+01, 6.128254543912631469e+00, 1.135741066992185822e+01
1.863000000000000000e+03, 5.494691063510316553e+00, 1.482045647931166066e+01, 1.102263789044513942e+01, 1.186648384234738174e+01, 1.154460162382699728e+01, 1.053069293379291516e+01, 6.608216971872611367e+00, 7.132649205156452510e+00, 1.418337765499496683e+01, 1.468891037527893140e+01, 1.080136157020703003e+01, 9.246647347339269629e+00, 6.038806886069014723e+00, 9.471205252491790461e+00, 6.243813841564963774e+00, 1.152622772659280947e+01
1.864000000000000000e+03, 5.583331678518486108e+00, 1.496739900664598544e+01, 1.109927234301600230e+01, 1.031093113726076638e+01, 1.147210949328688478e+01, 1.068709036005466118e+01, 5.574274713667979775e+00, 7.457711296337056872e+00, 1.460369818072497239e+01, 1.458283885258572354e+01, 1.062839239502944366e+01, 8.950116532367538014e+00, 6.368699520689110827e+00, 9.383121167119558237e+00, 6.204072502782794984e+00, 1.125687082649911730e+01
1.865000000000000000e+03, 5.705933711273940112e+00, 1.527893327228937892e+01, 1.106275959736755965e+01, 1.026690354685857365e+01, 1.143499137039117741e+01, 1.225506241110311123e+01, 6.624225897204451208e+00, 7.027522804157654512e+00, 1.445088163954917881e+01, 1.470650334009645199e+01, 1.051538615240820640e+01, 9.583909464195102146e+00, 6.299680302987910707e+00, 9.330140917921116994e+00, 6.098077013432154025e+00, 1.048776357843923002e+01
1.866000000000000000e+03, 5.659287592227638441e+00, 1.518096023239173142e+01, 1.065773567701000779e+01, 1.168364627339760808e+01, 1.215660771769458748e+01, 9.999690807648441648e+00, 7.179357784367351947e+00, 7.598546936149658038e+00, 1.450180978321550818e+01, 1.419406185803704012e+01, 1.078705570614051723e+01, 9.428479637183649231e+00, 6.086210629226052049e+00, 9.517975155010917732e+00, 5.855176259627521418e+00, 1.095613704747619366e+01
1.867000000000000000e+03, 5.732509071733104200e+00, 1.517168171306512647e+01, 1.085590170004688737e+01, 1.209217556918252079e+01, 1.149214913642911284e+01, 1.014494752013905376e+01, 5.641863807126476615e+00, 7.240640142178262906e+00, 1.422436211098087888e+01, 1.350622991363283099e+01, 9.883169403659124441e+00, 9.426214245756417753e+00, 6.190668398625302160e+00, 9.342869241507509415e+00, 5.972747138244037579e+00, 1.130631601284078336e+01
1.868000000000000000e+03, 5.754605853615826661e+00, 1.535185682506047300e+01, 1.130652067273459771e+01, 1.157476137326879950e+01, 1.220093505394230959e+01, 1.080127207838534353e+01, 7.103696625813226362e+00, 7.185436392368724334e+00, 1.388645912102884061e+01, 1.352927268461233545e+01, 1.080227167119883980e+01, 9.197546303975229876e+00, 6.462048096384431339e+00, 9.148343359522051799e+00, 6.326610512472854886e+00, 1.132895130842069342e+01
1.869000000000000000e+03, 5.482148000501507745e+00, 1.553872632501291839e+01, 1.100576675123055992e+01, 1.159267411432945671e+01, 1.277529674303197638e+01, 1.234556124517889941e+01, 6.060030357225947739e+00, 7.197874271010916480e+00, 1.451798522702664584e+01, 1.392215000860940677e+01, 1.097117190632321027e+01, 9.088152263641914530e+00, 6.001780208579869935e+00, 9.615046166160494678e+00, 5.983290341122062372e+00, 1.082419662516770131e+01
1.870000000000000000e+03, 5.598825284028882798e+00, 1.551663890025655945e+01, 1.096574604657652863e+01, 1.049494654510240110e+01, 1.208556604884972963e+01, 1.042218044505180785e+01, 6.701347536604842503e+00, 6.982869066459082674e+00, 1.500349597848853023e+01, 1.347870870481674643e+01, 1.053513122829921222e+01, 9.401180276274130776e+00, 5.993444929331102067e+00, 1.003010452574320688e+01, 6.136515157604470083e+00, 1.138689464481031166e+01
1.871000000000000000e+03, 5.512019307810264834e+00, 1.547112161579005551e+01, 1.099942799342055544e+01, 1.171850464929602964e+01, 1.151712160297232401e+01, 9.207310707977075737e+00, 5.884339973974670457e+00, 7.461864644109029499e+00, 1.449696116271218571e+01, 1.466279176814553864e+01, 9.828109163992875708e+00, 9.630211843314496534e+00, 6.296728080911607961e+00, 9.641036214801015802e+00, 5.986764900580487492e+00, 1.098769250935420061e+01
1.872000000000000000e+03, 5.999643617536557727e+00, 1.562659180507183621e+01, 1.076584607102017976e+01, 1.138276485452705700e+01, 1.152069047886651276e+01, 1.029844622189872005e+01, 7.025506440219154491e+00, 7.370076721641484419e+00, 1.438845076665958622e+01, 1.444860958515564420e+01, 1.022499134398755238e+01, 9.031357753444297032e+00, 6.005901001687755425e+00, 9.894365923018582976e+00, 6.215874656224166905e+00, 1.101214059815024626e+01
1.873000000000000000e+03, 5.876819636164067440e+00, 1.539603535563253800e+01, 1.096853902863106178e+01, 1.107516212763970209e+01, 1.251775860008971542e+01, 1.023205409721456860e+01, 6.534781586890575866e+00, 7.356212739902001196e+00, 1.435871047895700769e+01, 1.382619321753714381e+01, 1.039690725003761607e+01, 9.770225568387402859e+00, 6.199939520784004898e+00, 9.713319343128043570e+00, 5.715936190518188909e+00, 1.057603395885552544e+01
1.874000000000000000e+03, 5.606194635804884641e+00, 1.533952458369545369e+01, 1.120890329856185730e+01, 1.095211962755714730e+01, 1.267196942974526053e+01, 1.056883420143297059e+01, 6.686463679610620936e+00, 6.655675674445752144e+00, 1.471775671011736186e+01, 1.438081239095991393e+01, 1.029424742991785102e+01, 8.867716576880031454e+00, 6.069259340954374693e+00, 9.418214258519800097e+00, 5.902349953967509499e+00, 1.067998752881951496e+01
1.875000000000000000e+03, 5.285723898519919750e+00, 1.576949814920780035e+01, 1.114238915928050488e+01, 1.095528327106215194e+01, 1.171075182935387105e+01, 1.036324302999341285e+01, 5.913467968249878304e+00, 7.430844829551386255e+00, 1.527661393297343828e+01, 1.521548966844437345e+01, 1.078838987132397342e+01, 9.248008027541935405e+00, 6.296334076419405790e+00, 9.432907555338333694e+00, 6.252687620800291945e+00, 1.109596565334872942e+01
1.876000000000000000e+03, 5.658914656401113241e+00, 1.508331166108521337e+01, 1.045294846898913832e+01, 1.184678253164742401e+01, 1.122839434489166699e+01, 1.007578541861946775e+01, 6.812578592947814649e+00, 7.284549671675782712e+00, 1.475343946620537139e+01, 1.469742814377500650e+01, 1.039676803365398072e+01, 9.832428576564364420e+00, 6.127452452355133694e+00, 9.330403138765904103e+00, 6.155941402580630495e+00, 1.075974729203592162e+01
1.877000000000000000e+03, 5.617863627874199572e+00, 1.482480271668538307e+01, 1.057505014983724401e+01, 1.161180812589180711e+01, 1.229946168044508070e+01, 1.020736452472361044e+01, 6.494263430305206697e+00, 7.215098298505560059e+00, 1.495510013282540029e+01, 1.521415091903627470e+01, 1.077523948833760592e+01, 9.664581937717290572e+00, 6.185770196834975643e+00, 9.477882748662612045e+00, 6.179399557879881044e+00, 1.063354400562161040e+01
1.878000000000000000e+03, 5.771617892126747584e+00, 1.509183886168097644e+01, 1.076951413320584727e+01, 1.154390494528534994e+01, 1.233327789645892381e+01, 9.966720184807206451e+00, 6.681609218478143930e+00, 7.642002062880776769e+00, 1.427935820224799635e+01, 1.467694675797090298e+01, 1.111249012904367106e+01, 9.108446239802258759e+00, 6.033348694303569459e+00, 9.920916169777461491e+00, 6.340440880417931524e+00, 1.067976423020943955e+01
1.879000000000000000e+03, 5.310892963465544625e+00, 1.525158777254559439e+01, 1.084866554784787951e+01, 1.125940336509833806e+01, 1.245486853578179698e+01, 1.143942365832293895e+01, 6.816234344879537943e+00, 7.305321336904379237e+00, 1.499087977639873870e+01, 1.436102696167277237e+01, 1.029836773565643782e+01, 9.704333725923795839e+00, 6.338738367698714349e+00, 9.742680121472272248e+00, 6.092371927090592720e+00, 1.106366639270082253e+01
1.880000000000000000e+03, 5.549007119618726058e+00, 1.553743976832871354e+01, 1.086644884430920754e+01, 1.118197066121204131e+01, 1.195185493416094857e+01, 1.066160527736705177e+01, 7.155728983643521168e+00, 7.467847854908350236e+00, 1.463633471247491435e+01, 1.464485664626359096e+01, 1.023281903438973650e+01, 9.380674808818763921e+00, 6.360849976402076500e+00, 1.008606363719393606e+01, 6.381003836258048345e+00, 1.135727517808669695e+01
1.881000000000000000e+03, 5.600530840237450292e+00, 1.542472782175259916e+01, 1.102111919475801116e+01, 1.225453074931182051e+01, 1.249075514448367663e+01, 1.004240651988040867e+01, 6.812333709239398516e+00, 7.550559765094894793e+00, 1.463735504239689433e+01, 1.351933167884408604e+01, 1.040123658749140034e+01, 9.157835666293944854e+00, 6.016177535109675567e+00, 1.004535716597097661e+01, 5.947852964784472896e+00, 1.078191563198275738e+01
1.882000000000000000e+03, 5.491857804748378591e+00, 1.551447460183434046e+01, 1.101622935243342027e+01, 1.174616905999675964e+01, 1.269940964534084493e+01, 9.565107301193684464e+00, 7.119901589647219531e+00, 7.241413154233355520e+00, 1.498422071776633757e+01, 1.372311332872881273e+01, 1.067577274605727844e+01, 9.579070634263990414e+00, 6.257605500039515434e+00, 1.015836346501513887e+01, 6.162053670780512249e+00, 1.137462395624035416e+01
1.883000000000000000e+03, 5.483609715365087567e+00, 1.545071817429437999e+01, 1.126322061702422239e+01, 1.149687278138577540e+01, 1.192532671207325734e+01, 1.073361590001937138e+01, 5.973041507874128797e+00, 7.455061586755083347e+00, 1.542925729975385707e+01, 1.430276312529507621e+01, 1.043934166706514155e+01, 9.351954029918639222e+00, 6.362121715949467848e+00, 9.810001685083731715e+00, 5.950413409913585028e+00, 1.193316562689781790e+01
1.884000000000000000e+03, 5.216386707974585590e+00, 1.541786734076384136e+01, 1.114438027714555979e+01, 1.127075272451975607e+01, 1.162654747393157351e+01, 1.106903906609557531e+01, 6.687598226200659468e+00, 7.491528272531072119e+00, 1.490537856937852190e+01, 1.428411290139005629e+01, 1.030622339095512352e+01, 9.201593131790723135e+00, 6.094929374085689133e+00, 1.003837323668049208e+01, 6.484520764445340646e+00, 1.212351276840122871e+01
1.885000000000000000e+03, 5.511186522689546230e+00, 1.506371113043578802e+01, 1.107221359735670596e+01, 1.220539173561285828e+01, 1.159091864085832313e+01, 1.043638493965950609e+01, 6.627494366224690125e+00, 7.614125255395463476e+00, 1.446319620856075439e+01, 1.367089037124263839e+01, 1.036171890532108364e+01, 9.754147814179283671e+00, 6.206640026252409292e+00, 9.853537111097237400e+00, 6.144384317562855635e+00, 1.198731698072727170e+01
1.886000000000000000e+03, 5.552966469537965466e+00, 1.504613328476441758e+01, 1.115989861175164855e+01, 1.214807397628955066e+01, 1.218199030338676003e+01, 1.045793266027372681e+01, 6.313723000546840325e+00, 7.324762853484616976e+00, 1.457869578342378603e+01, 1.391977637185649463e+01, 1.049530925802718784e+01, 8.670007441368509760e+00, 6.349037671724214071e+00, 9.357694609741033176e+00, 6.034413563860161034e+00, 1.246332842563110255e+01
1.887000000000000000e+03, 5.744690995349080787e+00, 1.511625232795248586e+01, 1.144603895343828803e+01, 1.163373592695727510e+01, 1.145843579507884158e+01, 1.053155146619440963e+01, 6.714401739676167047e+00, 7.304698821634146633e+00, 1.494924260437556462e+01, 1.498260844104969181e+01, 1.082255756790683243e+01, 9.433723054136258668e+00, 6.044755022461625771e+00, 9.049373739424639851e+00, 6.074550108671126658e+00, 1.231786748433240497e+01
1.888000000000000000e+03, 5.864402099216894371e+00, 1.507045238161740031e+01, 1.112944441263794992e+01, 1.140231675918220056e+01, 1.240151000785277091e+01, 1.095238976818186494e+01, 6.175015849492980990e+00, 7.409935340159744754e+00, 1.460549668190639849e+01, 1.494706717167028209e+01, 1.050721209163869041e+01, 9.713949505858410660e+00, 6.364634761246253269e+00, 9.709317053494679328e+00, 5.972663387537599178e+00, 1.194340416308113895e+01
1.889000000000000000e+03, 6.045694320179251235e+00, 1.499401203947702932e+01, 1.112579900235544628e+01, 1.080315430665377363e+01, 1.177605504323390662e+01, 1.119644752129086029e+01, 7.049124906591324624e+00, 6.980065810961320061e+00, 1.507591296161288774e+01, 1.392196476970071828e+01, 1.089948736758904424e+01, 9.385229284618342049e+00, 6.152592036201797399e+00, 9.654900399069545003e+00, 6.123265238305980240e+00, 1.137539040234223542e+01
1.890000000000000000e+03, 5.960307407303693239e+00, 1.585104349840968929e+01, 1.124205170933155351e+01, 1.050646242951032150e+01, 1.240121784127346416e+01, 1.110284149688171418e+01, 7.255726733379048277e+00, 7.205852330959770846e+00, 1.404362931820189786e+01, 1.514001463456000707e+01, 1.071042166383124794e+01, 9.377789137200496228e+00, 6.182023401833306231e+00, 9.782291492606741912e+00, 6.127713599320306237e+00, 1.136878997061446661e+01
1.891000000000000000e+03, 5.863185203240137255e+00, 1.576845369393092255e+01, 1.121051150113193096e+01, 1.082489054574281795e+01, 1.261959374503610931e+01, 9.767779669733887005e+00, 6.250503354094401054e+00, 7.243771797687982961e+00, 1.418361344504949173e+01, 1.426702522383428295e+01, 1.029019451154760745e+01, 9.530980621137747022e+00, 6.282881128079474742e+00, 1.035426452134849562e+01, 5.802834268822556041e+00, 1.154032267133110778e+01
1.892000000000000000e+03, 5.836282587353562867e+00, 1.552253221265485195e+01, 1.123359987773089941e+01, 1.201999650117515195e+01, 1.260293421871300623e+01, 1.126827176207541115e+01, 6.683225940685637134e+00, 7.544222005356216343e+00, 1.478694941063882418e+01, 1.447636078994092834e+01, 1.088760696741818990e+01, 9.295833446463237948e+00, 6.110251704101623105e+00, 1.020762734450435616e+01, 6.044993111243697648e+00, 1.100589308358534346e+01
1.893000000000000000e+03, 5.591890518546961175e+00, 1.554212644927689979e+01, 1.101095694802751979e+01, 1.106266101115944522e+01, 1.158489799177819890e+01, 9.816147138068599176e+00, 6.793660777160216213e+00, 7.195234996083390122e+00, 1.451959667597974502e+01, 1.542675814255946598e+01, 1.073765054395657437e+01, 8.807779244242826877e+00, 6.001313108925439010e+00, 1.016571716477322695e+01, 6.337464171825231141e+00, 1.193234600186919359e+01
1.894000000000000000e+03, 5.549657833014210340e+00, 1.578045192334965741e+01, 1.113879539098675586e+01, 1.142285613060942140e+01, 1.178463138699625645e+01, 1.126668028179378034e+01, 6.172150094321561475e+00, 7.036451248256074820e+00, 1.477735615128954194e+01, 1.438370540923376240e+01, 1.049939084497573205e+01, 9.396285128227830796e+00, 6.383069070320146920e+00, 1.076421310575026347e+01, 6.422020593051136039e+00, 1.166989031820792633e+01
1.895000000000000000e+03, 5.733936306695181173e+00, 1.556975473591667480e+01, 1.109459596044507990e+01, 1.169242870444832327e+01, 1.240966608407176430e+01, 1.097715876758928566e+01, 7.028078226732991318e+00, 7.572682953858823396e+00, 1.524195149499768753e+01, 1.419246204860191440e+01, 1.035110214140819629e+01, 1.052715943422268907e+01, 6.561630787404555853e+00, 1.031555346660037387e+01, 6.042185225887707567e+00, 1.143721460727829431e+01
1.896000000000000000e+03, 5.699339460835114224e+00, 1.550807892636754204e+01, 1.119880801988842833e+01, 1.168004578492933909e+01, 1.173710370973010342e+01, 1.090248090099609968e+01, 6.414167703950923283e+00, 7.605689033744972072e+00, 1.470799897965931180e+01, 1.446246218887186963e+01, 1.023924659533602011e+01, 8.776567529956755820e+00, 6.165595404238557009e+00, 1.054374470116600726e+01, 6.314021802119943239e+00, 1.051667034659203992e+01
1.897000000000000000e+03, 5.476785694328478726e+00, 1.546329804870158320e+01, 1.134701813060729947e+01, 1.060452566838056576e+01, 1.225288780560797619e+01, 1.117780750257722033e+01, 6.829415213956635533e+00, 7.476793223379195830e+00, 1.504043295992197571e+01, 1.447451028389215288e+01, 1.100911362335942556e+01, 9.006489891867246911e+00, 6.256380979759317285e+00, 1.020560962665647153e+01, 6.132017781106605447e+00, 1.134189045921875127e+01
1.898000000000000000e+03, 5.991590693446377180e+00, 1.551619067401626673e+01, 1.097721952185390215e+01, 9.900374695435445460e+00, 1.123891348833894099e+01, 1.214637831967433002e+01, 7.122744741886456232e+00, 7.197094070087532991e+00, 1.426020403128648084e+01, 1.351519041783934050e+01, 1.057191942573336441e+01, 9.669601460404107840e+00, 6.204862859174518519e+00, 9.549388563167639177e+00, 6.284380213283285777e+00, 1.106792543094244863e+01
1.899000000000000000e+03, 5.919666177789022043e+00, 1.597398105745922159e+01, 1.126556886380910250e+01, 1.193933640023801601e+01, 1.231767711411627353e+01, 1.102076167397916429e+01, 6.341271648818548989e+00, 7.535939984694887350e+00, 1.326157510058278177e+01, 1.405304889427187476e+01, 1.004702846050195397e+01, 9.397558614770279206e+00, 6.207469600093926232e+00, 9.703041977654351058e+00, 5.667931411688090115e+00, 1.103023650576912651e+01
1.900000000000000000e+03, 5.850713447176898008e+00, 1.516976471593248732e+01, 1.134383490666178318e+01, 1.305094343751810726e+01, 1.245000987036345208e+01, 1.087396824058116174e+01, 6.761750019269997303e+00, 7.308990356071624284e+00, 1.521758622398604288e+01, 1.435421770409462283e+01, 1.023857264683417867e+01, 9.195889026719143544e+00, 6.217933448390223994e+00, 9.162690827972246765e+00, 5.987820693667625704e+00, 1.087669220829466887e+01
1.901000000000000000e+03, 5.745325784994315121e+00, 1.582000454033408232e+01, 1.126254300371600259e+01, 1.218357317481488167e+01, 1.155001187129751550e+01, 1.036430585534374060e+01, 6.125534347392932233e+00, 7.547983950745026149e+00, 1.478230007818257796e+01, 1.475200481055444968e+01, 1.129629650327645152e+01, 9.624338548885699396e+00, 6.166467830138947726e+00, 9.202120525788522798e+00, 6.471454130676197458e+00, 1.100979331063014044e+01
1.902000000000000000e+03, 5.971145016825836649e+00, 1.530760163154966769e+01, 1.081432691672375057e+01, 1.168606121325654001e+01, 1.217952622404089169e+01, 1.003365851998411884e+01, 7.456402937620048910e+00, 7.296733969174981738e+00, 1.612833202892938544e+01, 1.541448663284000808e+01, 1.061148662356303518e+01, 9.042087233066439467e+00, 6.471992069838004902e+00, 1.021966887404605018e+01, 6.245709756316538908e+00, 1.130500370950723088e+01
1.903000000000000000e+03, 5.758274648677875973e+00, 1.514999214050165754e+01, 1.078635151596821906e+01, 1.148950941809385284e+01, 1.241479353444191780e+01, 1.091525877236149888e+01, 7.159417859325231781e+00, 7.204787519857656974e+00, 1.504444871661423733e+01, 1.431304061219271695e+01, 1.041100843212226579e+01, 9.162343438081213876e+00, 6.265030905793699034e+00, 1.011980870507228225e+01, 5.906560632458280224e+00, 1.170955019689507992e+01
1.904000000000000000e+03, 5.524236000217896958e+00, 1.578449834529547680e+01, 1.130042280425379353e+01, 1.183689759317243961e+01, 1.198538897432494821e+01, 1.048297847862761856e+01, 6.457275924892152297e+00, 7.246792016545401616e+00, 1.506968284043542994e+01, 1.385060247807497191e+01, 1.009046557240460196e+01, 9.874417024916597896e+00, 6.121307251371426617e+00, 9.703236917549650897e+00, 6.290898215295637641e+00, 1.139614735947770008e+01
1.905000000000000000e+03, 5.543409332362116970e+00, 1.596193237380393448e+01, 1.112325844406541009e+01, 1.096069976184874228e+01, 1.249256893227492426e+01, 1.106826348933071635e+01, 6.715783617010429474e+00, 7.098478559028175816e+00, 1.528862875609730132e+01, 1.470558511391385181e+01, 1.030259374661234872e+01, 9.354853330809632439e+00, 6.590485532840050453e+00, 1.004152161417074574e+01, 6.524902672885627197e+00, 1.132309086262860554e+01
1.906000000000000000e+03, 5.634135782526519698e+00, 1.593461440568421139e+01, 1.118242491632383206e+01, 1.145051927752607313e+01, 1.158078899735755307e+01, 1.063505495878501783e+01, 6.913487688079804627e+00, 7.287026610244444313e+00, 1.462852850277409900e+01, 1.468623349432265535e+01, 1.038557909714596406e+01, 9.147973320317479562e+00, 6.340285791172235896e+00, 9.524776683631122509e+00, 6.488613609122208636e+00, 1.212106087168852930e+01
1.907000000000000000e+03, 5.716918141689417254e+00, 1.601919874283381162e+01, 1.127053393458819208e+01, 1.041041878339676607e+01, 1.156872303773164212e+01, 1.097999972466057272e+01, 6.021223268152535724e+00, 7.753854971668949325e+00, 1.418245974029612810e+01, 1.527050086066006074e+01, 1.071902778687598712e+01, 9.509517830335580513e+00, 6.378411633087223365e+00, 9.816359107116491955e+00, 6.548018461122726563e+00, 1.195908982916057184e+01
1.908000000000000000e+03, 5.608099383634467472e+00, 1.569856545175100671e+01, 1.098315048965282870e+01, 1.138996495159898892e+01, 1.174813959412779241e+01, 1.113648270521777661e+01, 6.678372206917900122e+00, 7.376344394527881043e+00, 1.452876999679908465e+01, 1.447298359471220230e+01, 1.057900438301969182e+01, 9.382763123312388487e+00, 5.949444789450475390e+00, 9.519769264590529190e+00, 6.099382759333692228e+00, 1.189042676116997654e+01
1.909000000000000000e+03, 5.856527091813202190e+00, 1.552916987115821179e+01, 1.120990871659172861e+01, 1.164524928806195092e+01, 1.233779680659206868e+01, 1.036863377429892097e+01, 7.366402350465093285e+00, 7.373972623954728967e+00, 1.443295992094068936e+01, 1.406831570632352246e+01, 1.024624140228536184e+01, 9.001391885908631707e+00, 6.694655545166542154e+00, 1.016551217935922580e+01, 5.848128253547830724e+00, 1.134767310315622524e+01
1.910000000000000000e+03, 6.033950480943257588e+00, 1.589893320347133354e+01, 1.138791207672297823e+01, 1.215397874510095377e+01, 1.265642362051769432e+01, 1.091837151174281928e+01, 6.721426837031635237e+00, 7.752554261950873382e+00, 1.412263109193281529e+01, 1.429623072436304732e+01, 1.100069783293234948e+01, 9.634614865434008024e+00, 6.306666948470676104e+00, 9.856118683078193499e+00, 6.175714337549877087e+00, 1.164408696745801741e+01
1.911000000000000000e+03, 5.536427394190035933e+00, 1.562461394949680304e+01, 1.122249125248662338e+01, 1.109100707073749881e+01, 1.152988082238046452e+01, 9.580766419837647874e+00, 7.429717726096309427e+00, 7.709998629313436602e+00, 1.474411550020076334e+01, 1.408156153658327980e+01, 1.075668557218627619e+01, 9.671096544772957770e+00, 6.250536145867601867e+00, 9.715328127841946326e+00, 5.847740450910619892e+00, 1.090843891210397665e+01
1.912000000000000000e+03, 5.759910203286930930e+00, 1.617868932199362320e+01, 1.088677468934123738e+01, 1.119862161951985513e+01, 1.047427111514124398e+01, 9.976506913173523117e+00, 6.731953263796985887e+00, 7.558399227917281138e+00, 1.492747880477757505e+01, 1.489758588981337795e+01, 1.050410307159967793e+01, 8.961001888241497682e+00, 6.604679068896911254e+00, 9.769702643955422872e+00, 6.393484908817572254e+00, 1.146919288874132192e+01
1.913000000000000000e+03, 5.766129316534557070e+00, 1.639772335627563393e+01, 1.117046870858648866e+01, 1.098808797564538864e+01, 1.154834651336776474e+01, 1.010933369874668131e+01, 6.695539661338847814e+00, 7.730293533744711176e+00, 1.472926140336666379e+01, 1.485973456779279900e+01, 1.047694783335157176e+01, 8.984512927809689131e+00, 6.533406604368961368e+00, 1.022456083692680018e+01, 6.256570143340884904e+00, 1.175251288323199361e+01
1.914000000000000000e+03, 5.633531676746867944e+00, 1.554750104012656031e+01, 1.126093135401511347e+01, 1.022318166393010763e+01, 1.214297896604245253e+01, 1.104516228961862367e+01, 7.204235507695080365e+00, 7.582604327518113863e+00, 1.417005032130848896e+01, 1.494002810647216251e+01, 1.085979775436265982e+01, 9.586452095121552830e+00, 6.268512661897654326e+00, 9.954586801852464362e+00, 6.420312584825719426e+00, 1.206954731842241024e+01
1.915000000000000000e+03, 5.921230668950587805e+00, 1.558490558836377815e+01, 1.153792475708053189e+01, 1.127622696997447704e+01, 1.202026498780730535e+01, 9.667125222184967726e+00, 6.681828400333296614e+00, 7.471123913841293707e+00, 1.461617923006888553e+01, 1.431243402262709452e+01, 1.075763265407011815e+01, 8.971276412107393128e+00, 6.149288681480452823e+00, 9.786158671616032478e+00, 6.567505563422869841e+00, 1.177855446014164187e+01
1.916000000000000000e+03, 5.874067877792543690e+00, 1.591591655927278737e+01, 1.104915823932577368e+01, 1.197510343013086676e+01, 1.236927838277872205e+01, 1.073931188467848408e+01, 6.407412972576838506e+00, 7.367492910545524687e+00, 1.445840758778877344e+01, 1.396633779675434006e+01, 1.028406863992116449e+01, 9.286090884497717468e+00, 6.454523845223912204e+00, 9.133668485606076359e+00, 6.041105905437425427e+00, 1.125840198813360082e+01
1.917000000000000000e+03, 6.231826023388019387e+00, 1.619080737569256456e+01, 1.085160497640100097e+01, 1.219442837118425871e+01, 1.285795572411941912e+01, 1.021890430120021698e+01, 6.551432726566877918e+00, 7.158382977104200684e+00, 1.562878784869252691e+01, 1.456822637742025428e+01, 1.098830196969757367e+01, 1.020545855247958578e+01, 6.120334494300784023e+00, 1.050914388308246039e+01, 5.903402014407872045e+00, 1.155485683765351723e+01
1.918000000000000000e+03, 6.005883837917981971e+00, 1.603322370960366072e+01, 1.121632984681145828e+01, 1.207365182423851735e+01, 1.301042375138737306e+01, 1.115510156100047645e+01, 7.646118861186527838e+00, 7.715786083441544818e+00, 1.520047803838806466e+01, 1.466095652416244377e+01, 1.074567467495322681e+01, 8.654461331041330752e+00, 6.519899306138096762e+00, 9.470734223852431910e+00, 6.140768722037093674e+00, 1.111006416305541933e+01
1.919000000000000000e+03, 5.473429857290127210e+00, 1.599127933807853452e+01, 1.148596259777920103e+01, 1.269109884675475541e+01, 1.215996033731625481e+01, 1.090725296120711896e+01, 6.659002542440608075e+00, 7.575373668825119644e+00, 1.410217398279980294e+01, 1.513010975703968697e+01, 9.870020179211483224e+00, 9.260715378438014511e+00, 6.455242599920400615e+00, 1.062412787176653950e+01, 6.620133168162722903e+00, 1.097184113815255557e+01
1.920000000000000000e+03, 5.993651291643390167e+00, 1.644792720368114658e+01, 1.139541011994146302e+01, 1.212728558426548098e+01, 1.256934087374439635e+01, 1.041731287747430912e+01, 7.854535234839015168e+00, 7.634450822626089206e+00, 1.478462827400103841e+01, 1.448150927160669710e+01, 1.061429437416779820e+01, 9.695040990544381287e+00, 6.193168831920023543e+00, 1.007214230338180982e+01, 6.524717876576594300e+00, 1.162581774884531427e+01
1.921000000000000000e+03, 6.049609134722935266e+00, 1.612299664856979931e+01, 1.122779015197544794e+01, 1.212502340832746661e+01, 1.227997600888313912e+01, 9.901691097718011036e+00, 6.164803524646683464e+00, 7.891912102521414951e+00, 1.509589598074990668e+01, 1.454877249007511075e+01, 1.090118906702965340e+01, 8.776390095309700712e+00, 6.407987842556367220e+00, 1.027247925587566790e+01, 6.440388069797839954e+00, 1.239584437243278003e+01
1.922000000000000000e+03, 5.630682489112451172e+00, 1.650279154947146765e+01, 1.102459827587520458e+01, 1.189784155265471988e+01, 1.171056751578197463e+01, 1.075914558097020723e+01, 6.654564940980935539e+00, 7.412275409208603172e+00, 1.479157494419399654e+01, 1.474091897605408796e+01, 1.102962280278373441e+01, 9.673841220301913069e+00, 6.470826354049975748e+00, 1.044773883064495656e+01, 6.541374788317198430e+00, 1.206932633063938454e+01
1.923000000000000000e+03, 5.949867330041053393e+00, 1.584036941299616252e+01, 1.142024507888603502e+01, 1.175300406616535831e+01, 1.171130487618492211e+01, 1.037356228770837596e+01, 6.609815163767530422e+00, 7.636998229640999725e+00, 1.505055702305702070e+01, 1.521923744863144101e+01, 1.108701842437841023e+01, 9.364369448194487688e+00, 6.492474330591102571e+00, 1.087715658006991148e+01, 6.332088521030738271e+00, 1.128991993460389409e+01
1.924000000000000000e+03, 5.752559253245764559e+00, 1.600745702453899710e+01, 1.146801078245816896e+01, 1.122820544785009211e+01, 1.202154558531824691e+01, 9.968659715332600868e+00, 6.759718934155659831e+00, 7.206334732664671172e+00, 1.532704407551305970e+01, 1.409723728985076363e+01, 1.092376649948893075e+01, 9.342147970513098088e+00, 6.444410147969042768e+00, 9.961606371883583222e+00, 6.264385446431659510e+00, 1.219716684101168092e+01
1.925000000000000000e+03, 5.986192186121053638e+00, 1.655092852961357508e+01, 1.147598856377442544e+01, 1.164802376925042893e+01, 1.248651166656780198e+01, 1.077919759228916696e+01, 6.165123544360044505e+00, 7.724385465375201321e+00, 1.479508494727806323e+01, 1.577946395547689917e+01, 1.084853463671974261e+01, 9.008667829668855376e+00, 6.051415866777067443e+00, 9.879615338955826331e+00, 6.064402914628209906e+00, 1.207722054942993317e+01
1.926000000000000000e+03, 5.657044134700577764e+00, 1.693666821350051777e+01, 1.146835516666790866e+01, 1.166070876552861257e+01, 1.228375514029560911e+01, 1.070999457543468836e+01, 7.104751186725432710e+00, 7.207164394906275362e+00, 1.495778567389765890e+01, 1.560241246122103576e+01, 1.101001759617916065e+01, 9.474327997408522606e+00, 6.834565085842793764e+00, 9.793673893907945072e+00, 6.030270981454504131e+00, 1.184046745126774880e+01
1.927000000000000000e+03, 5.495386062917983594e+00, 1.643157428504427386e+01, 1.152792554842837802e+01, 1.157791764690780312e+01, 1.272439910632889593e+01, 1.148555984764497317e+01, 6.048161549927684177e+00, 7.606805139986225761e+00, 1.492949672362874836e+01, 1.497461154464388144e+01, 1.118540539339978501e+01, 9.489189466711719589e+00, 6.258715928896782188e+00, 1.017943025329383211e+01, 6.333799133076930765e+00, 1.212311956791909928e+01
1.928000000000000000e+03, 6.319823803785025618e+00, 1.637721918880910010e+01, 1.119377233098926894e+01, 1.045983429697379030e+01, 1.267460186896112262e+01, 9.974198074391756208e+00, 5.678930167537560969e+00, 7.167534927639991338e+00, 1.581916019436865817e+01, 1.429023644551229388e+01, 1.165127638799543242e+01, 9.385487477178729776e+00, 6.203017786163365521e+00, 1.019368841259813685e+01, 6.194601335872856218e+00, 1.178738912370390501e+01
1.929000000000000000e+03, 6.141756862695650021e+00, 1.573457843877499052e+01, 1.126770240326265693e+01, 1.106263535796253450e+01, 1.202206708413089409e+01, 1.046310770726687700e+01, 6.547120429403257447e+00, 7.763112907660524087e+00, 1.524414906916373624e+01, 1.517150458867170570e+01, 1.114436363964525434e+01, 9.043390099172391672e+00, 6.679978544275073205e+00, 1.078924270856927414e+01, 6.186715904707435598e+00, 1.009056961460055746e+01
1.930000000000000000e+03, 5.668037805887577107e+00, 1.635120886495499093e+01, 1.132423551398656159e+01, 1.174541875942115077e+01, 1.297985374313818241e+01, 9.877185866184296614e+00, 6.862388216927927331e+00, 7.324678291413002640e+00, 1.527954941758506813e+01, 1.455375404298816377e+01, 1.083425830215065488e+01, 9.435788076517878764e+00, 6.399547216060512689e+00, 1.036029678332026194e+01, 6.032396280227423802e+00, 1.073192249005109922e+01
1.931000000000000000e+03, 5.592835695305754307e+00, 1.642646227167756479e+01, 1.149981207476281320e+01, 1.168923772974908992e+01, 1.126888639786913338e+01, 1.102705043524991524e+01, 5.988353958219246209e+00, 7.484492158941078443e+00, 1.530936097790439021e+01, 1.456246725379845053e+01, 1.075827402128225785e+01, 1.017117328932864417e+01, 6.282914469110704836e+00, 1.023756616355596094e+01, 6.424588651909006742e+00, 1.168758832153266702e+01
1.932000000000000000e+03, 5.847383908093006788e+00, 1.625894122921378582e+01, 1.127738767149910437e+01, 1.199600809112826916e+01, 1.206834196741274390e+01, 1.138685127006276865e+01, 6.849706773058873210e+00, 7.591245868339976610e+00, 1.436224408017449328e+01, 1.470215291710514904e+01, 1.066019243465768973e+01, 8.785085500114806933e+00, 6.659608355457460327e+00, 1.001144291047573809e+01, 5.964718601130181597e+00, 1.110780349360934594e+01
1.933000000000000000e+03, 6.060221210670247771e+00, 1.661284862507478266e+01, 1.134883383342511110e+01, 1.118598329929455737e+01, 1.286737211709485074e+01, 1.041073992822008165e+01, 6.274790474721930522e+00, 7.472532704529186276e+00, 1.512109323310668429e+01, 1.494520828725776873e+01, 1.079239659747531732e+01, 9.382161876235393549e+00, 6.306626570070215543e+00, 1.053776143445024260e+01, 6.154670149360154774e+00, 1.073383404215345216e+01
1.934000000000000000e+03, 5.853367549552066507e+00, 1.659568990182489401e+01, 1.146253378469739026e+01, 1.047341792164058738e+01, 1.210928282360933927e+01, 1.084561445414253811e+01, 6.511425886218716208e+00, 8.010605420084145223e+00, 1.412488034229660272e+01, 1.505228888892619210e+01, 1.043462373489425588e+01, 9.710749107322858009e+00, 6.528768741934441344e+00, 1.055081768715217727e+01, 6.284571004216653378e+00, 1.087921882407620977e+01
1.935000000000000000e+03, 5.696327112016501992e+00, 1.633569978966958658e+01, 1.141956262934883348e+01, 1.157579351139933799e+01, 1.227428273252473900e+01, 1.110336015776332097e+01, 6.605421045688552262e+00, 7.275169741915482824e+00, 1.448205646923866574e+01, 1.488827236011051980e+01, 1.065942016924998903e+01, 9.105576259180921284e+00, 6.425867136788877332e+00, 1.045992931435733375e+01, 6.162304707352174837e+00, 1.107023634273334878e+01
1.936000000000000000e+03, 5.936469493614542792e+00, 1.663561896924353078e+01, 1.141445039771163650e+01, 1.223516783706751632e+01, 1.269979252036904960e+01, 1.038930243200312908e+01, 6.837522464514256271e+00, 7.236750110773082945e+00, 1.445860694857949191e+01, 1.509947083336585472e+01, 1.033629983621612247e+01, 9.685760699429113885e+00, 6.359776087566448410e+00, 1.062880121922305321e+01, 6.050340841045481532e+00, 1.139924473747133149e+01
1.937000000000000000e+03, 5.856401500625116441e+00, 1.685442848129465077e+01, 1.159398724592723440e+01, 1.316647968342304509e+01, 1.267788299881384084e+01, 1.067327852446212866e+01, 7.441473833423407847e+00, 7.490034254430554483e+00, 1.493785043838936133e+01, 1.657234143031321949e+01, 1.138084935454944180e+01, 1.025378041858225764e+01, 6.591596135802601175e+00, 9.567797157364065441e+00, 6.557715009218427760e+00, 1.120571096442022530e+01
1.938000000000000000e+03, 5.647285336722896787e+00, 1.676193184460861829e+01, 1.161647982837743243e+01, 1.310611571149968491e+01, 1.178371191763391934e+01, 1.089489152755586865e+01, 6.694355071944177560e+00, 7.836378172751464533e+00, 1.626580637466388879e+01, 1.450480155296037843e+01, 1.153317511641057358e+01, 8.683764869343107762e+00, 6.491115162472052447e+00, 9.932771423843016478e+00, 6.471689229838566426e+00, 1.098725156845491036e+01
1.939000000000000000e+03, 5.603419031638381398e+00, 1.658745271839480395e+01, 1.155333610543082123e+01, 1.345255924577454820e+01, 1.150535172518434734e+01, 1.064393762346388428e+01, 6.873149388383889224e+00, 7.470213096547041687e+00, 1.504001511944889735e+01, 1.489098431733766503e+01, 1.127936507345637551e+01, 9.111641244506927251e+00, 6.397790881391874684e+00, 1.012445231770955623e+01, 6.745489690402234118e+00, 1.058846233461923703e+01
1.940000000000000000e+03, 5.393641810051474472e+00, 1.648683406503465321e+01, 1.136247828886146571e+01, 1.239165488929109671e+01, 1.185147442823531883e+01, 1.070223198351528637e+01, 6.464610603966620239e+00, 7.735453806734657434e+00, 1.601595586255464454e+01, 1.528064092653614914e+01, 1.157249010194748173e+01, 9.755915817410713231e+00, 6.404006576019310337e+00, 1.026840238512219372e+01, 6.567068239184539635e+00, 1.051639958652259210e+01
1.941000000000000000e+03, 5.697519640358489568e+00, 1.663044108748547956e+01, 1.109721334076053623e+01, 1.216390908313239194e+01, 1.222238146325721253e+01, 1.091916688872757923e+01, 7.560109147319317380e+00, 7.614292827773096128e+00, 1.530187529661256640e+01, 1.428116283357917204e+01, 1.108135822673224880e+01, 9.445991899441303019e+00, 6.562116778566244868e+00, 1.053894629665619043e+01, 6.491220687499782649e+00, 1.028679255184887786e+01
1.942000000000000000e+03, 5.850380381954110476e+00, 1.657222393822711481e+01, 1.131815914844943372e+01, 1.153267102761340190e+01, 1.270773921233390702e+01, 1.010066491590816362e+01, 6.976503705128665800e+00, 7.504376123874974880e+00, 1.516936268961820922e+01, 1.460250103156988821e+01, 1.137893739803817006e+01, 9.078940355967697329e+00, 6.463987707037618158e+00, 9.985992612158977266e+00, 6.284561976167903019e+00, 1.106120075805207037e+01
1.943000000000000000e+03, 5.812028187754621378e+00, 1.656009170849829815e+01, 1.141364798271872516e+01, 1.172637419540628123e+01, 1.258155989023491905e+01, 9.977136966935631790e+00, 7.098099004699793824e+00, 7.954200976136849732e+00, 1.545930148098678991e+01, 1.423911963372682088e+01, 1.124421085177749369e+01, 9.313449816250887636e+00, 6.264454367771611132e+00, 1.034757487069093962e+01, 6.917966395316907935e+00, 1.085981328919890565e+01
1.944000000000000000e+03, 5.999078827942749825e+00, 1.691098830292983379e+01, 1.154660254853680001e+01, 1.215692578367704968e+01, 1.125033649210016762e+01, 1.000927562410659455e+01, 8.096794379358639659e+00, 7.883262704916856656e+00, 1.503829058797698082e+01, 1.507376478834382461e+01, 1.129201081045403043e+01, 9.487756959784290345e+00, 6.579308459206670179e+00, 1.022558238398170971e+01, 6.657434654741869906e+00, 1.038507120237026804e+01
1.945000000000000000e+03, 5.835344583379734829e+00, 1.717115887967220189e+01, 1.106850133706558914e+01, 1.209756585955026864e+01, 1.231117612397047978e+01, 1.108976593014991785e+01, 7.513878709620874119e+00, 7.145842242116042797e+00, 1.647401942735605473e+01, 1.529917799319026805e+01, 1.102875829007750497e+01, 9.519543820159904968e+00, 6.219114851596453164e+00, 1.055165364125185867e+01, 6.807645898586307531e+00, 1.118180472894648325e+01
1.946000000000000000e+03, 5.884826439659253339e+00, 1.685287669719240000e+01, 1.116571150577803984e+01, 1.180286790204553959e+01, 1.239171759263102679e+01, 1.018366730214962068e+01, 6.950913546511352514e+00, 7.624816955341014335e+00, 1.513178231492212333e+01, 1.462266172520314633e+01, 1.120146951774392008e+01, 9.192499473951249556e+00, 6.518434563795313608e+00, 1.042611946891519459e+01, 6.223795429175495997e+00, 1.083941173769879995e+01
1.947000000000000000e+03, 5.940552662909309944e+00, 1.701307885697285371e+01, 1.134684409241613245e+01, 1.154325690575104346e+01, 1.196006027752527601e+01, 1.096473283700852086e+01, 6.820294802426819736e+00, 7.904738342075250834e+00, 1.575021209203988803e+01, 1.414899418811046772e+01, 1.150795946146329385e+01, 9.552025498361924605e+00, 6.382818845202086422e+00, 1.075217495834271375e+01, 6.387521838764560478e+00, 1.056998532864399643e+01
1.948000000000000000e+03, 6.157276025891547988e+00, 1.677679710032801452e+01, 1.162843261129423666e+01, 1.278262327270200771e+01, 1.250005568975082682e+01, 1.116430115452859084e+01, 6.187091947415747306e+00, 7.297461780972989587e+00, 1.524226844640003975e+01, 1.456549355564263237e+01, 1.118622955992517909e+01, 9.715726609975279260e+00, 6.555089013691934419e+00, 1.018672945221843484e+01, 6.089876421138181506e+00, 1.054811213163612216e+01
1.949000000000000000e+03, 5.863561025661104154e+00, 1.604457376237823496e+01, 1.144568967045079155e+01, 1.305333182638004885e+01, 1.280877328077671606e+01, 1.099349684105719938e+01, 7.134328407870298427e+00, 7.563389239019719490e+00, 1.644988314456910317e+01, 1.445388318899893143e+01, 1.149976046880157732e+01, 9.342398967609964799e+00, 6.478552668400133996e+00, 1.002353812326087557e+01, 5.795331419148686436e+00, 1.102382361859639559e+01
1.950000000000000000e+03, 6.016178230512132075e+00, 1.662472391443110808e+01, 1.098728083199378069e+01, 1.165930663647960230e+01, 1.213873210390506330e+01, 1.027101825242939270e+01, 7.485745430034961956e+00, 7.897265349263096645e+00, 1.480239454054828840e+01, 1.425397633518553597e+01, 1.103640407263010736e+01, 8.857897117235532747e+00, 6.302742410918584781e+00, 1.046612040034309032e+01, 6.212190725580314599e+00, 1.015773146500905355e+01
1.951000000000000000e+03, 5.756675198686076911e+00, 1.695314152106439920e+01, 1.145993915028167542e+01, 1.264766553912479807e+01, 1.227238808302800166e+01, 1.034129373510673844e+01, 7.339054239138445013e+00, 7.378654393934782618e+00, 1.568756956889794729e+01, 1.494797046352087477e+01, 1.161337474880736487e+01, 9.503271063147987974e+00, 6.366121524854404967e+00, 9.916420230940827807e+00, 5.959743763538411621e+00, 1.013527654040852610e+01
1.952000000000000000e+03, 5.846546539133687936e+00, 1.711455646728098401e+01, 1.163365971380815012e+01, 1.132954941578233665e+01, 1.211572159384881964e+01, 1.054040398216450569e+01, 7.192726288418256786e+00, 7.662741294515918788e+00, 1.579010653956948573e+01, 1.467060472284715189e+01, 1.137594448306252914e+01, 9.542310212908390099e+00, 6.575487763923604234e+00, 1.021169119942059567e+01, 6.147642332064377158e+00, 1.084742653923708566e+01
1.953000000000000000e+03, 5.783413556178675918e+00, 1.718865481086294977e+01, 1.140947415463774206e+01, 1.133855090518760456e+01, 1.185790345837382986e+01, 9.413743396114323758e+00, 6.784478834408060877e+00, 7.670398306951426548e+00, 1.621431849498258870e+01, 1.475709502019010344e+01, 1.141820735698756017e+01, 9.266474977811004266e+00, 6.763448154085073050e+00, 1.040653989401956458e+01, 6.184898994309603992e+00, 1.070793965826903893e+01
1.954000000000000000e+03, 5.844674248597107713e+00, 1.704011145727847065e+01, 1.133539793748729707e+01, 1.152162649461570076e+01, 1.243056625767323098e+01, 1.035992617164146523e+01, 7.324548015159612291e+00, 7.636162337011922929e+00, 1.567088598387822707e+01, 1.499055410550996648e+01, 1.110329138266713755e+01, 8.883437352500850537e+00, 6.283653885856403498e+00, 9.925292831494040513e+00, 6.330001127846506925e+00, 1.038375643172501128e+01
1.955000000000000000e+03, 6.225007598574210377e+00, 1.725046483341435888e+01, 1.136856249560674037e+01, 1.164211154830937645e+01, 1.229539485738450111e+01, 1.105869510995129978e+01, 5.998405396878457196e+00, 7.288874797346449164e+00, 1.549663286830340780e+01, 1.394026486139675569e+01, 1.126326251982920645e+01, 9.349013093882444281e+00, 6.373408025558426004e+00, 1.010413120412988874e+01, 6.343143282845892017e+00, 1.055014447261064880e+01
1.956000000000000000e+03, 5.982972353607269866e+00, 1.734662756306967069e+01, 1.128368532620194031e+01, 1.221402518558623207e+01, 1.256993068475538067e+01, 1.112751907323159095e+01, 7.444255546343832464e+00, 7.418976430915846798e+00, 1.572900178883537237e+01, 1.451513371099362537e+01, 1.167781458693531249e+01, 9.982908805237402206e+00, 6.596449987560620620e+00, 1.082943194018203847e+01, 6.932118169828878962e+00, 1.080247349043664684e+01
1.957000000000000000e+03, 6.135544037217340652e+00, 1.705099926829116086e+01, 1.097715553559327084e+01, 1.243142032347391890e+01, 1.270835631957301359e+01, 1.098891481196348963e+01, 7.470388589291246717e+00, 8.036100427966044180e+00, 1.483979012172681422e+01, 1.352687125819775105e+01, 1.155591706330289803e+01, 9.066022854929430608e+00, 6.798617845144603322e+00, 1.067633395303121979e+01, 6.368224391850494825e+00, 1.014761932589840754e+01
1.958000000000000000e+03, 5.945131097108819596e+00, 1.777767115676130416e+01, 1.119867933611186928e+01, 1.247188615683646340e+01, 1.197542949744550178e+01, 1.116428588555437074e+01, 6.593392736226058481e+00, 8.078328593615866637e+00, 1.577586710792878044e+01, 1.516737801211808012e+01, 1.156484437838147450e+01, 8.955227650417629803e+00, 6.305036265590587163e+00, 1.069445612726960881e+01, 6.218426288820027459e+00, 9.956196052081558889e+00
1.959000000000000000e+03, 5.921344930688457353e+00, 1.759171690344753003e+01, 1.140145330292371462e+01, 1.287513757061043052e+01, 1.204687496423825088e+01, 1.001693942128167159e+01, 6.961891710400985644e+00, 7.767074698496094776e+00, 1.550349867267067339e+01, 1.396337653363780262e+01, 1.128443665751092695e+01, 9.303855421846192186e+00, 6.324746054365903092e+00, 1.054520911861846599e+01, 6.398121516072485804e+00, 1.061687052787082486e+01
1.960000000000000000e+03, 5.996141632519901066e+00, 1.724227177135192690e+01, 1.138283852905760973e+01, 1.212061518576721575e+01, 1.198764150313847665e+01, 1.011299825605482106e+01, 6.065485038258499273e+00, 7.407811086066462991e+00, 1.590767653736637577e+01, 1.508691857518321733e+01, 1.117764879048227478e+01, 9.349171625782499717e+00, 6.674695036826184591e+00, 1.124250369929087334e+01, 6.711648807893590529e+00, 1.079416669280679564e+01
1.961000000000000000e+03, 5.836223928781527626e+00, 1.779385020042001742e+01, 1.096092118475196031e+01, 1.108481666985836434e+01, 1.289403850323846612e+01, 9.789811323903430562e+00, 6.205580661240476914e+00, 7.404517598180074600e+00, 1.491650399099636104e+01, 1.528762190927657727e+01, 1.205240623704218983e+01, 9.614713799503380898e+00, 6.422351828300460141e+00, 9.986764276355854619e+00, 6.225369844440961309e+00, 1.062528861393559687e+01
1.962000000000000000e+03, 6.016506095443536317e+00, 1.808789634916682942e+01, 1.139836841939229473e+01, 1.087963158632265603e+01, 1.238906304583916906e+01, 9.615526486970912501e+00, 6.958119574276488528e+00, 7.466203067801253646e+00, 1.496647794877834770e+01, 1.445422191855447736e+01, 1.129534899728623820e+01, 9.407960324502203875e+00, 6.472328175759377800e+00, 9.781734732131136312e+00, 6.252830785574015948e+00, 1.063700308064896660e+01
1.963000000000000000e+03, 5.705896017010840815e+00, 1.785013330193767445e+01, 1.157245764281844913e+01, 1.242715976773503073e+01, 1.249976770521913316e+01, 1.065587298009554651e+01, 8.198018215018032961e+00, 7.520691757802382860e+00, 1.584416130896637576e+01, 1.578029983199884079e+01, 1.121535080829170106e+01, 9.072410037647150816e+00, 6.356372165859828449e+00, 1.001985951843926514e+01, 6.620132900354806615e+00, 1.060964986934252963e+01
1.964000000000000000e+03, 5.798688430048459352e+00, 1.757558595781653210e+01, 1.175151214925496213e+01, 1.292216459882951796e+01, 1.238633925759026688e+01, 1.198775073407691671e+01, 8.492220850690962664e+00, 7.736947500225399565e+00, 1.596755653893603899e+01, 1.499797878858215761e+01, 1.189250603326891920e+01, 9.849690255517822735e+00, 6.578319823661083809e+00, 1.095457711244181809e+01, 6.229633092928914095e+00, 1.093888159402489357e+01
1.965000000000000000e+03, 5.873561355964521447e+00, 1.751528028099675183e+01, 1.169420133637447279e+01, 1.176180852480926298e+01, 1.225227637444965545e+01, 1.038254672747370400e+01, 6.599079448130310332e+00, 7.829266214042588601e+00, 1.493836014204861229e+01, 1.489072151029514224e+01, 1.159962143901664255e+01, 9.217370572153988917e+00, 6.925295705717028127e+00, 1.065453580387919175e+01, 6.632219925274895012e+00, 1.151357240215101641e+01
1.966000000000000000e+03, 5.797741111505879452e+00, 1.793009769300835998e+01, 1.144016424726023651e+01, 1.206981204505448346e+01, 1.237891084703238143e+01, 1.211837052269205017e+01, 6.608186626644422468e+00, 7.709612235144296832e+00, 1.478041286789388842e+01, 1.423639374636446142e+01, 1.213851243369339983e+01, 9.200598944329575701e+00, 6.310845071828819819e+00, 1.089394749209963820e+01, 6.468705394102363115e+00, 1.154714855867276846e+01
1.967000000000000000e+03, 6.027216747746620307e+00, 1.758819952251970875e+01, 1.123512501258870877e+01, 1.172184658503860710e+01, 1.235244087377745004e+01, 1.028117317637472006e+01, 5.583694260817968491e+00, 7.717977155269522882e+00, 1.576143705407933737e+01, 1.469310035596692643e+01, 1.130012737858206151e+01, 9.364477453381446992e+00, 6.755640797778009521e+00, 1.154611324041617060e+01, 6.300390754373876412e+00, 1.086146077973569923e+01
1.968000000000000000e+03, 5.450505708889396672e+00, 1.833226369667205091e+01, 1.171191827602863178e+01, 1.226721518817229573e+01, 1.168852422596205187e+01, 1.076103596185013522e+01, 7.051025766067779088e+00, 7.812526389785138470e+00, 1.573494912416997771e+01, 1.484425325938513041e+01, 1.133399353959796230e+01, 9.760239468573381316e+00, 6.732295069771824458e+00, 1.102273565707855241e+01, 6.218807767006023113e+00, 1.143387871252724963e+01
1.969000000000000000e+03, 5.669273728559748982e+00, 1.832571948120266470e+01, 1.167269470298262846e+01, 1.274590049607755837e+01, 1.235171471864357784e+01, 1.056976901924827494e+01, 6.656784222021898678e+00, 7.759309801957037678e+00, 1.525191110083822821e+01, 1.425952248105254583e+01, 1.206011353616369774e+01, 9.171978793366868388e+00, 6.697113534246346589e+00, 1.046754643369419036e+01, 5.998199665707831585e+00, 1.094868663230267991e+01
1.970000000000000000e+03, 6.070744000679495045e+00, 1.796283142709025427e+01, 1.153324859122022339e+01, 1.198491871516040952e+01, 1.249309786858044724e+01, 1.049950710242193885e+01, 7.322370847938683092e+00, 7.538521789909947479e+00, 1.675378221754322183e+01, 1.532804379973271303e+01, 1.194922701364120243e+01, 9.531728449971641481e+00, 6.500317795594020787e+00, 1.081757635546125762e+01, 6.859136875733443439e+00, 1.074632721112015510e+01
1.971000000000000000e+03, 5.941127365146225081e+00, 1.826275464371563118e+01, 1.155872702159189735e+01, 1.261797957817022464e+01, 1.209905381177269668e+01, 1.045098588984866339e+01, 6.655843648211011931e+00, 7.598549290075064633e+00, 1.612688353387286710e+01, 1.474455538180576930e+01, 1.206611476127683780e+01, 9.999450560667273891e+00, 6.755282429884230666e+00, 1.108026546981515281e+01, 6.428454773785206022e+00, 1.099838294604735367e+01
1.972000000000000000e+03, 6.065072574274730677e+00, 1.792863627279561456e+01, 1.170202066783510020e+01, 1.222702425865489140e+01, 1.299678201497198771e+01, 1.109871591185094708e+01, 5.674739287359244599e+00, 8.258654342693148465e+00, 1.591082138740317831e+01, 1.456023899279113998e+01, 1.145995595114590593e+01, 9.127703193013216421e+00, 7.131191113121929881e+00, 1.095260649407706666e+01, 6.632378605638412417e+00, 1.003157718392840891e+01
1.973000000000000000e+03, 6.369409044493515637e+00, 1.787699297918741692e+01, 1.180169284384196615e+01, 1.205999839654585415e+01, 1.222491774022178568e+01, 1.157501887363702764e+01, 7.293231615626242892e+00, 7.920609466281325339e+00, 1.634975750793079285e+01, 1.481811935610788744e+01, 1.194993316449060927e+01, 9.547012115611961391e+00, 6.774382363002880325e+00, 1.065287835509796999e+01, 6.419567128068026207e+00, 1.069468359227796306e+01
1.974000000000000000e+03, 6.058961522457739335e+00, 1.808747902849084710e+01, 1.159292200926343597e+01, 1.202328665665649687e+01, 1.244831430343232093e+01, 1.124460259632089887e+01, 7.050433958127787726e+00, 7.566550043515964497e+00, 1.586206739837779800e+01, 1.386542785108474796e+01, 1.129644811200228460e+01, 9.774593150926895291e+00, 6.697377743855900789e+00, 1.041398455508607945e+01, 6.351496705089387795e+00, 1.030243003470730301e+01
1.975000000000000000e+03, 6.132939797990111686e+00, 1.834819888860369019e+01, 1.147034390514945557e+01, 1.182630194602200469e+01, 1.197688928240706119e+01, 9.881478215366826134e+00, 7.173082347342443654e+00, 7.857196594582677385e+00, 1.519213649856605208e+01, 1.487813419190285202e+01, 1.142086409771234834e+01, 9.267899310364422050e+00, 6.520123740514353727e+00, 1.083086360812864513e+01, 6.507030599552667383e+00, 1.028771319934936734e+01
1.976000000000000000e+03, 6.162726050743166262e+00, 1.820139840799244624e+01, 1.154842207455667413e+01, 1.253327139860249240e+01, 1.255671832194800075e+01, 1.116440810400352390e+01, 7.530307912419831773e+00, 7.246377015823469492e+00, 1.491424514348118180e+01, 1.527645753149696795e+01, 1.172321754563245122e+01, 9.993447747045209439e+00, 7.002978555257373117e+00, 1.125880575912290560e+01, 6.296952927451401116e+00, 1.057019521847009713e+01
1.977000000000000000e+03, 6.143903420980884711e+00, 1.800171465237537305e+01, 1.193965891244896049e+01, 1.203576629785711383e+01, 1.188742974310527778e+01, 1.278465583697874841e+01, 7.307398083928592136e+00, 7.824826540505836370e+00, 1.591630490262987685e+01, 1.401368054783313788e+01, 1.242897006799017845e+01, 9.056589296368631636e+00, 6.771342615134090970e+00, 1.074728600287770242e+01, 6.557222536848542838e+00, 1.126920063293896490e+01
1.978000000000000000e+03, 5.921549606168038160e+00, 1.878371335226017180e+01, 1.189942704968536091e+01, 1.332237029429473729e+01, 1.378332530334471073e+01, 1.206835420085391775e+01, 8.368405723637202698e+00, 7.826510435212280292e+00, 1.652992844059782129e+01, 1.495360308927383741e+01, 1.189404576307702399e+01, 8.980510744571359893e+00, 6.988718382402977269e+00, 1.144129725389933228e+01, 6.747295825160917637e+00, 1.137598320755545345e+01
1.979000000000000000e+03, 6.213598680256024132e+00, 1.850347617403141243e+01, 1.201809184733259350e+01, 1.319737388563114777e+01, 1.207357335206151738e+01, 1.038608321032658921e+01, 7.106355465775104463e+00, 8.087206054179144843e+00, 1.535362227180309169e+01, 1.436781236401972173e+01, 1.197465455436738857e+01, 9.982958380493970552e+00, 6.611639529024810891e+00, 1.106143360966260936e+01, 6.485777657872815460e+00, 1.139965653920444311e+01
1.980000000000000000e+03, 6.205749758249985426e+00, 1.857192310984651584e+01, 1.179079068027747823e+01, 1.236781173473134388e+01, 1.266946002846349906e+01, 1.088448008074418283e+01, 6.778269316355063800e+00, 8.045398935613505387e+00, 1.605416574325269963e+01, 1.482512211092405074e+01, 1.259925537342545532e+01, 9.857429079199118149e+00, 6.981756248693986144e+00, 1.017385182030018598e+01, 6.655783828262988422e+00, 1.096366181401780970e+01
1.981000000000000000e+03, 6.254091972789691312e+00, 1.827646123003114198e+01, 1.157634786218041789e+01, 1.303474530366781359e+01, 1.242972148393146270e+01, 1.129194130171280364e+01, 6.770274737571172707e+00, 7.614431451745389268e+00, 1.565535989714251741e+01, 1.382907318822891796e+01, 1.307123749765887410e+01, 8.723113164600759362e+00, 7.031228517933035604e+00, 1.087390386902596262e+01, 6.228786392880872214e+00, 1.053921322118168291e+01
1.982000000000000000e+03, 5.759964833619259927e+00, 1.834649992463228330e+01, 1.202628408914466007e+01, 1.405007571541616684e+01, 1.289435714067621674e+01, 1.035347618605824493e+01, 6.969053336822422118e+00, 7.776841714055561461e+00, 1.718594617743456965e+01, 1.447105434496748444e+01, 1.223214389943884406e+01, 9.404628806868608137e+00, 6.622270361822399920e+00, 1.081841593905665455e+01, 6.606451942049780257e+00, 1.058157430637905705e+01
1.983000000000000000e+03, 5.822722262878927246e+00, 1.836390164773541400e+01, 1.223646565760320470e+01, 1.333538409857320772e+01, 1.199450544304894883e+01, 1.107303252024321516e+01, 6.826464352484469700e+00, 7.885824442225925601e+00, 1.581175097746772273e+01, 1.486900122336764341e+01, 1.228128943881936586e+01, 9.625327013187547465e+00, 6.747981588270848263e+00, 1.085012572268888675e+01, 6.692503190993385864e+00, 1.133499643423947312e+01
1.984000000000000000e+03, 5.926121207014288572e+00, 1.896462775377579035e+01, 1.243876044270585268e+01, 1.290067281682968492e+01, 1.266191080108852773e+01, 1.068034657005671662e+01, 7.824574368124333823e+00, 8.018564337929364072e+00, 1.616595074852033775e+01, 1.491821433984571854e+01, 1.209548264336385337e+01, 9.738699979847599053e+00, 6.728873188690152496e+00, 1.079617145864602890e+01, 6.958342324059444195e+00, 1.160535943456252816e+01
1.985000000000000000e+03, 6.035074217201746194e+00, 1.872579824036454355e+01, 1.204349836440038146e+01, 1.175328268523302100e+01, 1.282301473263684422e+01, 1.148912031372834797e+01, 7.342309765113312459e+00, 8.148997772720473876e+00, 1.576858116707498603e+01, 1.492542702729132209e+01, 1.279804530734734236e+01, 8.813437496166775631e+00, 7.158161338114871874e+00, 1.157705140381046860e+01, 6.821226821626470205e+00, 1.088833301340522475e+01
1.986000000000000000e+03, 5.993833513696581683e+00, 1.881942828778975141e+01, 1.197180383983945440e+01, 1.152476114399924612e+01, 1.347876584752876994e+01, 1.127929657941288255e+01, 7.160294216778003928e+00, 7.697214177940128188e+00, 1.682194544003150227e+01, 1.543483451120802741e+01, 1.222087123407411902e+01, 9.895448454873379873e+00, 7.008913785202433466e+00, 1.131570542288331360e+01, 6.929648620708434237e+00, 1.142273811930960292e+01
1.987000000000000000e+03, 6.454915644873364222e+00, 1.932062427830746998e+01, 1.225891655897164689e+01, 1.208897895608524742e+01, 1.292227318975364625e+01, 1.116085028771216869e+01, 7.371790756009654721e+00, 7.722117413233581473e+00, 1.658463632604070170e+01, 1.490039512535353516e+01, 1.181574318226219944e+01, 9.632836686964122208e+00, 6.737230965398426363e+00, 1.161350319492929550e+01, 6.590708092486162961e+00, 1.079825525436625178e+01
1.988000000000000000e+03, 5.828736503835570737e+00, 1.932082897327742188e+01, 1.225072445277810118e+01, 1.282113832275615906e+01, 1.314565921035316443e+01, 1.195945426721630866e+01, 7.807920750549566691e+00, 7.867115476986344724e+00, 1.651846183402233592e+01, 1.439730685526812337e+01, 1.214164893723232019e+01, 9.761096184772355855e+00, 6.788744745308555650e+00, 1.096776768302541250e+01, 6.503684567366334157e+00, 1.125611077130702675e+01
1.989000000000000000e+03, 6.087024202526547079e+00, 1.883568484872044380e+01, 1.250640944171916225e+01, 1.379247790364328097e+01, 1.269619178690963324e+01, 1.082076053291915940e+01, 7.176037345461926620e+00, 8.411953578599197456e+00, 1.621891295678887701e+01, 1.462924075271934399e+01, 1.326668489910660576e+01, 9.851636914096255637e+00, 6.991076792369997683e+00, 1.071555160783799643e+01, 6.948235453739447287e+00, 1.114642947209454782e+01
1.990000000000000000e+03, 6.329474719083640899e+00, 1.904729392211445571e+01, 1.239812789831508155e+01, 1.382039806065851018e+01, 1.318793506674940197e+01, 1.040030060981008830e+01, 7.121528384921091970e+00, 7.495278787456495451e+00, 1.683210062568433685e+01, 1.566548076350107799e+01, 1.291285440547371621e+01, 1.004532900961450537e+01, 7.185992840930506276e+00, 1.110211527191193781e+01, 6.730535550769636721e+00, 1.062373285594624939e+01
1.991000000000000000e+03, 6.187680908646978395e+00, 1.889905995170305530e+01, 1.204012763013541054e+01, 1.315144912763632945e+01, 1.239663642748321593e+01, 1.227328983446393629e+01, 6.510432907096403987e+00, 8.153856700911264355e+00, 1.747722888677060382e+01, 1.585161299684562231e+01, 1.261886794683521806e+01, 9.718349505350358797e+00, 6.696756653260413472e+00, 1.133660392008138906e+01, 6.954373269405736302e+00, 1.107078683765897686e+01
1.992000000000000000e+03, 5.904195553655717355e+00, 1.954897067274764666e+01, 1.218530518518696404e+01, 1.271114271639836701e+01, 1.306741107023384174e+01, 1.093271340098282352e+01, 8.023333241569220675e+00, 8.183896459431450054e+00, 1.712714613600005364e+01, 1.648836546835372019e+01, 1.227854279995178644e+01, 9.497080852654068650e+00, 7.251447744240260285e+00, 1.133275690947164804e+01, 7.069075896198123488e+00, 1.150328229400082236e+01
1.993000000000000000e+03, 6.646903161775301605e+00, 1.960252272364839854e+01, 1.251912573699265430e+01, 1.201457060536380972e+01, 1.346968721062566487e+01, 1.241083293395399423e+01, 6.810916221701900142e+00, 7.987214991150026755e+00, 1.672616789999041131e+01, 1.610415702517769176e+01, 1.290344522915243353e+01, 9.790623023233818500e+00, 7.015957322874810664e+00, 1.147860382703744087e+01, 6.918121215388459255e+00, 1.195489607240590857e+01
1.994000000000000000e+03, 6.462980261848205288e+00, 1.931417606613833016e+01, 1.269989304858047419e+01, 1.337343191888296801e+01, 1.295565855883482698e+01, 1.209722446403934981e+01, 7.026408466562401145e+00, 8.153814288710719893e+00, 1.782468821160815509e+01, 1.718234951326529725e+01, 1.305458055895367941e+01, 1.016599356610995564e+01, 7.057787416481352771e+00, 1.131990662686715687e+01, 7.009396167962115953e+00, 1.177836478181631819e+01
1.995000000000000000e+03, 6.670908942217689486e+00, 1.958004522597176944e+01, 1.228182220799148361e+01, 1.431937651718863336e+01, 1.352698474793318972e+01, 1.159105988308899171e+01, 7.565320683071661279e+00, 8.301449312506363754e+00, 1.681389247145310506e+01, 1.673298743091988072e+01, 1.318641412757333775e+01, 9.603534738749390343e+00, 7.087793122051891714e+00, 1.101832765620666699e+01, 6.815978772397240704e+00, 1.212990870183687164e+01
1.996000000000000000e+03, 6.446174482759249535e+00, 2.013170309735580688e+01, 1.217106713829039144e+01, 1.350823545698969141e+01, 1.263447549595724340e+01, 1.033791444885580724e+01, 7.712414728525088137e+00, 7.767786947523788399e+00, 1.721969289585354446e+01, 1.548173644962302298e+01, 1.278448144537579090e+01, 9.741015150620501828e+00, 6.980039351685727311e+00, 1.129784499394647668e+01, 6.552513062581706293e+00, 1.185727849117613175e+01
1.997000000000000000e+03, 6.315926795458942422e+00, 2.010171997076989214e+01, 1.199625503557906114e+01, 1.225836046291489012e+01, 1.267833477098192496e+01, 1.139994040555845878e+01, 7.384201951471256464e+00, 8.491247810022025888e+00, 1.698380274353385744e+01, 1.673590602539361072e+01, 1.333147776915513738e+01, 9.605561587288427461e+00, 7.169676649119824496e+00, 1.104608950863841343e+01, 7.243425708479341196e+00, 1.218607031938405960e+01
1.998000000000000000e+03, 6.393861426174223261e+00, 2.024807174677419042e+01, 1.222385070773554361e+01, 1.266772356780959363e+01, 1.292554271064935634e+01, 1.016783189303300183e+01, 7.003014847884255545e+00, 8.104491082388308953e+00, 1.711156752627798383e+01, 1.598963899569369573e+01, 1.323834689617958205e+01, 9.994272078661486702e+00, 7.076451279942639339e+00, 1.070615965691345295e+01, 7.378710405718591048e+00, 1.180676893552969275e+01
1.999000000000000000e+03, 6.329056573634901817e+00, 2.018510504213011103e+01, 1.249182885798848730e+01, 1.247316131227096569e+01, 1.314127585755149319e+01, 1.298496587786564049e+01, 7.623696881350841004e+00, 8.145432363655775276e+00, 1.668435994651128951e+01, 1.647951479486983573e+01, 1.287705111682837966e+01, 1.020786840098736903e+01, 6.998564098715689852e+00, 1.131253554355385482e+01, 7.112568478689641260e+00, 1.195749841641037037e+01
2.000000000000000000e+03, 6.354602993982529036e+00, 1.951802192306749717e+01, 1.261960829271224682e+01, 1.345932083810413715e+01, 1.344782799081837688e+01, 1.190560492684686089e+01, 7.488600089378347313e+00, 8.198812314994693651e+00, 1.656752778602998433e+01, 1.642942906243259671e+01, 1.295514161614295112e+01, 9.951781095649403497e+00, 7.318240730656037307e+00, 1.152211281810310517e+01, 6.861013502248411555e+00, 1.164992935025421339e+01
2.001000000000000000e+03, 6.849716638839496774e+00, 2.024447087900796305e+01, 1.264892364588077101e+01, 1.430833199338063366e+01, 1.290557514610648759e+01, 1.221491995766855077e+01, 6.000920569891048828e+00, 8.046213890698330928e+00, 1.720983342203460964e+01, 1.652024331486495612e+01, 1.311956273369357007e+01, 9.405643585759001724e+00, 6.712234449016315274e+00, 1.039757769230740259e+01, 7.113290055084018348e+00, 1.148914552107504861e+01
2.002000000000000000e+03, 6.898136944632501155e+00, 2.002079637022922753e+01, 1.256213822243413958e+01, 1.405923763147935013e+01, 1.343840879727442150e+01, 1.127428411288235743e+01, 7.562225545707430996e+00, 8.254427176360623619e+00, 1.625308872123025949e+01, 1.578699187460685849e+01, 1.321024124574580938e+01, 1.000041072482809490e+01, 7.041528876036552198e+00, 1.085495486107313035e+01, 7.111360927939932353e+00, 1.137963428664112797e+01
2.003000000000000000e+03, 6.419420939005694215e+00, 2.020731330029699180e+01, 1.298109084599571261e+01, 1.349738922482568348e+01, 1.400060027724819633e+01, 1.253832264668203855e+01, 6.316323991995711040e+00, 8.433809104873430940e+00, 1.651846304276430644e+01, 1.658116595344895927e+01, 1.366019507104593167e+01, 9.620657837649581268e+00, 7.592168181348546874e+00, 1.129786125460602797e+01, 7.002004585287486371e+00, 1.189518996200011536e+01
2.004000000000000000e+03, 6.230978773444042496e+00, 2.035795688372811085e+01, 1.249569340443182419e+01, 1.300441725455496211e+01, 1.344324351034775233e+01, 1.129190193254961727e+01, 7.203195973330823065e+00, 7.998852265061970002e+00, 1.658691786261555734e+01, 1.640506319876216068e+01, 1.333529280334036748e+01, 1.039492244314100233e+01, 7.243682675619409039e+00, 1.092326646999254436e+01, 7.443463966758791628e+00, 1.090459108083706319e+01
2.005000000000000000e+03, 6.496967494912068375e+00, 2.036813873276804188e+01, 1.223930195042673574e+01, 1.440675743701891420e+01, 1.208925231648241372e+01, 1.203018480555263103e+01, 7.802071342413510635e+00, 8.149416146478193568e+00, 1.734714191546887818e+01, 1.627345179113680729e+01, 1.281879488652429089e+01, 9.845676567740568430e+00, 7.150920428873859258e+00, 1.085370115070121777e+01, 6.962883577192362061e+00, 1.143613248909310975e+01
2.006000000000000000e+03, 6.399613752146878554e+00, 2.092352109937143823e+01, 1.237827373724516100e+01, 1.432287273284599927e+01, 1.314664756274998858e+01, 1.337508680776921643e+01, 6.566558181703458175e+00, 8.017488949893877503e+00, 1.780170250564201595e+01, 1.676874874144443339e+01, 1.344704875707148517e+01, 9.613730387030646085e+00, 7.360815593002989488e+00, 1.155518699464815491e+01, 7.054736856023729352e+00, 1.189981359475997991e+01
2.007000000000000000e+03, 6.673193422152694509e+00, 2.134155750523804329e+01, 1.277302897591264319e+01, 1.350044693174197619e+01, 1.376641022083580701e+01, 1.212400519358027751e+01, 8.199186045632179898e+00, 7.981913749907231015e+00, 1.747710459203015532e+01, 1.701624256991243200e+01, 1.366064371932733224e+01, 9.889150740121387173e+00, 7.032186467249710304e+00, 1.199666565099955484e+01, 6.756222613982533431e+00, 1.089070481787959999e+01
2.008000000000000000e+03, 6.702756361394921036e+00, 2.080108777475815529e+01, 1.281634989836011940e+01, 1.383525081226551379e+01, 1.346603992418714490e+01, 1.148386441208047692e+01, 8.444715257395419172e+00, 8.746964191994573312e+00, 1.696235559926876491e+01, 1.690668206675818297e+01, 1.386386391846651200e+01, 1.025560519710010254e+01, 7.202471614751762452e+00, 1.175935734988484249e+01, 6.697824994000873389e+00, 1.136138809282078377e+01
2.009000000000000000e+03, 6.629095900399272878e+00, 2.111337958229400869e+01, 1.303988623641635058e+01, 1.379636626642768427e+01, 1.365375162617089444e+01, 1.045797648082572096e+01, 7.984577552018365054e+00, 8.340088353504757634e+00, 1.811569870643815960e+01, 1.683040548242728818e+01, 1.357794396648511537e+01, 1.005037587708186031e+01, 7.313645950553964603e+00, 1.180981947224120887e+01, 6.859171197225294669e+00, 1.108636582986504315e+01
2.010000000000000000e+03, 6.198728436625742688e+00, 2.147204832981352141e+01, 1.231296943836693814e+01, 1.467570490294771268e+01, 1.309165367476853881e+01, 1.109495819061802635e+01, 7.911838101924086430e+00, 8.253194179973258215e+00, 1.823081011568843124e+01, 1.695154087051514935e+01, 1.310577709395002266e+01, 1.014702900616797798e+01, 7.456213012645441118e+00, 1.168358164514339315e+01, 7.195601540808768348e+00, 1.151827270682928095e+01
2.011000000000000000e+03, 6.278053646013770361e+00, 2.154512865936789368e+01, 1.283409776017342097e+01, 1.363283421549736296e+01, 1.336920101079524059e+01, 1.186133540394939345e+01, 6.708857367688619178e+00, 7.820215036624242444e+00, 1.796251706345365662e+01, 1.770837161938893090e+01, 1.420222873409505659e+01, 1.008169856040914958e+01, 7.046019561115169694e+00, 1.135812722329397673e+01, 7.287579877665116612e+00, 1.167864105693027810e+01
2.012000000000000000e+03, 7.068820437052021788e+00, 2.163948892144301439e+01, 1.282764587639562848e+01, 1.370616505435113019e+01, 1.406310984292666966e+01, 1.340225677690930084e+01, 7.302860935173232981e+00, 8.211198995863760786e+00, 1.715685418287544195e+01, 1.747898376749898119e+01, 1.399814216429815694e+01, 1.007069003801805884e+01, 7.349498902881738793e+00, 1.140423459352625990e+01, 6.865703728231946634e+00, 1.113962797042047903e+01
2.013000000000000000e+03, 6.447894014869917534e+00, 2.183590885407313209e+01, 1.316144884469041720e+01, 1.362297685724214347e+01, 1.309868066747432636e+01, 1.344297153693996982e+01, 7.534273191237284450e+00, 8.639743347766033921e+00, 1.721514210397768707e+01, 1.669422104203020751e+01, 1.390694720060545819e+01, 9.590699802393645612e+00, 7.276374238258900284e+00, 1.134395955848036408e+01, 7.120923542355279245e+00, 1.110189288136224306e+01
2.014000000000000000e+03, 7.017895285499271552e+00, 2.136933719070400173e+01, 1.298529125843536747e+01, 1.350076964739529650e+01, 1.349267380869796895e+01, 1.270691149717633017e+01, 7.863707543181233994e+00, 8.563419501437351755e+00, 1.804126541997012367e+01, 1.827802161848207874e+01, 1.368087147435801221e+01, 1.004469198278100173e+01, 7.269295265724520227e+00, 1.097331306737746104e+01, 7.072802864448374471e+00, 1.142240408629422888e+01
