year, INM-CM5-0, NorESM2-MM, TaiESM1, GFDL-ESM4, IPSL-CM6A-LR, CMCC-CM2-SR5, ACCESS-ESM1-5, UKESM1-0-LL, MPI-ESM1-2-LR, NorESM2-LM, CanESM5, CESM2-WACCM, INM-CM4-8, CNRM-ESM2-1, MIROC-ES2L, EC-Earth3-Veg
2.015000000000000000e+03, 3.036889142822474241e+00, 2.869743097107857466e+00, 3.108262724708765745e+00, 2.941139310132712126e+00, 3.016826638486236334e+00, 3.132929408457130194e+00, 3.248771920334547758e+00, 3.099098370876163244e+00, 2.844302554149180651e+00, 2.872554387431591749e+00, 2.913394791539758444e+00, 2.925893466453999281e+00, 3.042664169333875179e+00, 2.968650602269917727e+00, 3.224234108347445726e+00, 2.954038430470973253e+00
2.016000000000000000e+03, 3.047640819568186998e+00, 2.869270986411720514e+00, 3.082459140568971634e+00, 2.951480168849229813e+00, 3.017661476042121649e+00, 3.131199069321155548e+00, 3.230366518255323172e+00, 3.111941227689385414e+00, 2.847433194983750582e+00, 2.864664606750011444e+00, 2.900882286485284567e+00, 2.952225424814969301e+00, 3.050109185278415680e+00, 2.968987554777413607e+00, 3.170928661711513996e+00, 2.943066100124269724e+00
2.017000000000000000e+03, 3.036738268565386534e+00, 2.856394811533391476e+00, 3.094068914651870728e+00, 2.968968695495277643e+00, 3.029267478268593550e+00, 3.137587022501975298e+00, 3.240386769175529480e+00, 3.118759486824274063e+00, 2.850379643496125937e+00, 2.863906149286776781e+00, 2.913279749918729067e+00, 2.936881512869149446e+00, 3.066346398554742336e+00, 2.971081563737243414e+00, 3.172232152428478003e+00, 2.936602709814906120e+00
2.018000000000000000e+03, 3.043738519772887230e+00, 2.863126317970454693e+00, 3.113825269974768162e+00, 2.957279083784669638e+00, 3.050624986644834280e+00, 3.125245193950831890e+00, 3.228766936808824539e+00, 3.122738481033593416e+00, 2.845779235940426588e+00, 2.862001990433782339e+00, 2.901239041239023209e+00, 2.967744099441915751e+00, 3.059473447501659393e+00, 2.991411869879812002e+00, 3.187198564410209656e+00, 2.929932181723415852e+00
2.019000000000000000e+03, 3.058032284025102854e+00, 2.864295279141515493e+00, 3.135952551383525133e+00, 2.958231163211166859e+00, 3.030991216655820608e+00, 3.108726663049310446e+00, 3.235502529423683882e+00, 3.138425317592918873e+00, 2.841756236739456654e+00, 2.876337559428066015e+00, 2.912300953175872564e+00, 2.964458498172461987e+00, 3.059417812619358301e+00, 2.966120000928640366e+00, 3.232703183311969042e+00, 2.960683812852948904e+00
2.020000000000000000e+03, 3.080866474192589521e+00, 2.881107700522989035e+00, 3.116443881299346685e+00, 2.972055331338196993e+00, 3.036320535466074944e+00, 3.112137364223599434e+00, 3.252580238040536642e+00, 3.136751241981983185e+00, 2.846200740896165371e+00, 2.855018398258835077e+00, 2.908353391103446484e+00, 2.943080558907240629e+00, 3.046934853773564100e+00, 2.981596870813518763e+00, 3.200337826274335384e+00, 2.941157540772110224e+00
2.021000000000000000e+03, 3.064460156019777060e+00, 2.886905986815690994e+00, 3.099138289690017700e+00, 2.988557203207165003e+00, 3.036863368470221758e+00, 3.145472088363021612e+00, 3.287467395421117544e+00, 3.137219895143061876e+00, 2.855670929420739412e+00, 2.857734134886413813e+00, 2.921790000982582569e+00, 2.964622259605675936e+00, 3.062933182809501886e+00, 2.998761017806828022e+00, 3.191793314181268215e+00, 2.938097936566919088e+00
2.022000000000000000e+03, 3.058331203646957874e+00, 2.862604858819395304e+00, 3.107575303874909878e+00, 2.965467155445367098e+00, 3.044845873955637217e+00, 3.156312718056142330e+00, 3.257980279158800840e+00, 3.149184852372854948e+00, 2.857541141565889120e+00, 2.873367536813020706e+00, 2.913170366082340479e+00, 2.986709936521947384e+00, 3.077380650211125612e+00, 2.982749801594763994e+00, 3.204953321255743504e+00, 2.945741603616625071e+00
2.023000000000000000e+03, 3.068971610628068447e+00, 2.851083723362535238e+00, 3.121151786763221025e+00, 2.963527163956314325e+00, 3.045825927983969450e+00, 3.115886903833597898e+00, 3.249537607189267874e+00, 3.151027089916169643e+00, 2.845217229332774878e+00, 2.890852291602641344e+00, 2.914386161137372255e+00, 2.951036661397665739e+00, 3.058378666173666716e+00, 2.969781216233968735e+00, 3.210361220408231020e+00, 2.943394251633435488e+00
2.024000000000000000e+03, 3.051766601856797934e+00, 2.873844048008322716e+00, 3.128150466363877058e+00, 2.950990770477801561e+00, 3.055608866270631552e+00, 3.094142465852200985e+00, 3.255944733973592520e+00, 3.152190393302589655e+00, 2.857015596237033606e+00, 2.861941955052316189e+00, 2.935589337721467018e+00, 2.974600391462445259e+00, 3.056236251723021269e+00, 2.967027446720749140e+00, 3.236745670437812805e+00, 2.948108443524688482e+00
2.025000000000000000e+03, 3.051071951631456614e+00, 2.895894320681691170e+00, 3.122354380320757627e+00, 2.979321812745183706e+00, 3.058171214070171118e+00, 3.111191256903111935e+00, 3.259707475081086159e+00, 3.154396614991128445e+00, 2.858443558216094971e+00, 2.862314425874501467e+00, 2.922865294385701418e+00, 2.998019848018884659e+00, 3.061375091783702374e+00, 2.989115752279758453e+00, 3.198839456308633089e+00, 2.952634671237319708e+00
2.026000000000000000e+03, 3.062617289833724499e+00, 2.891091175843030214e+00, 3.147926309611648321e+00, 2.982205711305141449e+00, 3.041009895969182253e+00, 3.130528307519853115e+00, 3.251966368407011032e+00, 3.156504454091191292e+00, 2.856533427257090807e+00, 2.893564256373792887e+00, 2.937446348369121552e+00, 2.958050428424030542e+00, 3.068475925829261541e+00, 2.991708903573453426e+00, 3.206599422264844179e+00, 2.973036014009267092e+00
2.027000000000000000e+03, 3.082553122658282518e+00, 2.872381825000047684e+00, 3.166627173777669668e+00, 2.962868346367031336e+00, 3.038859937805682421e+00, 3.149354585912078619e+00, 3.268852655310183764e+00, 3.169809363316744566e+00, 2.860167296603322029e+00, 2.884300891309976578e+00, 2.943555812817066908e+00, 2.961905580013990402e+00, 3.064828540664166212e+00, 3.000174521002918482e+00, 3.203856968320906162e+00, 2.981704368721693754e+00
2.028000000000000000e+03, 3.074883366934955120e+00, 2.898437494877725840e+00, 3.145364904776215553e+00, 2.977826271671801805e+00, 3.053561062552034855e+00, 3.178761235903948545e+00, 3.273416915908455849e+00, 3.182639647275209427e+00, 2.866905089467763901e+00, 2.878532151225954294e+00, 2.953343151602894068e+00, 2.978333586361259222e+00, 3.052797890268266201e+00, 2.977714373264461756e+00, 3.228551626671105623e+00, 2.949400304351001978e+00
2.029000000000000000e+03, 3.088042431045323610e+00, 2.876766293775290251e+00, 3.153271973133087158e+00, 2.981499431189149618e+00, 3.046716086100786924e+00, 3.159893781412392855e+00, 3.272999182809144258e+00, 3.155067376792430878e+00, 2.875971060711890459e+00, 2.884554862976074219e+00, 2.943251235410571098e+00, 2.968766272533684969e+00, 3.065277705900371075e+00, 2.963097800966352224e+00, 3.255408816039562225e+00, 2.959028596524149179e+00
2.030000000000000000e+03, 3.064122889190912247e+00, 2.879143191967159510e+00, 3.166042221710085869e+00, 2.993619348853826523e+00, 3.057827032171189785e+00, 3.145043668337166309e+00, 3.265599114820361137e+00, 3.159212332684546709e+00, 2.870182204060256481e+00, 2.887625468429177999e+00, 2.956922329030930996e+00, 2.997480158228427172e+00, 3.071622911375015974e+00, 2.978123934008181095e+00, 3.220673475880175829e+00, 2.980742545332759619e+00
2.031000000000000000e+03, 3.072655142750591040e+00, 2.896466385573148727e+00, 3.150539577472954988e+00, 2.986653987318277359e+00, 3.061157895717769861e+00, 3.144823329057544470e+00, 3.276362421456724405e+00, 3.177971660625189543e+00, 2.881472941953688860e+00, 2.867156860884279013e+00, 2.949831553269177675e+00, 2.954480366315692663e+00, 3.070921974722296000e+00, 3.000239271204918623e+00, 3.207421058323234320e+00, 2.967181778512895107e+00
2.032000000000000000e+03, 3.060348518192768097e+00, 2.900705009233206511e+00, 3.147024521604180336e+00, 2.974632137920707464e+00, 3.045075957197695971e+00, 3.142478491645306349e+00, 3.282107587438076735e+00, 3.161910467315465212e+00, 2.873662055935710669e+00, 2.918291918467730284e+00, 2.969850052613765001e+00, 2.969255356583744287e+00, 3.081609529908746481e+00, 2.990541828330606222e+00, 3.222938789986073971e+00, 2.968298562336713076e+00
2.033000000000000000e+03, 3.067619085777550936e+00, 2.871378511190414429e+00, 3.152808663435280323e+00, 2.989847178105264902e+00, 3.067041048780083656e+00, 3.160374378785490990e+00, 3.274852421600371599e+00, 3.167269018013030291e+00, 2.847609529271721840e+00, 2.882283891085535288e+00, 2.968766272533684969e+00, 2.979609416797757149e+00, 3.086611325852572918e+00, 2.968020702246576548e+00, 3.235686093103140593e+00, 2.979610359761863947e+00
2.034000000000000000e+03, 3.096223273314535618e+00, 2.865624544210731983e+00, 3.170563734602183104e+00, 3.008922084700316191e+00, 3.060211159754544497e+00, 3.162978217005729675e+00, 3.259783855173736811e+00, 3.195781738031655550e+00, 2.866073709446936846e+00, 2.870588621590286493e+00, 2.965267561376094818e+00, 3.015950939152389765e+00, 3.084478026721626520e+00, 3.004666173364967108e+00, 3.261821600608527660e+00, 2.980656421277672052e+00
2.035000000000000000e+03, 3.091766824945807457e+00, 2.877335215453058481e+00, 3.151906875427812338e+00, 2.973158913664519787e+00, 3.067363228183239698e+00, 3.161378006916493177e+00, 3.286388330161571503e+00, 3.172907629050314426e+00, 2.867740869987756014e+00, 2.878380648326128721e+00, 2.963432238902896643e+00, 2.995865175034850836e+00, 3.078891593031585217e+00, 2.970357367303222418e+00, 3.221375041175633669e+00, 2.972943289205431938e+00
2.036000000000000000e+03, 3.090294857975095510e+00, 2.858827030286192894e+00, 3.175943030510097742e+00, 2.992342889774590731e+00, 3.059954044874757528e+00, 3.175875137094408274e+00, 3.281087300274521112e+00, 3.191570774652063847e+00, 2.874666627030819654e+00, 2.898367715533822775e+00, 2.994221902918070555e+00, 3.012955770827829838e+00, 3.085593238938599825e+00, 3.009355219546705484e+00, 3.219941735733300447e+00, 3.006840019952505827e+00
2.037000000000000000e+03, 3.088931646198034286e+00, 2.887564175762236118e+00, 3.186805977020412683e+00, 3.010664368048310280e+00, 3.054911701474338770e+00, 3.171014471445232630e+00, 3.280263149645179510e+00, 3.195951785892248154e+00, 2.883163047954440117e+00, 2.927579171955585480e+00, 2.995675953570753336e+00, 2.988829405512660742e+00, 3.089806088246405125e+00, 2.992919983807951212e+00, 3.223499539308249950e+00, 2.964229986537247896e+00
2.038000000000000000e+03, 3.094631235580891371e+00, 2.915788348764181137e+00, 3.173776727635413408e+00, 2.984179649502038956e+00, 3.077271580696105957e+00, 3.177994606085121632e+00, 3.278943628538399935e+00, 3.191784198861569166e+00, 2.876343845855444670e+00, 2.917667047586292028e+00, 2.977554069366306067e+00, 3.006515640299767256e+00, 3.091055201366543770e+00, 2.975613134913146496e+00, 3.244045784231275320e+00, 2.973301615566015244e+00
2.039000000000000000e+03, 3.088490024674683809e+00, 2.877359418198466301e+00, 3.178582387045025826e+00, 2.976530638989061117e+00, 3.076804184820502996e+00, 3.170064592268317938e+00, 3.301174007356166840e+00, 3.187723481096327305e+00, 2.865710353944450617e+00, 2.878209657501429319e+00, 2.968341938685625792e+00, 2.996762248221784830e+00, 3.076069930102676153e+00, 2.977576071862131357e+00, 3.254339180421084166e+00, 2.966554393060505390e+00
2.040000000000000000e+03, 3.091663098894059658e+00, 2.881919592618942261e+00, 3.171369025949388742e+00, 2.987611724529415369e+00, 3.057241451460868120e+00, 3.188454906921833754e+00, 3.281909250654280186e+00, 3.192044771276414394e+00, 2.866140659898519516e+00, 2.873958775307983160e+00, 2.975290326867252588e+00, 3.009874478448182344e+00, 3.086608496960252523e+00, 3.016588068567216396e+00, 3.225665213540196419e+00, 2.963453612755984068e+00
2.041000000000000000e+03, 3.078372648451477289e+00, 2.894111489877104759e+00, 3.180999204050749540e+00, 3.007449803408235312e+00, 3.067089768592268229e+00, 3.167095826938748360e+00, 3.267612028867006302e+00, 3.188207221683114767e+00, 2.875009237322956324e+00, 2.880290464963763952e+00, 2.985165361315011978e+00, 3.019353467971086502e+00, 3.065022791270166636e+00, 2.969891857355833054e+00, 3.224412642884999514e+00, 2.985201508272439241e+00
2.042000000000000000e+03, 3.082460083533078432e+00, 2.878370275720953941e+00, 3.219853097107261419e+00, 2.997936552856117487e+00, 3.069919918198138475e+00, 3.178107447456568480e+00, 3.279929026030004025e+00, 3.199890861287713051e+00, 2.876466745510697365e+00, 2.909673855174332857e+00, 2.972829819191247225e+00, 3.015008603688329458e+00, 3.087485453579574823e+00, 2.994944842066615820e+00, 3.232688724528998137e+00, 2.992328430991619825e+00
2.043000000000000000e+03, 3.068900888320058584e+00, 2.907930628862231970e+00, 3.204209008254110813e+00, 3.007728606462478638e+00, 3.058110864367336035e+00, 3.182959312107414007e+00, 3.303748299367725849e+00, 3.212661109864711761e+00, 2.872594620566815138e+00, 2.944011578802019358e+00, 2.993668068666011095e+00, 3.003393800463527441e+00, 3.086730767972767353e+00, 3.001438407227396965e+00, 3.260727447923272848e+00, 2.950454852543771267e+00
2.044000000000000000e+03, 3.097698069177567959e+00, 2.918491826858371496e+00, 3.214618074707686901e+00, 2.978064841590821743e+00, 3.071724122855812311e+00, 3.166077111382037401e+00, 3.302420920226722956e+00, 3.202003729529678822e+00, 2.887079806532710791e+00, 2.881830011028796434e+00, 2.972418058197945356e+00, 3.021193190943449736e+00, 3.086697764229029417e+00, 2.999303536489605904e+00, 3.244901995640248060e+00, 2.971393999177962542e+00
2.045000000000000000e+03, 3.104791359510272741e+00, 2.888116124086081982e+00, 3.219971596263349056e+00, 2.985216595698148012e+00, 3.069612511899322271e+00, 3.190511197317391634e+00, 3.279616904910653830e+00, 3.198708698619157076e+00, 2.880202454980462790e+00, 2.865163749083876610e+00, 2.978118590544909239e+00, 2.989310945849865675e+00, 3.062796453014016151e+00, 2.983511716593056917e+00, 3.234819194767624140e+00, 2.986959822010248899e+00
2.046000000000000000e+03, 3.103304619435220957e+00, 2.886344923172146082e+00, 3.186640958301723003e+00, 3.004659258294850588e+00, 3.067394031677395105e+00, 3.214365988969802856e+00, 3.298342914786189795e+00, 3.221737139392644167e+00, 2.880397019907832146e+00, 2.859225904103368521e+00, 2.976965974085032940e+00, 3.009278525132685900e+00, 3.087365382816642523e+00, 3.022689674980938435e+00, 3.236770187504589558e+00, 2.984645159449428320e+00
2.047000000000000000e+03, 3.101597540080547333e+00, 2.907149540260434151e+00, 3.194345918018370867e+00, 2.988384012132883072e+00, 3.065061767119914293e+00, 3.185822151135653257e+00, 3.279939398635178804e+00, 3.208882652688771486e+00, 2.884369727689772844e+00, 2.873416885267943144e+00, 2.998469327576458454e+00, 3.002442664001137018e+00, 3.084357327315956354e+00, 2.985571778845041990e+00, 3.266825596801936626e+00, 2.992829459253698587e+00
2.048000000000000000e+03, 3.088183875661343336e+00, 2.896864630747586489e+00, 3.218221769202500582e+00, 2.982493001036345959e+00, 3.089296887628734112e+00, 3.200685151387006044e+00, 3.278887365013360977e+00, 3.198610630352050066e+00, 2.875471604056656361e+00, 2.896315511316061020e+00, 2.984767430461943150e+00, 3.012089815456420183e+00, 3.071259555872529745e+00, 3.008759894873946905e+00, 3.236499871127307415e+00, 2.971129969228059053e+00
2.049000000000000000e+03, 3.080649592448025942e+00, 2.900097426027059555e+00, 3.214546723756939173e+00, 3.004584764130413532e+00, 3.075610706582665443e+00, 3.203181491699069738e+00, 3.296906466130167246e+00, 3.195297997444868088e+00, 2.881901361979544163e+00, 2.926200872752815485e+00, 2.994602860417217016e+00, 3.012837271671742201e+00, 3.088097122963517904e+00, 3.002875170204788446e+00, 3.231821197550743818e+00, 2.973601792473345995e+00
2.050000000000000000e+03, 3.095290367491543293e+00, 2.895524993073195219e+00, 3.203029360156506300e+00, 2.995860145892947912e+00, 3.077737404964864254e+00, 3.198565053753554821e+00, 3.312896937131881714e+00, 3.213312069419771433e+00, 2.868360083084553480e+00, 2.884578751400113106e+00, 2.988329005893319845e+00, 3.016880073118954897e+00, 3.089545830152928829e+00, 3.017156675923615694e+00, 3.259446902666240931e+00, 3.027126321103423834e+00
2.051000000000000000e+03, 3.097470814827829599e+00, 2.912756090518087149e+00, 3.203011443838477135e+00, 3.009119478520005941e+00, 3.105745953507721424e+00, 3.202535875607281923e+00, 3.300397319253534079e+00, 3.214423509780317545e+00, 2.891926013398915529e+00, 2.870712149888277054e+00, 3.005909628700464964e+00, 2.999159262981265783e+00, 3.088412072975188494e+00, 2.974006638396531343e+00, 3.271241497714072466e+00, 2.977326815016567707e+00
2.052000000000000000e+03, 3.095489961560815573e+00, 2.899197523947805166e+00, 3.224314888939261436e+00, 3.003475209698081017e+00, 3.066386946011334658e+00, 3.210612991824746132e+00, 3.288990596774965525e+00, 3.219039633404463530e+00, 2.895788394380360842e+00, 2.865582110825926065e+00, 2.993150067050009966e+00, 3.024685301352292299e+00, 3.076465660706162453e+00, 3.009557642508298159e+00, 3.240349993575364351e+00, 2.979917137417942286e+00
2.053000000000000000e+03, 3.071781957987695932e+00, 2.872152999043464661e+00, 3.199311881326138973e+00, 2.980005776043981314e+00, 3.073548444081097841e+00, 3.205709264148026705e+00, 3.289403615053743124e+00, 3.219929791521281004e+00, 2.876564185135066509e+00, 2.901173662394285202e+00, 2.987669873982667923e+00, 3.003725723829120398e+00, 3.086397901643067598e+00, 2.977102075237780809e+00, 3.224453190341591835e+00, 2.991937100887298584e+00
2.054000000000000000e+03, 3.078692313283681870e+00, 2.883717510849237442e+00, 3.222346608527004719e+00, 2.977564756292849779e+00, 3.078067128080874681e+00, 3.202923433855175972e+00, 3.311231976840645075e+00, 3.201453667134046555e+00, 2.874804299790412188e+00, 2.930423151701688766e+00, 2.992892637848854065e+00, 3.009739948902279139e+00, 3.100710839498788118e+00, 3.015925793442875147e+00, 3.225310973357409239e+00, 2.991636923979967833e+00
2.055000000000000000e+03, 3.086212766356766224e+00, 2.899826166685670614e+00, 3.210849675815552473e+00, 2.995028137229382992e+00, 3.079944255296140909e+00, 3.208304930012673140e+00, 3.285497857723385096e+00, 3.214979229960590601e+00, 2.879565639887005091e+00, 2.888545172754675150e+00, 2.992462960537523031e+00, 3.042767895385622978e+00, 3.092816343996673822e+00, 3.002034360542893410e+00, 3.261522052343934774e+00, 2.974114764947444201e+00
2.056000000000000000e+03, 3.089453419670462608e+00, 2.878643735311925411e+00, 3.212609875481575727e+00, 3.016223770100623369e+00, 3.083854413125663996e+00, 3.209430829156190157e+00, 3.284282062668353319e+00, 3.231021563988178968e+00, 2.887032658327370882e+00, 2.902111283037811518e+00, 3.012830042280256748e+00, 3.002204722724854946e+00, 3.084038605447858572e+00, 2.991593861952424049e+00, 3.275516582652926445e+00, 2.999849512707442045e+00
2.057000000000000000e+03, 3.083477227482944727e+00, 2.901941235177218914e+00, 3.196078457403928041e+00, 3.010182199068367481e+00, 3.080646449234336615e+00, 3.222831606399267912e+00, 3.285346040502190590e+00, 3.211531753186136484e+00, 2.872340020257979631e+00, 2.933485270477831364e+00, 3.016651875805109739e+00, 3.017625014763325453e+00, 3.092015453148633242e+00, 2.989389526192098856e+00, 3.251152590382844210e+00, 2.979973086621612310e+00
2.058000000000000000e+03, 3.079618618357926607e+00, 2.914439281448721886e+00, 3.227577859070152044e+00, 2.987059147562831640e+00, 3.094960958696901798e+00, 3.210331359878182411e+00, 3.306300588883459568e+00, 3.222692047711461782e+00, 2.884059178177267313e+00, 2.894983103033155203e+00, 2.991665841545909643e+00, 3.043944400269538164e+00, 3.093825629912316799e+00, 3.014199540484696627e+00, 3.264619375113397837e+00, 2.990472677629441023e+00
2.059000000000000000e+03, 3.085612098220735788e+00, 2.903126541059464216e+00, 3.263037709984928370e+00, 3.001399117056280375e+00, 3.081452369224280119e+00, 3.231295023579150438e+00, 3.312014637049287558e+00, 3.261740820016711950e+00, 2.884483512025326490e+00, 2.910931769292801619e+00, 3.003425232600420713e+00, 3.009165683761239052e+00, 3.092783654574304819e+00, 2.998733043204993010e+00, 3.255475137848407030e+00, 3.014443139545619488e+00
2.060000000000000000e+03, 3.079867875203490257e+00, 2.895895263645797968e+00, 3.202448494266718626e+00, 3.002944635227322578e+00, 3.083182394038885832e+00, 3.236331080552190542e+00, 3.304299304727464914e+00, 3.218514088075608015e+00, 2.878635562956333160e+00, 2.923703903798013926e+00, 3.026197815779596567e+00, 3.021021885797381401e+00, 3.102929948363453150e+00, 3.017183078918606043e+00, 3.238752612378448248e+00, 3.004463121760636568e+00
2.061000000000000000e+03, 3.095601859968155622e+00, 2.903001441154628992e+00, 3.201342711690813303e+00, 3.004606452304869890e+00, 3.075064101722091436e+00, 3.234981070272624493e+00, 3.298280679155141115e+00, 3.209484892431646585e+00, 2.897248417139053345e+00, 2.896687982138246298e+00, 3.013385133817791939e+00, 3.045764949638396502e+00, 3.087208536453545094e+00, 3.009231376927345991e+00, 3.248025721404701471e+00, 2.988939417991787195e+00
2.062000000000000000e+03, 3.108699631411582232e+00, 2.890595176722854376e+00, 3.231934353243559599e+00, 3.005799616221338511e+00, 3.082436195109039545e+00, 3.214701369870454073e+00, 3.312351589556783438e+00, 3.215092071332037449e+00, 2.881078782957047224e+00, 2.893902466166764498e+00, 3.009006637148559093e+00, 3.004360338672995567e+00, 3.104929975233972073e+00, 2.994560427032411098e+00, 3.235279361251741648e+00, 2.989431645255535841e+00
2.063000000000000000e+03, 3.093768423423171043e+00, 2.924280997831374407e+00, 3.228333487641066313e+00, 2.995653951074928045e+00, 3.082318638917058706e+00, 3.197030851151794195e+00, 3.306910372339189053e+00, 3.237737668678164482e+00, 2.886095037683844566e+00, 2.912101044785231352e+00, 3.009607619605958462e+00, 3.015528176911175251e+00, 3.104236896615475416e+00, 3.021919901948422194e+00, 3.260631265584379435e+00, 2.980356558691710234e+00
2.064000000000000000e+03, 3.074035327881574631e+00, 2.936905086971819401e+00, 3.212619619444012642e+00, 2.991934586316347122e+00, 3.102210466749966145e+00, 3.202968696132302284e+00, 3.303780045825988054e+00, 3.224709990900009871e+00, 2.873635024297982454e+00, 2.900067879818379879e+00, 3.012303553987294436e+00, 3.035760414786636829e+00, 3.095010621473193169e+00, 2.974068874027580023e+00, 3.280073928181082010e+00, 2.996397949755191803e+00
2.065000000000000000e+03, 3.080394677817821503e+00, 2.898530848324298859e+00, 3.238751355092972517e+00, 3.004980180412530899e+00, 3.090105636510998011e+00, 3.241734579205513000e+00, 3.277927113231271505e+00, 3.199697553645819426e+00, 2.879248175304383039e+00, 2.903592365328222513e+00, 3.011373791377991438e+00, 3.035173891112208366e+00, 3.108623879961669445e+00, 3.012984374072402716e+00, 3.232537535950541496e+00, 3.013777721207588911e+00
2.066000000000000000e+03, 3.089614037889987230e+00, 2.883891330566257238e+00, 3.218815207947045565e+00, 3.017680963966995478e+00, 3.089879953768104315e+00, 3.263345744926482439e+00, 3.294192929752171040e+00, 3.211852675303816795e+00, 2.891214704141020775e+00, 2.916686993557959795e+00, 3.004447405692189932e+00, 3.003222180996090174e+00, 3.092122636735439301e+00, 3.029115661047399044e+00, 3.244016238022595644e+00, 2.977294439915567636e+00
2.067000000000000000e+03, 3.098822396714240313e+00, 2.920314890798181295e+00, 3.200058708898723125e+00, 3.014098329003900290e+00, 3.079881391022354364e+00, 3.224432445131242275e+00, 3.325530141592025757e+00, 3.246898564975708723e+00, 2.885247941594570875e+00, 2.906541014090180397e+00, 3.014552837703377008e+00, 3.026723361108452082e+00, 3.092799684964120388e+00, 2.980584127362817526e+00, 3.252365242224186659e+00, 2.991750393994152546e+00
2.068000000000000000e+03, 3.115167736541479826e+00, 2.914453425910323858e+00, 3.225213219411671162e+00, 3.002922947052866220e+00, 3.079595358576625586e+00, 3.207616566214710474e+00, 3.308564331382513046e+00, 3.239271556958556175e+00, 2.893473731819540262e+00, 2.897475042846053839e+00, 3.017141588497906923e+00, 3.030586056411266327e+00, 3.096937725786119699e+00, 3.000143717508763075e+00, 3.279701143037527800e+00, 3.004666173364967108e+00
2.069000000000000000e+03, 3.087684733327478170e+00, 2.890375780407339334e+00, 3.268326167017221451e+00, 3.009706316515803337e+00, 3.086521744262427092e+00, 3.210175142157822847e+00, 3.323610895313322544e+00, 3.230292024090886116e+00, 2.880226972047239542e+00, 2.923551772255450487e+00, 3.015664906706660986e+00, 3.045497776474803686e+00, 3.089854808058589697e+00, 3.028823342174291611e+00, 3.264498047064989805e+00, 2.992973418440669775e+00
2.070000000000000000e+03, 3.085564321372658014e+00, 2.921181160490959883e+00, 3.216046665329486132e+00, 3.013249346986413002e+00, 3.099297650624066591e+00, 3.208744351286441088e+00, 3.319298720452934504e+00, 3.261321515310555696e+00, 2.880524948704987764e+00, 2.952481911052018404e+00, 3.020923503208905458e+00, 3.022313746623694897e+00, 3.085843438748270273e+00, 3.017471625935286283e+00, 3.244268952403217554e+00, 2.978809468913823366e+00
2.071000000000000000e+03, 3.087685990612953901e+00, 2.911741461139172316e+00, 3.209994721692055464e+00, 2.995108917821198702e+00, 3.089421044569462538e+00, 3.205385513138025999e+00, 3.332382033113390207e+00, 3.253326122649013996e+00, 2.897832740563899279e+00, 2.895262220408767462e+00, 3.008949744980782270e+00, 3.040298901032656431e+00, 3.087749483529478312e+00, 3.020609181839972734e+00, 3.235287533607333899e+00, 2.998610772192478180e+00
2.072000000000000000e+03, 3.096309397369623184e+00, 2.902846480719745159e+00, 3.225691930856555700e+00, 3.017442079726606607e+00, 3.079999261535704136e+00, 3.230967186391353607e+00, 3.303361369762569666e+00, 3.218510001897811890e+00, 2.876642765477299690e+00, 2.881747030187398195e+00, 3.017935249954462051e+00, 3.039965091738849878e+00, 3.098031564150005579e+00, 3.008686972316354513e+00, 3.231238760054111481e+00, 3.019774029962718487e+00
2.073000000000000000e+03, 3.076769609469920397e+00, 2.904774527996778488e+00, 3.252965910360217094e+00, 2.993734704796224833e+00, 3.088325634598731995e+00, 3.249959740787744522e+00, 3.312108619138598442e+00, 3.223594778683036566e+00, 2.897992730140686035e+00, 2.897974185179919004e+00, 3.020518028642982244e+00, 3.019848838448524475e+00, 3.097496589180082083e+00, 3.017101984005421400e+00, 3.260193730238825083e+00, 2.983654418494552374e+00
2.074000000000000000e+03, 3.082463226746767759e+00, 2.905495895538479090e+00, 3.223271970637142658e+00, 3.007287927903234959e+00, 3.090089291799813509e+00, 3.242051729466766119e+00, 3.326298971660435200e+00, 3.240856365300714970e+00, 2.886892470996826887e+00, 2.931422379333525896e+00, 3.023698960896581411e+00, 3.051693050656467676e+00, 3.111543925479054451e+00, 2.999575424473732710e+00, 3.280154708772897720e+00, 2.996219100896269083e+00
2.075000000000000000e+03, 3.087246255017817020e+00, 2.897164179012179375e+00, 3.231022506952285767e+00, 2.998757245950400829e+00, 3.080791665706783533e+00, 3.222421417012810707e+00, 3.317913820501416922e+00, 3.244361991528421640e+00, 2.879731601569801569e+00, 2.921532571781426668e+00, 3.027196414768695831e+00, 3.038417058996856213e+00, 3.097158065065741539e+00, 3.006454976275563240e+00, 3.250019461847841740e+00, 2.994079829659312963e+00
2.076000000000000000e+03, 3.076151653658598661e+00, 2.913692768197506666e+00, 3.236539789941161871e+00, 2.985331637319177389e+00, 3.097715356852859259e+00, 3.219659789465367794e+00, 3.326889581512659788e+00, 3.234923235140740871e+00, 2.883303549606353045e+00, 2.904122939798980951e+00, 3.012307325843721628e+00, 3.024352120701223612e+00, 3.086321207229048014e+00, 3.031703783199191093e+00, 3.248445340432226658e+00, 3.010636393446475267e+00
2.077000000000000000e+03, 3.070425661280751228e+00, 2.895997418090701103e+00, 3.252431249711662531e+00, 3.007111279293894768e+00, 3.097655321471393108e+00, 3.228355175815522671e+00, 3.310703602619469166e+00, 3.226770367473363876e+00, 2.882331982254981995e+00, 2.931471413467079401e+00, 3.020351438317447901e+00, 3.050816094037145376e+00, 3.098307223990559578e+00, 3.027018823195248842e+00, 3.238955978304147720e+00, 3.013350244145840406e+00
2.078000000000000000e+03, 3.069483954459428787e+00, 2.902814419940114021e+00, 3.254308062605559826e+00, 3.028724330943077803e+00, 3.087800403591245413e+00, 3.244352247565984726e+00, 3.321828378830105066e+00, 3.237810905557125807e+00, 2.873460890259593725e+00, 2.908442344050854445e+00, 3.028285538312047720e+00, 3.013064840342849493e+00, 3.102052991744130850e+00, 3.016345098149031401e+00, 3.254534688312560320e+00, 2.987744368147104979e+00
2.079000000000000000e+03, 3.081637190189212561e+00, 2.914041350595653057e+00, 3.234695352148264647e+00, 2.986403473187237978e+00, 3.090011968743056059e+00, 3.249792836140841246e+00, 3.321983024943619967e+00, 3.253917046822607517e+00, 2.890359435696154833e+00, 2.903412259183824062e+00, 3.033230127766728401e+00, 3.029697784222662449e+00, 3.092647239100188017e+00, 3.032847598660737276e+00, 3.264380176551640034e+00, 2.983028604649007320e+00
2.080000000000000000e+03, 3.087046975269913673e+00, 2.891423413529992104e+00, 3.241287299897521734e+00, 3.018881985917687416e+00, 3.113087872043251991e+00, 3.251021832693368196e+00, 3.314574155956506729e+00, 3.241362422704696655e+00, 2.876864676363766193e+00, 2.897684695199131966e+00, 3.038919973187148571e+00, 3.066270332783460617e+00, 3.082291607279330492e+00, 3.012870589736849070e+00, 3.285030776169151068e+00, 2.992005937267094851e+00
2.081000000000000000e+03, 3.082114330027252436e+00, 2.912479173392057419e+00, 3.255724394693970680e+00, 2.990386867895722389e+00, 3.092411498073488474e+00, 3.230237960815429688e+00, 3.313738689757883549e+00, 3.254174161702394485e+00, 2.901422919239848852e+00, 2.922441274859011173e+00, 3.024087462108582258e+00, 3.015178337227553129e+00, 3.085744113195687532e+00, 3.027163411024957895e+00, 3.231320483610033989e+00, 3.009099047631025314e+00
2.082000000000000000e+03, 3.100165491923689842e+00, 2.898289763834327459e+00, 3.236389230005443096e+00, 3.029710671398788691e+00, 3.095865261275321245e+00, 3.218365728389471769e+00, 3.329013765323907137e+00, 3.266771847847849131e+00, 2.892141009215265512e+00, 2.925995935220271349e+00, 3.024491365067660809e+00, 3.010329930111765862e+00, 3.081515547819435596e+00, 3.023355721961706877e+00, 3.222287516109645367e+00, 3.026967903133481741e+00
2.083000000000000000e+03, 3.085407789330929518e+00, 2.895424095913767815e+00, 3.219608869403600693e+00, 3.008234663866460323e+00, 3.100364143028855324e+00, 3.228960873093456030e+00, 3.314815240446478128e+00, 3.257728193420916796e+00, 2.893152495380491018e+00, 2.920148929115384817e+00, 3.011597273871302605e+00, 3.050428221467882395e+00, 3.091054258402436972e+00, 3.022083349060267210e+00, 3.243783011566847563e+00, 3.012340643908828497e+00
2.084000000000000000e+03, 3.105150628834962845e+00, 2.891506708692759275e+00, 3.251084696967154741e+00, 2.999812422785907984e+00, 3.099645918700844049e+00, 3.237848624121397734e+00, 3.306089050602167845e+00, 3.239635541103780270e+00, 2.889923471957445145e+00, 2.918720967136323452e+00, 3.015378874260932207e+00, 3.049186023417860270e+00, 3.099145833402872086e+00, 3.010444657411426306e+00, 3.283781034406274557e+00, 3.009131422732025385e+00
2.085000000000000000e+03, 3.104770299978554249e+00, 2.921294944826513529e+00, 3.286426991689950228e+00, 3.000714525114744902e+00, 3.088457963895052671e+00, 3.242207632865756750e+00, 3.314184083137661219e+00, 3.245258750393986702e+00, 2.872858021873980761e+00, 2.893937670160084963e+00, 3.015158534981310368e+00, 3.056839748751372099e+00, 3.090360865462571383e+00, 3.016003745142370462e+00, 3.261136065702885389e+00, 3.013793122954666615e+00
2.086000000000000000e+03, 3.091740736272186041e+00, 2.942113392055034637e+00, 3.261405753437429667e+00, 3.017470997292548418e+00, 3.081441053654998541e+00, 3.247938968706876040e+00, 3.334156691562384367e+00, 3.262114233803004026e+00, 2.868605253752321005e+00, 2.895909093786031008e+00, 3.013289265800267458e+00, 3.054870839696377516e+00, 3.101138945203274488e+00, 3.049067524261772633e+00, 3.235977783333510160e+00, 2.989903127308934927e+00
2.087000000000000000e+03, 3.091108321677893400e+00, 2.885215252172201872e+00, 3.260305000003427267e+00, 3.012483660131692886e+00, 3.099154320079833269e+00, 3.270201093982905149e+00, 3.325612808112055063e+00, 3.247496089898049831e+00, 2.878453570883721113e+00, 2.876297640614211559e+00, 3.027979703620076180e+00, 3.044452657923102379e+00, 3.108054643962532282e+00, 3.015949996188282967e+00, 3.254670789465308189e+00, 3.003227524459362030e+00
2.088000000000000000e+03, 3.087192506063729525e+00, 2.897918235976248980e+00, 3.252813464496284723e+00, 3.010495577473193407e+00, 3.115014976356178522e+00, 3.264217986725270748e+00, 3.308592934627085924e+00, 3.226739249657839537e+00, 2.885249827522784472e+00, 2.880048437509685755e+00, 3.022221650462597609e+00, 3.039705776609480381e+00, 3.109868278261274099e+00, 3.013627475593239069e+00, 3.294239763636142015e+00, 3.048525948543101549e+00
2.089000000000000000e+03, 3.094382921699434519e+00, 2.899896574672311544e+00, 3.245290182530879974e+00, 3.017704852391034365e+00, 3.089326433837413788e+00, 3.234079910907894373e+00, 3.319066122639924288e+00, 3.263542195782065392e+00, 2.884766401257365942e+00, 2.934361598454415798e+00, 3.018766315653920174e+00, 3.052617155481129885e+00, 3.091794485226273537e+00, 3.034478926565498114e+00, 3.250151162501424551e+00, 3.013132105115801096e+00
2.090000000000000000e+03, 3.083879558835178614e+00, 2.909428684506565332e+00, 3.259506309404969215e+00, 3.011860989499837160e+00, 3.087528515607118607e+00, 3.232234215829521418e+00, 3.323605237528681755e+00, 3.229406580794602633e+00, 2.889367123134434223e+00, 2.920653100591152906e+00, 3.024694416671991348e+00, 3.024663298856467009e+00, 3.083084954414516687e+00, 3.028526937123388052e+00, 3.229434869717806578e+00, 2.995340886991471052e+00
2.091000000000000000e+03, 3.094486647751182318e+00, 2.925768366549164057e+00, 3.254036174621433020e+00, 2.993813599459826946e+00, 3.083686251193284988e+00, 3.234111971687525511e+00, 3.314564411994069815e+00, 3.231985273305326700e+00, 2.894033852498978376e+00, 2.919131156522780657e+00, 3.010018123313784599e+00, 3.047989716287702322e+00, 3.069571964442729950e+00, 3.041148197371512651e+00, 3.264509362634271383e+00, 3.008478891570121050e+00
2.092000000000000000e+03, 3.069063706789165735e+00, 2.914536092430353165e+00, 3.222104895394295454e+00, 3.009721089620143175e+00, 3.078776237089186907e+00, 3.261781367473304272e+00, 3.333829168695956469e+00, 3.255327721126377583e+00, 2.884625270962715149e+00, 2.903687290381640196e+00, 3.011287038680166006e+00, 3.054363839328289032e+00, 3.089594235643744469e+00, 3.015719912946224213e+00, 3.277789754793047905e+00, 3.039961634203791618e+00
2.093000000000000000e+03, 3.096517163794487715e+00, 2.900871599558740854e+00, 3.266948496457189322e+00, 3.014647134114056826e+00, 3.104360110592097044e+00, 3.266438038554042578e+00, 3.319700423162430525e+00, 3.262704843655228615e+00, 2.896575455088168383e+00, 2.905147627461701632e+00, 3.010456915944814682e+00, 3.029021678958088160e+00, 3.079628362320363522e+00, 3.031330683734267950e+00, 3.242737578693777323e+00, 2.996279450599104166e+00
2.094000000000000000e+03, 3.089549916330724955e+00, 2.929532050620764494e+00, 3.273354680277407169e+00, 3.003172518219798803e+00, 3.099169407505542040e+00, 3.255682589951902628e+00, 3.315854072570800781e+00, 3.242624737322330475e+00, 2.888704848010092974e+00, 2.954377897549420595e+00, 3.023348178248852491e+00, 3.045166481751948595e+00, 3.105037787463515997e+00, 3.027149580884724855e+00, 3.221908444538712502e+00, 2.987082721665501595e+00
2.095000000000000000e+03, 3.082750202156603336e+00, 2.917987655382603407e+00, 3.255261084996163845e+00, 3.002024302259087563e+00, 3.085211024153977633e+00, 3.260742535348981619e+00, 3.315927938092499971e+00, 3.250562923494726419e+00, 2.878633991349488497e+00, 2.940369851421564817e+00, 3.005428717005997896e+00, 3.015208512078970671e+00, 3.089790372177958488e+00, 3.012752719223499298e+00, 3.247152536641806364e+00, 2.990243851672858000e+00
2.096000000000000000e+03, 3.088938246946781874e+00, 2.896365488413721323e+00, 3.255123412236571312e+00, 2.992509165778756142e+00, 3.084921848494559526e+00, 3.248727286700159311e+00, 3.341302159242331982e+00, 3.248663165140897036e+00, 2.889922214671969414e+00, 2.897923893760889769e+00, 3.014337213244289160e+00, 3.045028180349618196e+00, 3.098682523705065250e+00, 3.018662903923541307e+00, 3.256932646036148071e+00, 3.028829314280301332e+00
2.097000000000000000e+03, 3.080923995003104210e+00, 2.930738416034728289e+00, 3.260108234826475382e+00, 3.015941823832690716e+00, 3.073574847076088190e+00, 3.264297824352979660e+00, 3.320284432265907526e+00, 3.226729505695402622e+00, 2.893113519530743361e+00, 2.892981190234422684e+00, 3.016596555244177580e+00, 3.056594263762235641e+00, 3.090073890052735806e+00, 3.044246777426451445e+00, 3.267677093390375376e+00, 3.047107730526477098e+00
2.098000000000000000e+03, 3.072019584942609072e+00, 2.949116157833486795e+00, 3.261978132650256157e+00, 3.011016722302883863e+00, 3.093902638647705317e+00, 3.276511724106967449e+00, 3.314082871656864882e+00, 3.234466840513050556e+00, 2.887760312296450138e+00, 2.925371692981570959e+00, 3.011007292661815882e+00, 3.038241667672991753e+00, 3.086774144321680069e+00, 3.051308635622262955e+00, 3.235818422399461269e+00, 3.006250038743019104e+00
2.099000000000000000e+03, 3.086153359618037939e+00, 2.897742844652384520e+00, 3.243038698565214872e+00, 3.013692225795239210e+00, 3.114611702039837837e+00, 3.262532909866422415e+00, 3.318260202649980783e+00, 3.255751426331698895e+00, 2.875219518318772316e+00, 2.910476003307849169e+00, 3.020976937841624022e+00, 3.055990452412515879e+00, 3.077242348808795214e+00, 3.021279629319906235e+00, 3.232842741999775171e+00, 3.009626164566725492e+00
2.100000000000000000e+03, 3.087137499824166298e+00, 2.914059895556420088e+00, 3.242851048707962036e+00, 3.005009412299841642e+00, 3.085373842623084784e+00, 3.250073525123298168e+00, 3.327038255520164967e+00, 3.243054100312292576e+00, 2.890066488180309534e+00, 2.905401599127799273e+00, 3.025418298784643412e+00, 3.049024147912859917e+00, 3.085628442931920290e+00, 3.043114591855555773e+00, 3.243353648576885462e+00, 3.013126133009791374e+00
