year, CESM2-WACCM, INM-CM5-0, CMCC-CM2-SR5, MIROC-ES2L, INM-CM4-8, CNRM-ESM2-1, EC-Earth3-Veg, CanESM5, NorESM2-MM, ACCESS-ESM1-5, TaiESM1, NorESM2-LM, GFDL-ESM4, MPI-ESM1-2-LR, UKESM1-0-LL, IPSL-CM6A-LR
1.850000000000000000e+03, -1.919727147656738186e-01, 5.911549786803379364e-02, -1.550978135899805099e-01, -8.040254132325592995e-02, 5.286928413696152518e-01, -1.846739310856298777e-01, -3.544073947869371688e-01, -2.776363629565096747e-01, 2.636583991561704254e-02, -3.385768734037428174e-01, 1.313830501574461962e-01, -2.192134384387706969e-01, -2.925529290258389592e-01, -6.025685453819130677e-01, 9.510963617391171576e-02, -3.573772975878173885e-01
1.851000000000000000e+03, -1.683204592041289693e-01, -5.114853801668780564e-01, 3.041462822909574704e-01, -4.018978959297712650e-01, 1.374871272555852897e-01, -1.904719393501579094e-02, 3.338875684710690406e-01, -3.452737574719554892e-01, 4.060953175141800327e-03, -5.576937430922458416e-01, -4.449328189187439220e-01, 3.363317862355163623e-03, -9.472151556557129861e-04, -1.110760579131035569e-01, -1.509820503773780243e-01, -3.526535350780929945e-01
1.852000000000000000e+03, -1.791129111906966664e-01, 8.916272781087368482e-02, -4.870436020959704182e-01, -1.930507468956419448e-01, 7.749565826439026583e-01, -2.889599447066988902e-01, -5.049733222193610871e-01, -4.180938294588419368e-01, -1.046216420232710248e-01, -1.250044393226036610e-01, -7.836160521842727017e-03, -6.480398285004472514e-02, -4.320136642240880454e-01, -3.105406156053359124e-01, 8.317318302374117345e-02, -4.807950153606214277e-02
1.853000000000000000e+03, -5.017524765238100953e-02, -8.189222846574936154e-01, -2.564447820044036264e-01, -5.921087975701303657e-02, -3.347735817437140771e-01, -3.685943618262144117e-01, -9.107900095220213821e-01, 2.625170124535772809e-01, -5.387695958622681219e-02, 1.874219306572939446e-03, 1.388773427614874989e-01, -1.030746408694055150e-01, 2.221476619519827111e-01, 8.892346467580627967e-02, 9.374279705671456631e-02, -3.371965292591843494e-02
1.854000000000000000e+03, -7.511872994039806017e-02, -8.013996718318711077e-01, 3.945082654228366237e-01, -5.209465031403354152e-01, -9.000655265028890961e-02, -3.560364813535228379e-01, -1.410426109125659522e-01, 2.328937117834776749e-01, -6.924634682462321722e-03, -1.602086706939484795e-01, 1.528538973380278720e-01, -7.049695277272247096e-02, -8.180330623893238284e-01, 2.694183605524052560e-01, -2.715875693838759597e-01, -1.612356301908472456e-01
1.855000000000000000e+03, -1.799303960871058150e-01, 4.006911452022664522e-01, -1.163356321637275315e+00, -2.249555872346944707e-01, 4.748027415161479858e-01, 1.661452633473506080e-01, -2.335909522125161064e-01, -2.862186675365238631e-01, 1.055114422367817301e-01, -4.325531739203103410e-01, -1.807522717148027647e-01, 7.510031630993130314e-02, 2.253958450018538062e-01, 1.569658251373778068e-01, -1.441089081179871834e-01, -1.289633033908280380e-01
1.856000000000000000e+03, -9.001706381952281899e-02, 2.913292949450071306e-02, -8.424990876567554909e-03, 1.346584216351880137e-01, -3.025903446693217758e-01, -1.430455870392101647e-01, -1.360235432339856887e-01, -2.212998856435466066e-01, -2.322713612900217106e-01, 3.902836267956023147e-02, -9.600543417698965964e-02, 3.938986623503888673e-02, -5.109146126547090550e-01, -1.942581928114456846e-01, -1.455320095107543177e-01, -1.944738383702067641e-01
1.857000000000000000e+03, -7.752277087594024174e-02, -9.324088327398147996e-03, 9.091859947707590234e-03, -2.058465867359362406e-02, -3.459700149105391365e-01, -1.940363947390531252e-01, 3.914847229688704910e-01, -2.566585141933814818e-01, -2.382446299599919604e-01, -1.531303595348789716e-02, 1.690560532203860544e-01, -7.042026197590051106e-02, 9.107836610986970449e-02, 2.596127385883816724e-02, -6.420456507308390515e-02, 1.371151375264124117e-01
1.858000000000000000e+03, -1.332032752451365043e-01, -2.780691641443937545e-01, -1.496786531333313963e-01, -9.250121752490321828e-03, -2.219307449094944928e-01, -3.790755303374709895e-01, -1.970198407069256585e-01, -2.814375763421407273e-01, -5.112748157012861339e-03, 1.375957894562570560e-01, -2.317734589163578107e-01, -1.210558509271822403e-01, -3.830679236624733863e-01, -6.031349978134305234e-02, 2.115530825115641625e-02, -1.544861237735809245e-01
1.859000000000000000e+03, -1.121342502627706988e-01, -3.451701902761430962e-01, -3.092449856550055221e-01, -2.759922393621695447e-01, 2.898753445757824010e-01, -1.680547890861282534e-01, -3.570336308733819686e-01, 1.085655448721461885e-01, -3.576219033120686674e-02, -5.398542715475743853e-02, -1.306742827733749779e-01, -2.092723811294952274e-01, -5.413979349011661946e-02, -2.043163926331038605e-01, -2.386039973269084291e-02, -1.128502298959687261e-01
1.860000000000000000e+03, -6.747946988253239985e-03, 7.184209645964522162e-01, -5.409992165133995501e-01, 6.779212211851320946e-02, 6.085969941356380447e-02, -3.738164818537578205e-01, -1.496111036608613887e-01, 4.201361312424928621e-03, -1.570052810812303801e-01, -5.055964410184068253e-02, 3.124667134506997970e-02, -3.303464224138747407e-01, -6.252561480836895669e-01, -2.349214807736263455e-01, -6.191356895258814941e-02, -2.584400456399072454e-01
1.861000000000000000e+03, -1.788082950577364605e-01, 3.118066557935864624e-01, -4.820534741798354617e-01, -3.784884234315747942e-01, 9.909455697764017745e-02, -5.142672109968885463e-01, 4.150299831484238061e-02, -2.617341017590449348e-01, -4.306812726691247595e-02, 3.832753753802648489e-01, 2.417567171471742341e-02, -6.556114316312604273e-02, -2.539624632857788444e-02, 9.111311939240722413e-02, -4.021006498027718812e-01, 5.563686291004982243e-02
1.862000000000000000e+03, -4.906229460551191773e-02, -3.909713039229790327e-02, 7.170705249453392105e-02, -1.338741274868267550e-01, 2.180053217948351579e-02, -1.087993917425408505e-02, -4.367865215636752563e-01, -1.206804167448042447e-01, -6.411239606982729877e-02, 2.083320709726611264e-01, -2.347874235531331039e-02, -8.947604994856007965e-02, -7.268278126216333457e-02, 1.777346388450199988e-01, 3.805573647769495138e-01, -2.257724333109242532e-01
1.863000000000000000e+03, -5.192081286503003046e-02, -1.955741439955419395e-02, -1.987997514057611159e-01, -3.189374272878470196e-01, 3.466223799021355134e-01, 3.211282142146515417e-02, 6.131015592403762371e-01, -3.007093616182739404e-01, -1.089154234192948184e-01, 4.270536364545443608e-01, 1.628126896120104528e-01, -7.649833299779469631e-02, -1.478111442822915567e-01, -2.722261390444443707e-01, 2.158252081949891821e-01, -7.821537033252320970e-02
1.864000000000000000e+03, 4.015451187807876632e-02, 3.099624049712928486e-01, -2.992243235214558372e-01, -2.778992836485310036e-01, -5.096483669764910740e-01, -2.115126267557454476e-01, -1.157798895032996711e+00, 2.074210765651681582e-02, -1.596518639946600815e-01, 3.156779746842321432e-01, -2.067305976111079024e-01, -1.208287709957628353e-01, -4.832657015076781692e-01, -2.072549817883812262e-01, 2.939302146433692142e-01, -8.781351272734164159e-02
1.865000000000000000e+03, -4.429022973906469873e-02, -4.091956764162043569e-01, -8.602216753587302867e-01, -4.577904211111868960e-01, 1.992452240362132254e-01, -3.036492710102027259e-01, -5.750330065423806536e-01, 2.591035507127708581e-01, 7.233520887767176666e-02, -2.271072625147832758e-01, -2.088019604533968288e-01, -9.227474022328649439e-02, 6.674065443882742921e-01, 2.856985020606939152e-01, 2.186652590093017268e-01, -1.851480655692374841e-02
1.866000000000000000e+03, 3.208416817579563818e-02, -3.455754125170847069e-02, -5.718409785479089402e-01, -2.267733699254852464e-01, 5.279159085841864663e-01, -2.493934700931010884e-02, -3.013345329794772653e-01, 2.557178608546765708e-01, 2.122434799599748900e-01, 3.689802334411153018e-01, 3.982083770765482145e-01, -6.623315264896045829e-02, -1.586110281211654538e-01, 1.337671221694207158e-01, -4.170549592187398069e-01, -2.211249528928029284e-01
1.867000000000000000e+03, -1.655930556320630020e-01, 4.427581157345620438e-02, -4.308331333677501984e-01, -1.133488889078303336e-01, 4.531735982192873213e-01, -2.150182194206607389e-01, -4.322884325281219908e-01, 2.228153307260328508e-01, 9.101865557319142874e-02, -6.793740379500599891e-02, -5.493496128458381228e-02, 3.901449132606199521e-02, -1.476902559276308535e-01, -2.505898566346391465e-02, 2.747765348570663235e-01, -1.028139978407711097e-01
1.868000000000000000e+03, -6.374554212911925921e-02, 3.003293186626475597e-01, -3.323339753400155611e-02, -1.205161546637893433e-01, 3.070722558740979768e-01, 9.408864269296361715e-02, -2.891117194859628703e-01, -6.241740181435807139e-02, -8.446443392528472927e-02, 1.384867590524427317e-01, -6.123030223385075299e-01, -7.248439096932093872e-02, -9.795439360837838311e-03, -2.214877529663713263e-01, -2.217907274247201965e-01, 2.660876969280129636e-03
1.869000000000000000e+03, -3.394110189596766247e-01, 1.256630973645640192e-01, 5.196391518408211008e-01, 2.407734800228021610e-01, -3.777687136402092527e-01, 1.026435006890939056e-02, 4.009693014946829615e-01, -6.116021763669538674e-02, 5.255753989758208539e-02, 3.779886314192578145e-01, -3.067315327018033666e-01, 8.847364523001098602e-02, -7.307898124696390330e-01, -6.847174144202337054e-01, -4.112498042441267154e-01, -1.915028083562823613e-01
1.870000000000000000e+03, 5.667937651029220092e-02, 5.156822190011368656e-01, 1.174069234055200722e-01, -1.484542938034954795e-01, 6.972881643591599676e-02, 4.562948597052826627e-01, -1.179296131191674285e-01, -3.168115992863468899e-01, -5.267471656526277052e-02, -6.192250365802686590e-02, 3.870347690959478060e-01, -1.184532277846044035e-01, 1.329809995114529242e-01, -3.770603112578247429e-01, -3.835189680349291863e-01, 3.480753722717335602e-02
1.871000000000000000e+03, -1.255678298176154672e-01, 4.806654890226920163e-01, -7.892861212504712065e-02, -1.196145482342948624e-01, -4.063654778537733048e-01, -2.624945521920181157e-01, -1.644350805601476062e-01, -2.313177947015153668e-01, -1.209766812826213039e-01, 5.326350616559711870e-01, -1.176895695477221254e-01, 1.633861050874541379e-02, 1.182018873427271299e-01, 3.057133215074783195e-01, 5.611129872822501891e-02, 3.535411538774380774e-02
1.872000000000000000e+03, -1.752200965836214208e-01, 4.382219424149312315e-01, -1.437894301343404235e-01, -3.875591498004037350e-01, -3.832066197842658867e-02, -1.574412097143883804e-01, -9.748317422912693431e-01, -1.864805023727518773e-01, -2.261853612224351273e-01, 1.714595447725154043e-01, -1.460765345209146526e-01, 6.029975647843453107e-02, -2.159866480106350517e-01, -1.144178625620789064e-01, -4.602542566800377766e-01, -4.161686608104694929e-02
1.873000000000000000e+03, -1.371596491968105902e-01, 3.402637589911789440e-01, -8.226895894186248004e-02, -7.087475421919389174e-01, 1.023319647631092816e-01, 4.393398105529282109e-03, 7.701549754853291574e-02, -8.571706410865612136e-02, -9.751855581086545099e-02, 3.043905144405993357e-01, 2.802828140075763197e-01, -6.192485980443901417e-02, -7.421165393176190062e-01, -5.356555591645613124e-01, 1.390176866378839415e-01, 1.013418446540301047e-02
1.874000000000000000e+03, -1.018713899280215968e-01, -3.608290065718407907e-02, -5.681302752538593959e-01, -8.753908147986082244e-02, -2.163113193233087705e-02, -3.683488349357130764e-01, -4.730280404584342735e-01, 3.167162669144813619e-02, -1.010607138495685092e-01, 2.476148460400864199e-02, -3.923389704259211408e-01, -1.606224856701640724e-01, -7.004466449860032029e-02, -2.670021471595767082e-01, 1.645532652905847548e-01, -1.229863648123398490e-01
1.875000000000000000e+03, -1.914204035285258232e-01, -1.658139542755300219e-03, 8.939704530719110032e-02, 8.180952588059194064e-02, 3.402530800307479453e-01, -3.636267482752298941e-01, -6.005440606281244875e-01, 1.388006280697449413e-01, -1.497910132100365062e-02, 3.334912705914242631e-02, -6.872294383644389493e-01, 3.467683867636391602e-03, -2.174169862982409940e-01, -3.426342382431006861e-01, -5.966348207961335026e-01, -1.521537676818918994e-01
1.876000000000000000e+03, -1.777335405315195738e-01, -5.272456330950585635e-01, -6.990973380348830535e-01, 3.407737863936639855e-02, -2.389862320269092177e-01, -1.510992922675894190e-01, 3.838909819792875600e-01, 2.351463147500005950e-03, -3.769516712728552404e-02, -6.925506838615073935e-02, 2.825397713964356017e-01, -1.695964490931975155e-01, -7.352889256184486078e-01, 2.710958695355060732e-01, -7.633798921550233318e-02, -2.351570234159398309e-01
1.877000000000000000e+03, -1.391600424758047405e-01, 4.170359025664881480e-01, -2.240598502852826635e-01, -4.330986675680442155e-01, -6.289098254928995879e-02, 5.008762167126153825e-02, -3.802172226854336201e-01, -1.019477362118013652e-01, -2.258568637315295502e-01, -4.690810949213802816e-01, -5.362137835288993681e-02, -3.026902121809927904e-01, -7.188731386646368682e-01, 4.678428604979777833e-02, -1.569916368439342458e-01, -2.644510395793817081e-01
1.878000000000000000e+03, -1.863166336273086934e-02, 4.600503744329665357e-01, -7.090044346343712944e-02, -1.609050732332138467e-01, 4.425915910584596324e-02, -1.243264190590355062e-01, -3.869416842909370602e-01, -1.216013503080296404e-01, -9.889252659853298155e-03, -1.170230264806154108e-01, -2.170979188699307394e-01, -7.120089061672979502e-02, -2.218272691509578232e-01, -1.288262060228621830e-01, 2.367079069198028962e-01, -7.629993408750297690e-02
1.879000000000000000e+03, 2.805418033918400181e-02, 8.609905601390337448e-01, -2.497396609080062002e-01, -6.610921415057119388e-02, 4.647916425315331002e-01, -9.295103946486590885e-02, -9.591763568853426403e-01, -1.877561985476283724e-01, -8.267140700043058843e-02, 4.053138136942640440e-02, -4.920318418371665697e-02, -8.822434119962700716e-02, 4.544678492693616720e-03, -3.784498997957767008e-01, 6.324941629287396394e-02, -2.338014896077419691e-01
1.880000000000000000e+03, -1.499379146444737021e-01, 3.161865904745074785e-01, -8.860044266266710045e-01, -3.800821091519467343e-01, 2.350082956213926655e-01, -2.168680478037939008e-01, -9.664467964417203794e-01, -7.774927539431919499e-02, -2.891285940700902279e-02, -3.171101632812451943e-01, -4.293685055059516253e-01, -1.327949147475982472e-01, -3.363241296509239531e-01, 4.855059546257016745e-01, -2.667281985519524001e-01, -1.739129730104745641e-01
1.881000000000000000e+03, -3.058645092771338225e-01, -4.186097667708227887e-01, 1.290398665705738968e-01, 3.784966770995585456e-02, 7.572205406505669312e-02, 1.922224476523940184e-01, -1.060084031046133746e-01, -1.641422801319645380e-02, -1.810914767574556272e-01, -1.001252991979159901e-01, 1.539050457648388215e-01, -7.323028211523052722e-02, 1.515522214627446291e-03, -6.555510744870093887e-02, -2.252168699610235247e-01, -6.926449929660093152e-02
1.882000000000000000e+03, -4.577171321599406151e-02, 2.927513600691140638e-01, 4.125130496044356887e-01, 1.802348088419604977e-01, 4.425319443089150151e-01, -7.621079174335602946e-02, -6.834155838511305481e-01, 2.105057332238600629e-02, -1.663470021075507677e-01, 7.525700862248065059e-02, -1.241616583391363243e-01, -1.443809709223619620e-01, 9.461174890598410270e-02, -7.144182424213617599e-01, -5.954427097226681065e-01, -3.631709217194457884e-02
1.883000000000000000e+03, 8.576599120103806095e-03, -8.528051325238764774e-03, -4.243326622991435149e-01, 1.830097352428104451e-01, 2.328296459219021397e-01, -3.985589404967983529e-01, 2.776083151315815734e-01, -3.887652429651110575e-01, -2.377285583996902596e-01, 1.894619483585086028e-01, -5.234299470836627499e-01, -2.192618465401738048e-01, -5.325157777069909892e-01, -2.333298451261984485e-01, -3.650663952270946644e-01, -2.030925779877139070e-01
1.884000000000000000e+03, -1.640877929957186565e-01, 7.925199831601880129e-01, 1.089849597022892608e-01, 4.212965928097704010e-02, 1.838189370326045013e+00, -6.407392118735095142e-03, 5.516204409599273495e-01, 5.765888707457811346e-02, -7.649351134954758547e-02, 4.046339931900266307e-01, -1.713303664124882775e-01, 4.037637115219969153e-02, 2.956436423334058983e-01, 5.956691397144295991e-02, 1.153870146673737287e-02, -1.999667713171387196e-01
1.885000000000000000e+03, -6.176367731904172653e-02, 1.006137896512212748e+00, 1.082914706299488439e-01, -2.016677669177605603e-01, 4.535809803289231890e-01, 2.399074045433856606e-01, -6.480536747531500108e-01, 1.128893341459580313e-01, -7.263583058227333911e-02, 3.137363416014212203e-01, -8.798294493165485786e-03, 5.409941474484700197e-02, -2.600542988778939968e-01, 3.652693961202345685e-01, 1.322482049080060673e-01, -1.751450825105718700e-01
1.886000000000000000e+03, -2.903229772777699558e-01, -2.782675183858807771e-02, -6.970000232280292030e-02, 2.307907265660638918e-01, -2.036535046112992742e-01, -1.583569754092981896e-01, -3.043694134692992437e-01, -2.119599724099559823e-01, -9.926863294640077273e-02, 1.191140215383185430e-01, 7.275518839821068506e-02, -7.678969269337478087e-02, -2.262429516896844184e-01, -4.483334797486608347e-01, -3.820349952729786280e-01, -1.021020634861113108e-01
1.887000000000000000e+03, -1.870678931957565627e-01, 3.019914953622184206e-01, -1.456117621509640248e-01, 1.001004171947473542e-01, 4.962277599239641596e-02, -8.147438960049106782e-02, -1.178466934447564451e+00, -1.164376606088051297e-01, -7.525298676202332726e-02, 1.254524981480995560e-01, -1.491932591416180176e-01, -5.871939295303244682e-02, -1.407479126120728119e-01, -2.575282366630268216e-01, -1.676485411055768093e-01, -1.295795152526965921e-01
1.888000000000000000e+03, -2.459055425715259147e-01, 2.796045527817498377e-01, -1.025910391703625385e-01, -2.639619027418904085e-01, 2.197278691489160385e-01, -6.823461552473752967e-02, -7.143836915387433706e-01, 5.035550187310362802e-02, -3.625176093180634135e-02, -4.933554654279672692e-03, 4.964294857250411280e-02, -3.545852411970244061e-02, -1.972239054405046932e-01, -4.780658853068187608e-01, -2.245177930440902248e-01, -2.441233127937697811e-01
1.889000000000000000e+03, -6.357245582355178226e-02, 2.307853898719468277e-01, -5.338714776015447416e-01, 1.427050736226256056e-01, 1.772168213752161881e-01, 2.565364810772977622e-01, -3.418317653794547550e-01, -2.080407063412297308e-01, 4.892531218295390061e-02, 1.254353599038978695e-01, -2.120758841221771496e-01, -2.121932466277095738e-02, -4.009613689625829980e-01, -1.956770097104857109e-01, 1.511096225933116211e-01, -5.083431395143801768e-02
1.890000000000000000e+03, -1.076398611359528218e-01, 6.732241836473535912e-01, -3.215117311529946398e-01, -2.516298816419304529e-01, 2.451242237810807856e-01, -2.153687118105425957e-01, -2.391957282941268442e-02, -3.446350815114077037e-01, -9.741583570359903244e-02, 8.425803305613623062e-02, 8.369267682590765707e-04, -6.700394838402967679e-02, 1.959974030119132904e-01, -2.752176515651232891e-01, -1.907116693245407973e-02, -3.105481974944668266e-01
1.891000000000000000e+03, -1.849495606563835992e-01, 3.710647159676908058e-01, 3.605848367280171107e-01, -3.947232271775018009e-01, -5.811648913858059873e-02, 4.761852490963875556e-02, -4.273170183661014199e-01, -3.766319727324169975e-01, -2.862694283072643800e-02, -9.659828905373675501e-02, -5.476119789761698664e-01, -1.678931381638134046e-01, -5.910011142906568260e-01, 1.190555547828692391e-03, -4.654504864898877381e-01, -2.732843429746111275e-01
1.892000000000000000e+03, -2.327393132994910463e-01, 5.130287621211954141e-01, -2.203972198123870241e-01, -1.367580860835001036e-02, 8.066118486425944978e-01, -1.278230207446926781e-01, -2.742962747668611367e-01, -9.918168333986920361e-04, -5.960770476321892303e-02, -2.113169738924506880e-01, -5.598860231566733514e-01, -2.927438236554118500e-01, -4.575463890641395803e-01, -8.763683027108938317e-01, -3.123718726352481823e-01, -3.207792080917267752e-01
1.893000000000000000e+03, -3.143762719858061438e-01, 2.386861346837273190e-01, -1.731019912609305933e-01, -9.507932336906685378e-02, 4.376411743454651226e-01, -7.118452146149867321e-02, -2.745054665512972614e-01, -2.379040186105564891e-01, -1.428778923089089603e-01, -1.995638626704908936e-01, -9.120452680278121060e-02, -1.133088839048245061e-01, -2.036693099216179137e-01, -3.103997549493673347e-01, -4.765470434121696353e-01, -1.843175917905152394e-01
1.894000000000000000e+03, 4.394113192020834835e-03, -3.833665989300145960e-02, 1.481284421310735122e-01, -9.392663270784541718e-02, -1.624736389718829110e-01, -2.130978705077190005e-01, -1.504281286601836687e+00, -2.700027366510775462e-01, -1.343558634542718067e-01, 6.229129003216298671e-02, 7.118717509785461584e-01, -1.574643518358734839e-01, -2.170621647068929905e-01, 2.907550526970906213e-02, 6.145064273609295025e-02, -2.780892638184957466e-01
1.895000000000000000e+03, -1.120826974327138320e-01, 6.862134525912615135e-02, -4.403815679841234232e-01, -3.020297968467460237e-01, 3.774686062928015451e-01, -3.498460123487796836e-02, -4.765014193710167545e-01, -1.344322229305723593e-01, -1.753431483311099215e-01, -1.296234895858468933e-02, -5.673460878423406406e-01, -1.275318021660908629e-01, -1.211220762545090340e-01, -2.996456774730050232e-01, -1.735094288544885566e-01, -8.373507307516596387e-02
1.896000000000000000e+03, -2.937200889081948985e-01, 1.977356455145630743e-01, -7.539573786739459660e-01, -3.464206875597898305e-01, -6.215688167432706912e-01, 1.823967965224963517e-01, -2.689747358253434251e-01, -8.329410589621685443e-03, -2.901851741283136346e-02, 5.115394502412496519e-02, -5.870981284473677508e-01, -2.442808044588500593e-01, -2.837343911571773014e-01, -3.872139429341733829e-01, -2.189139289807035815e-01, -7.889326151970393886e-02
1.897000000000000000e+03, -2.512564713608673173e-01, -2.174973682678415232e-01, -4.904340337541625017e-01, -3.792308542921759562e-01, 3.120986196330740592e-01, -2.246164211429555191e-01, -3.261964515206680071e-01, 1.000828948769719035e-01, -1.013654590929310012e-01, 4.547348854593981637e-01, -4.207958236526841977e-01, -5.327968837694764537e-02, -4.198954923557891017e-01, 7.266451454406780419e-02, -1.610712234811403631e-01, -2.899578176622421566e-01
1.898000000000000000e+03, -9.790781254827460311e-02, 1.636223556228978693e-01, -4.326367643996756884e-01, -2.410417609751542289e-01, 2.856166642850525572e-01, -3.487366910436276446e-01, -7.197033950185640627e-01, -4.572365812785236794e-01, 3.250848092731982442e-02, 1.227508669047330664e-01, -3.705847362134335188e-01, -1.729609082970672840e-01, -4.192573143649976908e-01, -5.034918336040009393e-03, -4.151399633405536971e-01, -1.718444931443058321e-01
1.899000000000000000e+03, 4.527572053861990409e-02, 6.986863522698067985e-01, -3.460821698969880345e-01, -4.855334986840280642e-01, -1.643592443157641803e-01, -5.195412196721018727e-01, -1.301291509264331570e+00, -2.016074337118702875e-01, 3.436394754345479391e-02, -6.296993676048065480e-02, 1.884572822499094302e-01, -2.082323392705648368e-01, -2.629339276529993885e-01, 2.633057605972257201e-02, -4.120722867913344523e-01, -2.468082428526124916e-01
1.900000000000000000e+03, -2.336054922591695171e-01, -6.012158594285711422e-01, 1.354157711652450788e-02, -3.137505855055106041e-01, 2.890103863534426165e-01, -1.980999157811173632e-03, -4.787282914423278135e-01, 1.428484870333897871e-01, -5.396908539220802992e-02, -1.188626665391115111e-01, -2.903517865709233717e-02, -2.392877188279400325e-01, -8.309161928066816083e-02, -4.598308861992252972e-01, -3.749323970984302923e-01, -2.894941788106966674e-02
1.901000000000000000e+03, -2.264733291801216408e-01, 6.068574536779990369e-01, 1.915612192917713619e-01, -5.229805564493168468e-01, -8.754483144483106438e-02, 3.541437376367667644e-01, -2.504588063623195554e-02, 3.865504908900079667e-02, -2.376279538286888149e-01, -3.404168178906429310e-01, -5.666327844701209981e-01, 2.556829717650479020e-02, -6.857836019095661095e-01, -4.274592218735973059e-01, -4.755724602549156743e-01, 3.552427353650372543e-02
1.902000000000000000e+03, -6.681444483176623983e-02, 9.665962741253251167e-01, -5.140944040378693514e-02, -5.353978813730718711e-01, -1.197705119942660823e-01, 5.042551997021808841e-02, -5.867097171780969456e-01, -2.604055616973542375e-01, -1.214905799944201031e-01, -2.966556732912956074e-01, 2.753941864791620633e-02, -7.764090128695391724e-02, -5.125351728120844941e-01, 1.243560589524169563e-01, -4.008673024524321282e-01, -6.373062582445607194e-02
1.903000000000000000e+03, -2.338153232039828500e-01, 6.367764112569012092e-01, -5.537919614656594547e-01, -2.518080478476998618e-02, 8.807880781618231403e-01, 2.476301348651707424e-01, -2.508163401320036012e-01, -3.586207487613500833e-01, -3.946600059358595231e-02, 1.667473392796562370e-01, -2.712906514369234356e-01, -1.238782466994451659e-01, -2.320963427145130709e-01, -1.345129222992207628e-02, -2.979938937057162174e-01, -2.176743060044975808e-01
1.904000000000000000e+03, -1.475544277754793979e-02, 3.327459883288597098e-01, -6.622559031702552890e-01, 1.540101845518175860e-01, 5.762794387836918109e-01, -3.996114453889890172e-01, -2.590517557787124781e-01, -3.465671482156830741e-01, 1.957255634305486020e-02, 1.116066892579268555e-01, -2.262681189633869716e-01, -2.210642589868959951e-01, -2.510657637073990811e-01, 2.918322894791863797e-01, -9.466325560627156244e-02, 4.975579143404405824e-02
1.905000000000000000e+03, -1.041540976629841686e-01, 8.408092987345577862e-01, 2.312994571381430386e-01, -9.576147160681640347e-02, 8.702727731375295983e-01, -1.448294137993414721e-01, -9.155442654392705881e-01, -2.941796027138126601e-01, -1.321419665058342630e-01, 1.698244380565635259e-01, -5.045322009081848469e-02, -1.828675800328989909e-01, -2.731597785372157916e-01, -1.021721117899013070e-01, -2.922618300456844009e-01, -3.680234834476096561e-01
1.906000000000000000e+03, -2.043095285399614269e-01, 7.740839913189163646e-01, -6.449568406700666445e-01, -2.330271037499813402e-01, 2.968608084051173601e-01, 3.191804423363633347e-01, 2.654883493542372075e-01, -1.357928198281573295e-01, -3.532383644072472489e-02, -6.167046727656599892e-02, -1.943902302687510464e-01, -1.356934112543761450e-01, -4.689778626744890988e-01, 1.078192185244146173e-01, -3.504635875705158776e-01, -2.462715630402378397e-01
1.907000000000000000e+03, -1.556193348180758274e-01, 4.937723296952513663e-01, -4.970883673143368098e-01, -3.397135662978128523e-01, -5.145336865679561028e-02, 1.860084117665633183e-02, -4.018691369846744826e-02, -2.315035390625085066e-01, -4.017686009148004750e-02, -1.438673590541008074e-01, -2.459291637111261086e-01, 4.101178836571852185e-03, -8.764073046215696827e-01, -5.835248691637467955e-02, -5.622069288907231011e-01, -2.915660483101747413e-01
1.908000000000000000e+03, -2.093938142044716455e-01, 3.460583084011342181e-01, -1.751283765758549493e-01, 4.669695515781371181e-02, 2.145406375995901616e-01, 1.880129544232513605e-01, -1.243723717164575637e+00, -3.352705833766545657e-02, -1.447277237319668786e-01, 9.162871630051394600e-02, 8.196060018045363271e-02, -2.428522393775204569e-01, -9.451175660484698593e-01, -2.836442973339679541e-01, -3.835361046173911270e-01, 2.001302264180630872e-03
1.909000000000000000e+03, -1.980125682043209212e-01, 5.404588058888796231e-01, 3.243870618720623433e-02, -3.880338829850400462e-01, 2.210127531651473187e-01, 1.921770375520678031e-01, -5.156019768406683301e-01, -4.111896785697961021e-01, -2.076884688360264575e-01, -3.498917015068651049e-01, -2.802346414966054300e-01, 1.118593284524869724e-01, -5.300377224176472390e-02, -1.374981467622742592e-01, -3.123617686720788211e-01, -1.810550472429484081e-01
1.910000000000000000e+03, -1.520658515058599947e-01, 3.707871970903119790e-02, 2.917250711132622354e-01, -5.028749725261635328e-01, 8.894166551201444781e-02, 1.720975829069034679e-01, 6.826310378597856554e-02, 9.433625812837283242e-02, -1.277175755756897735e-01, -9.115404838335927629e-02, -5.183325161935058434e-01, 2.969791766351522269e-02, -1.323023404942813841e-01, -1.602741753512779144e-01, -4.082175993541981018e-01, 4.191115172151987228e-02
1.911000000000000000e+03, -1.477553928778901349e-01, -2.478454533038263741e-01, -2.640176760087282193e-01, -2.873967643573132058e-01, -1.350750782696747698e-01, 1.315172983601861911e-01, -4.509785525380797799e-01, -2.458978679979227089e-01, 7.699494469986360723e-02, -3.456347228666539761e-01, -1.610244681435606950e-01, -8.465633987050046050e-02, -1.619518735579661695e-01, -3.319696459999774076e-04, -7.563612665345594843e-01, -1.973387078064446978e-02
1.912000000000000000e+03, -1.878910323819041328e-01, 9.739591143388324213e-01, -8.311931672367729451e-01, -5.809089049779585512e-01, 6.179230921634171203e-01, 4.685766070318802545e-01, 2.852533991876157193e-01, -1.505759164044269127e-01, 5.493295059210698966e-02, 2.154704991011585635e-01, -2.500440596366583779e-01, 1.612112962625872614e-01, -1.161964880101082759e-01, -4.166504918014564129e-01, -2.771480687604960802e-01, -1.035338839396127836e-02
1.913000000000000000e+03, -5.155418505555554864e-02, 1.548744437826499731e-01, -2.069037711047169992e-01, -3.038725049794175348e-01, 5.472951206303997562e-01, -8.160542767027942693e-03, -4.459855977343331612e-01, -3.662678602288023111e-01, -2.045838162449261644e-01, 2.356140417525678377e-01, 2.662297688090826675e-01, -9.502444818625613993e-03, -3.694047529474257519e-01, -3.076442227745608271e-01, -4.100659667485811316e-02, -1.044362378115841899e-01
1.914000000000000000e+03, -1.059076745742526665e-01, 3.039012591025602728e-01, -2.477473966560549690e-01, -1.964204564447746271e-01, 5.550416931195849973e-02, -2.321305021987463135e-02, -3.671069840915825444e-01, -4.023946624002070482e-01, 7.844522622696739611e-02, 4.516071710536092576e-01, -1.207953366051655320e-01, -1.873048822944924641e-01, -2.518476319220744331e-01, -5.068119586049509712e-02, -3.461158723832873929e-01, -1.420049640856132778e-01
1.915000000000000000e+03, -6.149670534226928109e-02, 3.134484544964299957e-01, -4.027572955577898156e-03, 1.896193424683572937e-01, 4.381284949008684704e-01, 6.413553951118039498e-02, -1.088926062459110167e+00, 2.033234430141573346e-01, 2.075777756784345091e-02, 2.154714677055694638e-01, -2.066690057403481884e-01, 6.443626645811843280e-03, -4.069619823980712425e-01, 1.254450625911732453e-01, -2.273631662873831227e-01, -1.815161498830111797e-03
1.916000000000000000e+03, -1.887036413131998602e-01, 5.859451064445304613e-01, 2.361032060229232288e-01, -3.348999504795040494e-01, 5.873029621248158083e-01, 2.451884666264786128e-01, -5.626114685521134140e-01, 1.164663087020295917e-01, 2.077701951955668869e-01, 4.048944554078584557e-02, -4.943779181230520316e-04, -2.122848380653400216e-02, -4.790035570186657043e-01, 2.443102107611684962e-02, -3.519847276789905277e-01, -2.374425463045438944e-01
1.917000000000000000e+03, 1.065777404042462378e-01, -6.927115712580123041e-01, -3.839541967679688250e-01, -2.474469172524243199e-01, -2.494591844428732941e-01, 2.455324974755658529e-01, 1.241430792586205450e-01, -1.758926074631912695e-01, -4.607716598018710835e-02, -2.509073427823834690e-01, -1.253877844314121304e-01, -1.078254107323699668e-01, -2.074775293561647582e-01, -4.274476537462333914e-01, -4.007520282042628668e-01, 1.509386879831941808e-01
1.918000000000000000e+03, -1.008845738022530886e-01, -5.082733346513877704e-02, -3.440814009847510402e-01, -3.565313775097692095e-01, 1.216317439975955622e-01, 4.271230670841945076e-01, -4.546742002979853869e-01, 6.351943718342570322e-02, -3.023998465612723896e-01, -3.063762547174714856e-01, -3.661984283749306623e-01, -2.646018546583217002e-01, -5.153376812263487095e-01, -3.550835750771248744e-02, -5.088747237477024843e-01, -6.785568213275215699e-02
1.919000000000000000e+03, 1.286054609923847555e-02, 5.655871097719435830e-02, 3.825523323268024134e-01, -7.340892708212229389e-02, -3.282415875340877198e-01, 3.424976027496791642e-01, -4.833185778437008029e-01, -1.006483823079904749e-01, 5.691943037171098840e-02, -1.746792820149214442e-01, -2.476971074011977691e-01, 4.270821268437504162e-03, -1.881554218639580334e-01, -3.373078497689644406e-01, 1.843852650706997165e-01, -1.316023064812853749e-01
1.920000000000000000e+03, -1.130931050145756733e-01, 8.960084083889717499e-02, -3.026278431247689804e-01, 2.191126111652955399e-01, 5.314565758195454181e-01, 4.724726332210300583e-01, -8.723318833462336830e-01, -4.141086005285061766e-01, 8.429047489333822696e-02, -1.359997595359028477e-01, 1.035198680710421731e-01, 1.289994617157229628e-01, 5.956352746605258347e-02, -2.338903459694871845e-01, -1.344057505736392377e-01, -9.085015180919349398e-02
1.921000000000000000e+03, -1.598937174319926824e-01, 4.933371517874048928e-01, 7.281770168375387327e-03, -6.502293639851888796e-02, 3.783198607444993589e-01, 2.729365977342539940e-01, -1.126589728554321823e+00, -1.590279996942768892e-01, -8.375638337009734535e-02, 1.838399810553345004e-01, -2.888988365304862027e-01, -1.505907471744260817e-01, -2.827498325817687785e-01, -6.734703492413406101e-02, 1.071424515386632838e-02, 7.959214620791724148e-02
1.922000000000000000e+03, 6.557714230485034435e-02, 2.533364974330917230e-01, -3.163734749063401575e-02, -5.138018828024893958e-01, 6.281283487598787740e-01, 1.599718904365323713e-01, 3.516215077565891245e-01, -3.789397137417181427e-01, -9.908898125099024901e-02, 2.255057387506960165e-01, -2.537847924472276806e-01, -1.867790860096281078e-02, -4.474970013188525053e-01, -2.922265074374828520e-01, -1.930613206906383605e-01, -1.939772641988106172e-01
1.923000000000000000e+03, -8.741162387135457956e-02, 9.451941831295153085e-01, -4.654933256937791586e-01, -7.375971971088314261e-01, 3.009469039288777958e-01, 3.007426966506933086e-01, -5.022607417722927403e-01, -3.041742218743460624e-01, -1.153165864819368502e-01, 2.656731532423396436e-01, -7.378909430693450858e-03, -1.676436837406618530e-01, -1.535546214052952441e-01, -4.496783567016491845e-01, -1.981230863299408840e-01, -2.973028377396583211e-01
1.924000000000000000e+03, 2.249937315908846769e-02, 7.425153266905097638e-02, -1.636556103605588952e-01, -5.002485833683638639e-01, -1.401704009399106665e+00, 3.006815094798618304e-01, -5.444952213004028430e-01, 4.088150925703714494e-02, -1.063818201836983085e-01, 1.952513861830688091e-01, 5.163464409063375227e-01, -8.210751010078783108e-02, 1.297112412925464919e-01, 3.077730020582236659e-02, 8.898689259799026641e-02, -6.089513246214745684e-02
1.925000000000000000e+03, -2.403356704767037610e-01, 4.442603229389163050e-02, -2.724162115214702751e-01, -1.746908481520642875e-01, 2.810974075563372199e-01, 4.605361897265515814e-01, -3.110906718572379326e-01, -7.261236711510249409e-02, -1.566293170901301157e-01, 3.637441898144332109e-02, -7.526293599177924509e-01, -3.500980251914272319e-03, -8.409294378699030403e-01, -2.062150890928589053e-01, 5.423734067400198117e-02, -1.780950143977419464e-02
1.926000000000000000e+03, -1.426423827967932267e-01, 6.154716837401612572e-01, -3.918667738471150463e-01, -1.135299167619461813e-01, -4.398994614527805824e-01, 1.904088131034400722e-01, -2.189599211283251301e-01, -2.508161536110987966e-02, -1.355174866079004309e-03, 2.999285800618280984e-01, -4.535545168055102327e-01, 1.099615883091184521e-01, -3.415400231508355366e-01, -1.606206661045159745e-01, -6.231877391773925183e-03, -1.413545154897474510e-01
1.927000000000000000e+03, -1.201607797341711220e-01, 5.853091940889224576e-01, 2.471016058907168911e-01, 3.856233920138745219e-01, 3.706052573369978276e-03, 2.285883561062666269e-01, -5.834961016690175528e-01, -2.660091362882906485e-01, 2.181057479704397173e-02, 5.384183724235819257e-01, 2.905743233289563299e-01, -2.159513274381295034e-01, -1.486828336291493857e-01, -2.038103612958661881e-01, 1.415994049592654846e-01, -2.496674547847388403e-01
1.928000000000000000e+03, -1.510884383411109644e-01, 6.422036855656204635e-02, -2.179249014425191366e-01, -7.267885200644581649e-03, 3.573949101522905791e-01, 1.747867014895086377e-02, -2.202596959472043481e-01, -3.026311124474721503e-01, 7.335023749475197419e-02, 1.531815694961083107e-01, -9.818972562488291478e-02, -1.704449265784405143e-01, 3.144300017497937000e-02, -1.568785223749866453e-01, -4.560955805553059683e-01, -2.054370020698110741e-02
1.929000000000000000e+03, -9.478496912635182847e-02, 4.979209796251964776e-02, -1.721920184933628251e-01, 1.535306430024951929e-01, 1.720439814221575436e-01, 2.132958976580857924e-01, -8.621645881292594460e-01, -6.465117419131442833e-02, -1.537562987720179075e-01, 2.078266543137269884e-01, -8.863590317620718972e-02, -9.576014292219163504e-02, 1.949907032994155631e-01, -4.232438963713783253e-01, -4.116529021869201332e-01, 9.312087299229820925e-02
1.930000000000000000e+03, -9.488988968921417688e-02, 3.414683525134991071e-01, -4.742725679889645551e-01, -2.364006177299863565e-01, 4.684178748363391209e-01, -2.611154161362819540e-02, -2.656990802898577253e-01, -7.520395776409392052e-01, -2.733114706503175090e-02, 9.493717742559820705e-02, -1.513375439626432617e-01, 1.452475993986868108e-01, 4.679601871131387758e-02, -6.581406028419929666e-02, -1.153405871745717542e-01, 1.506137137577900353e-01
1.931000000000000000e+03, 1.602788284138165209e-01, 2.553753803999244676e-01, -5.380870786232326841e-01, -2.477422179139919800e-01, 1.441431139169145614e-01, 2.900055135804577300e-01, -2.174679648953571631e-02, -2.262384589569067447e-02, -1.696912608602964279e-01, 5.579755760060461228e-02, 4.760623933678831965e-01, 1.008348305213201263e-01, -6.167979583069924665e-01, 5.830235902602252940e-02, -4.500726596014087422e-01, -5.102597411402779587e-02
1.932000000000000000e+03, -4.109603048393705577e-03, 2.546589028416699763e-01, 1.120387557727335337e-01, 9.854151232308373809e-02, 2.574263463053457768e-01, 4.708930911888506987e-01, -1.852621704151292958e-01, -2.371272599327479275e-02, -1.953555122127028643e-01, -1.230964765738620237e-01, -3.673787064106192046e-01, 2.700554608261627673e-03, 9.677534029321152587e-02, -2.105757878787938575e-01, -1.785930291169188500e-01, 1.153460129328317185e-03
1.933000000000000000e+03, -2.879133566235907507e-02, -8.636827207748910551e-01, 2.676118311001586814e-01, -5.305961526074071816e-02, 4.034547996794678459e-01, 6.398914046501658071e-02, -1.176164163425152287e+00, -2.959040017734834715e-01, 1.217068267005853577e-01, -1.459274546472628387e-01, -6.421485226180669859e-01, -6.304113706785907656e-02, -2.733461154491423906e-01, -1.254461026477284302e-01, -1.080375611977045791e-01, -1.038411347437091098e-01
1.934000000000000000e+03, -2.194523091050585850e-01, 6.548121717039424583e-01, -7.118706811574579962e-01, -1.703180625669492576e-02, -6.845965745438788164e-02, 2.131142844597736508e-01, -1.749165306374146633e-01, -3.541324958953810942e-01, -6.628762998386297789e-02, 2.131319656893993775e-01, 5.429632004508831988e-01, -2.061032266669840518e-01, -2.049909520374036953e-01, 9.759494323589512632e-02, -2.703088558012052833e-01, -6.581543833674180499e-02
1.935000000000000000e+03, 1.374021171660470275e-01, 5.107343692877092112e-01, -4.330167052658735749e-02, -4.295903552938851178e-02, 2.151144385004099269e-01, 2.259648863909398953e-01, -3.202995102532817384e-01, -1.713858007386156179e-01, 1.641657279482254192e-02, -1.176113850116543014e-01, -4.130303169862054036e-02, 7.279395700123030000e-02, -6.279495587763883613e-01, -2.447960013033959326e-01, -2.373967545004078694e-01, -1.334232529318538363e-01
1.936000000000000000e+03, -1.918891917800887026e-01, 3.095378982317031347e-01, 2.334896086281955385e-01, 2.296868256982720347e-01, 2.233275154389980852e-02, 3.858004076010403405e-01, -6.362905246768625345e-01, -7.950042210379593133e-02, -7.059470631453967915e-02, 1.242045812432185370e-01, -3.967621338790007779e-01, -2.187591848590233479e-01, -1.281035426530493793e-01, -1.762397146702938955e-01, -5.294228628249299240e-02, 1.669783262372245003e-01
1.937000000000000000e+03, -1.488854508240285146e-01, 4.585626184702731867e-01, -7.848270336786550283e-01, -3.642175357196944518e-02, -4.766460219237965701e-01, -7.089585668080996585e-03, -1.175132813120354003e+00, 1.165928323280524953e-01, 2.690030430488739299e-02, 2.527131292150136543e-01, 1.437429502817731686e-01, 1.293569355776923516e-02, -3.367292624084181063e-01, -2.020255754489514166e-01, -2.940137735870829161e-01, 3.216720537060167029e-01
1.938000000000000000e+03, -2.430157887431777172e-02, -9.561466711235735993e-02, -3.936478836064861153e-01, -2.778908280077533877e-01, 2.029513066673726551e-01, 3.455020229912574709e-02, -4.149902099081314022e-01, -9.682335451360583878e-02, -8.562060083401910882e-02, 1.186890449195427133e-01, -1.314108668528861934e-01, -8.310684425985673252e-02, -3.452020411524494015e-01, -9.553806759667077264e-02, -2.777669034657256342e-01, 1.490117931519950034e-01
1.939000000000000000e+03, -4.615369068517121559e-02, 1.529128885458073406e-01, -2.136799224661473651e-01, 5.253752085088422286e-01, -7.034463084134926492e-01, 6.709472474125302566e-02, -7.897574838254615981e-02, 1.237249173832224991e-02, -1.304499550545544246e-03, 5.085348975234135205e-01, -3.061363482323683494e-01, -2.022011010974178458e-01, -2.715615450575428191e-01, -1.315438564487399764e-01, -4.157330142225232339e-01, -8.442953341491036406e-03
1.940000000000000000e+03, -6.354156095786570035e-02, 6.265204915519348439e-02, -3.816870535105674200e-01, -1.106554043315525065e-01, 1.582449814780028108e-01, 2.991409360633328074e-01, -5.793239057457224561e-01, -7.840660794097997766e-02, 8.933418890368738374e-02, 2.335034326909762037e-01, -9.844721516705481901e-02, -2.351873715961306718e-02, -3.730857545479392412e-01, 1.001306490751722664e-02, 2.305936706506135636e-01, -1.911274616658812098e-01
1.941000000000000000e+03, -1.226021370358997137e-01, 9.999369159071582747e-01, 4.485887496168696198e-01, 1.833994789572758466e-01, 5.809314324360222159e-02, 2.765552254201261717e-01, -1.161287878359599679e+00, -9.767305536419777778e-02, -1.033778746572367874e-01, 3.366633441784627201e-01, -2.949159951673236413e-01, -1.687405373425303057e-01, -1.755898652689373285e-01, -3.571449899625401825e-01, -4.332464531159176818e-02, 8.951247827435393489e-02
1.942000000000000000e+03, -8.845497532025138610e-02, 2.585214921630591967e-01, -6.125869902859780725e-01, -2.662094815773812240e-01, 5.591013183405785236e-01, 1.401392619432120790e-01, -4.102365895723899536e-01, -1.518504155490576490e-01, -3.004711446870245162e-01, -1.158261266919501931e-01, -6.123288824030856392e-02, -6.511058261091663690e-02, -2.765240186723920690e-01, -2.048797669543490629e-01, -2.151390567861145853e-01, -2.177917977313983955e-02
1.943000000000000000e+03, -1.707994525280858711e-01, 1.817429186444676492e-01, -1.800347869991964778e-01, -3.691031757954384984e-01, 2.198893812850309104e-01, 1.022341303555727998e-01, -4.182459848197860319e-01, -2.957361881311872942e-01, -2.932280810126822526e-02, 8.417923865600625277e-02, 4.357526330611110055e-01, -3.339066944852301932e-01, -3.473108916665232915e-01, 2.675647513166904967e-01, -4.941405630214407707e-01, 9.454578981005927474e-02
1.944000000000000000e+03, -4.462708648415043833e-02, 2.613761898187257904e-01, 1.976650165342895907e-02, -3.270156497213705382e-02, 1.153221530534681849e-01, 4.510467747556125562e-01, -5.210264265744425360e-01, -2.256327690015053067e-01, -1.327682116821448099e-01, -1.131048729525953034e-01, -2.582123303459338270e-01, -1.879912349177266240e-01, -4.371677158253657880e-01, 5.611697184481529571e-02, 2.794821577572594307e-01, 9.161715524144251055e-02
1.945000000000000000e+03, -1.365206353165447917e-01, -3.219119273130341408e-01, 1.647862391233835822e-01, -6.129609346240617596e-01, -8.169674288423538211e-02, 3.855747852955246358e-01, -7.761883223077994387e-01, -5.019543312503584875e-01, -1.756990537706212829e-01, -4.094789619436509653e-01, -4.142295849022664678e-01, -1.142302450016135368e-02, -3.989718312441964398e-01, -7.086555915460553134e-02, -1.588396936263662407e-01, 3.725060732060508223e-02
1.946000000000000000e+03, -4.434789879203487883e-02, -7.114896629320145716e-02, -5.331223472641474226e-01, -2.205525648803604577e-01, -1.776811652264125019e-01, 3.287416236865389196e-01, -6.774949506261256360e-01, -1.857104045669040748e-01, -1.902809533661014574e-01, 6.669860159826718204e-02, -5.357956808017454858e-02, -2.721054809242658967e-01, -6.821783254069064065e-03, 6.530798081052089287e-04, -3.147406781435865830e-02, -2.078233457539838125e-01
1.947000000000000000e+03, -3.126088076364092611e-02, 5.429542855793566547e-01, -4.207585180303635153e-01, 1.602036994993754487e-02, 4.451465831744550461e-01, 2.477408999610974660e-01, -5.309512972234372574e-01, -3.876283180060409728e-01, -6.977375397645767252e-02, 3.526623235579295912e-01, 2.353899613346617237e-01, -1.356530236679415469e-01, -2.483063449835431480e-01, -3.472022277658625700e-01, 2.454945462920407051e-01, 1.193322985194860963e-01
1.948000000000000000e+03, -3.644569458029312536e-01, 1.267063462383073991e-01, 5.700406517068319356e-01, 7.451587701181069945e-02, 1.675516438058007596e-01, 5.317158425678337741e-01, -4.015906673198338939e-01, -4.283395825965762294e-01, -6.888106641658066354e-02, 2.622021468451434245e-01, 1.155294586028374620e-01, 1.278554040769125551e-02, -1.187659668744332764e-01, 2.250268279143773642e-01, 1.029919795236176466e-01, 2.121114708951970726e-02
1.949000000000000000e+03, -2.268718717644693517e-01, 3.093769388899448303e-01, 1.619153967211437173e-01, 2.101275834129792131e-01, 7.031665654542414989e-01, 1.995888734044419521e-01, -8.974722342872766268e-01, -1.907313354978765474e-01, 3.683685030879456368e-02, 5.058199566613914566e-01, -1.881347231958235555e-01, -1.053167375300504693e-01, -1.908220083456826921e-01, -4.627948270472952985e-01, -5.793712252394974671e-01, 8.932740206392175697e-02
1.950000000000000000e+03, -3.913292945272556222e-02, 6.638721216087856147e-01, -6.686747623641704497e-01, 5.715257812573053264e-02, 1.065142577981575134e-01, 7.500509824052514762e-02, 6.679675682648683610e-02, 9.951646742666067635e-02, -7.611847670048774162e-02, 3.619270187339230782e-01, -1.577270709906011537e-01, -1.473597939353041841e-01, -8.705817277650336472e-02, 1.292464421651683404e-01, -4.422347840402660601e-01, -2.675922699420000272e-01
1.951000000000000000e+03, -8.324010665912569273e-02, 9.486878296562603063e-01, -3.304037162594787302e-01, 1.496894974344397944e-01, 4.382142957569052366e-01, 9.969318231549161025e-02, -9.596907312710799554e-01, -7.238771301589475016e-02, -4.133598616877439541e-02, -1.361192541295604685e-01, 1.366766598476421186e-02, 1.031700550794880343e-02, -3.925016627654392964e-01, -3.646391145915117704e-01, -2.250360422763344470e-01, 1.147548801065681467e-01
1.952000000000000000e+03, -7.835632424934997620e-02, 3.454652731402167998e-01, 2.399538197857805921e-01, 7.255558434700488946e-02, 5.357971106052206167e-01, 1.584778857942879537e-01, 8.617293803325234980e-02, -2.507644088791480264e-01, -1.802045417331636923e-01, 3.123043591612793546e-01, -3.620803504962133434e-01, -1.718868809766999906e-01, -2.455876552266250679e-01, 4.987640971914367172e-02, 3.113939461085378502e-02, 8.013093094005205308e-02
1.953000000000000000e+03, 3.702445461100575819e-02, -2.246093223677903261e-01, -1.340334469637359874e-02, -1.207996661344735156e-01, -4.720185212766842692e-02, 2.145879724101769637e-01, -1.037134102912149691e+00, -1.906679447523405586e-03, 4.424504415172834243e-02, -1.953580657847681923e-01, 2.557160907483416873e-02, 5.879679123863819357e-02, 1.392437353587051285e-01, -3.418635065742943457e-02, -1.947287473579621675e-01, 1.049962940511345727e-01
1.954000000000000000e+03, -3.957093453246657844e-01, 2.650454408048139032e-01, -2.654402092651564904e-01, -1.919874756739045063e-01, 4.026642234260675579e-01, 5.177485565672121925e-01, -1.830626912341990487e-01, -2.511776132646106330e-01, 1.365367301068255435e-01, 2.123723320103847526e-02, -1.485951730466719412e-01, -1.566520747961031024e-01, 4.539085703284728712e-02, -8.052033252512405537e-02, -5.142950466609610624e-03, -1.984386189464348305e-01
1.955000000000000000e+03, -1.388649087297233811e-02, 1.362168611832287324e-01, -1.215979375739508206e-01, -2.377486445689480088e-01, 2.963973096652892658e-01, -1.934755596294897295e-01, -6.503950343391784461e-01, -2.405080733404653115e-01, 5.372905371027147936e-02, -5.135552689673286014e-02, 2.168016945123082684e-01, -5.971902657674514961e-03, -5.045184006249702202e-01, 6.706910530772197676e-02, -2.554593967936099608e-01, 2.578129494699093471e-01
1.956000000000000000e+03, 3.288787544548060215e-01, 7.996316744940193955e-01, 9.643822069825426502e-02, 1.402098711763992145e-01, 1.870556672604797299e-01, 3.464091041081100997e-01, -2.635477748849718305e-01, -1.667802976390045100e-01, -1.753088159731067130e-02, -1.863534577743053422e-01, 1.982892130567391886e-01, 6.287092668478726221e-02, -4.308753859643267292e-01, -1.475672508444721143e-01, -4.111041058306162954e-01, -5.191994497481472459e-02
1.957000000000000000e+03, 8.310090602813914595e-02, 7.707527208203029945e-01, 1.606836959802188380e-01, -4.489483158031846721e-01, 2.080082381355471133e-01, 3.472044461485396805e-01, 2.265028355249873795e-02, -2.580966874106760955e-01, -7.776097152047722894e-02, 2.238290389976612949e-01, -6.551760097622347789e-01, -2.586838713090119923e-01, -5.238473279897315482e-01, -2.722455101077253525e-01, 8.497822128922895291e-02, -1.164571189642175930e-01
1.958000000000000000e+03, 3.581600622847365412e-02, 3.751114638211788255e-01, -7.239613770403731108e-01, -3.647879709020457883e-01, 1.134725403502681029e-01, 4.264727946930538804e-01, -4.204004486744737368e-01, -1.921787709889435369e-01, -6.099165649395802552e-02, 1.860231360271189793e-01, -1.955771403184593249e-01, 7.451890262336470332e-03, 1.149876166879512107e-01, -5.191834456936743614e-01, 3.137400977920228734e-02, 3.382196295120304397e-02
1.959000000000000000e+03, -4.090678184958372599e-02, 9.471589806155752966e-02, -4.564550807362211526e-01, -3.046163098267843372e-01, 6.280434000419720109e-01, 3.238043129321124258e-01, -4.056960845545017902e-01, -6.172982358699501404e-01, -1.185021429800183906e-01, 4.173300046046866107e-01, 1.280456078464175737e-02, -9.558310515625566273e-02, -6.367860966730608252e-02, -1.743069650374564072e-01, -2.274181556389773262e-01, -5.534440998599748224e-02
1.960000000000000000e+03, -8.463979711208169388e-02, -7.123536950280427993e-01, -1.872229562284357940e-01, -4.196446312584339172e-02, 6.482900108263953687e-01, 5.029494074776486023e-01, -4.645872787946168647e-01, -4.493030161327191685e-01, -3.941906294631136037e-02, 4.463124960446429590e-02, 1.300931673906983721e-01, 7.342725032286641362e-02, -3.987989344468052810e-02, 4.173267632738108385e-02, -1.471867844211645349e-01, -1.089303603927211789e-01
1.961000000000000000e+03, 2.678793410670506359e-01, 3.844930710079259017e-01, -1.288169196796248583e-01, -2.331260039516289961e-01, -8.582871624588835069e-02, 6.008492000410039502e-01, 3.014971636127448257e-02, -3.472986323916843476e-01, 1.656099734804042656e-01, 2.664259939623647155e-01, 2.096897970735338845e-01, 4.068333510127863234e-02, -3.356507755163522927e-02, 1.021814694367619014e-01, -4.620457418459582022e-01, -5.185211171439155740e-03
1.962000000000000000e+03, -3.932006654527345213e-02, 1.178793897191410950e-02, -4.646192541569989752e-03, 4.129548637527938326e-01, 3.201690761352609660e-01, 1.758768498772638009e-04, 2.721289217096940494e-01, 4.463970941691773886e-01, 1.028556359079492721e-01, 2.575151668545451189e-01, 6.936304207125688903e-02, 3.239529778721909059e-01, -1.325298609130976246e-01, 3.396530436021460986e-01, 2.487101236116633363e-01, 1.805178385267446617e-01
1.963000000000000000e+03, 1.368099450730013433e-01, 1.309640829205114820e-01, 2.834745349974442385e-01, 1.050227484313009246e-01, 9.089907497389971835e-01, 5.844560011222098561e-01, 4.941957990036002779e-02, -3.195995408621624678e-01, 2.425658228902878299e-01, 4.557264918459386638e-01, 8.664995979041852092e-02, 1.078980151093189427e-01, 1.848885767588098195e-01, -1.654596005510999279e-01, 2.978847642255972872e-01, 2.882233207212423487e-01
1.964000000000000000e+03, 3.644922232315772614e-01, 1.613229309110263132e-01, 1.166634313107520748e-01, 4.161874425884139472e-01, 2.683058185321548494e-01, 3.191021358249687689e-01, -5.755222698581376889e-02, -1.408714559174048808e-01, 2.380271549947495513e-01, 3.983292908565518320e-01, -1.936424724942514553e-01, 9.080331788753365219e-02, -7.046896326207530148e-02, -1.781683662005719704e-01, -2.885549585442567788e-01, -4.800693558163911766e-03
1.965000000000000000e+03, 6.860282781665613672e-02, 7.934854109899985852e-01, 4.818307408891606691e-01, 5.531115421003390820e-01, 3.302212794576191851e-02, 2.281400044211088496e-01, 2.076734292243457777e-02, -1.995080524066030481e-01, 1.886535157918583228e-01, 6.726210140677381100e-01, 1.820474906973327534e-01, 5.162422764632740996e-02, -1.958531246402487325e-01, 2.016201772970479394e-02, 2.463647840629085706e-01, 5.149083790681262957e-02
1.966000000000000000e+03, -8.363217694182724371e-03, 2.670452222515450891e-01, -8.231585607802825999e-01, 3.345001383610378132e-01, 6.115319500589345703e-01, 4.283764633541656819e-01, -1.349805650980020477e-01, -2.101326517795852333e-01, 3.152790003405384067e-01, 3.602185806539789370e-01, -2.160675543748569183e-02, 6.523297769350194786e-02, -4.172742247640250923e-01, 1.790685005078967718e-01, -5.713230002811827551e-02, 1.145369320307262073e-01
1.967000000000000000e+03, 3.042285014333156457e-01, 4.196339946086664052e-01, 2.249757700023646834e-01, -1.446409936258792328e-01, 1.021316831796123120e-01, 2.978094902807066902e-01, -5.076337368754448853e-01, -5.685125167051776479e-02, -3.883174630094340246e-02, -1.995050567197935443e-02, 1.827550630680349897e-01, 3.231164620334754933e-01, -1.665810210644879108e-01, -1.952912214556710990e-01, 4.360937934272417216e-02, 2.086534744948356224e-01
1.968000000000000000e+03, 3.780249225295426868e-02, 6.459167938315255597e-01, -6.801099362401019643e-02, 1.655714741079030439e-01, 7.392481588999987308e-01, 1.814676182679433036e-01, -2.773067499880378928e-01, -6.284037190603673773e-02, 2.699174974939554938e-01, -1.234031274217047142e-01, 3.061944178645383818e-01, 1.741418084481509421e-01, 4.556852736949048022e-01, 2.447519979753678965e-01, -4.319754603319593267e-01, 1.878864643325945660e-01
1.969000000000000000e+03, 4.200781295791318759e-01, -1.106400900256773734e-01, -1.949521389738649857e-01, 3.228867541762827087e-01, 3.537575944227905334e-01, 6.338709070111706589e-01, 4.725726379047067577e-02, -3.032557164383084536e-01, 1.046055796682902363e-02, 1.085905794973584942e-01, -1.681226954752720049e-01, 1.193658510008402812e-01, -2.212512631650258577e-01, -3.230198141925596511e-01, -6.595474885021783418e-02, 1.367975540123460565e-01
1.970000000000000000e+03, 1.735207531106894296e-01, 4.767307538278149348e-01, 5.093588625309194429e-01, 2.400410425014704030e-02, -4.148695720884554849e-01, 2.451812938112648554e-01, -5.045567702083577633e-01, -4.333922056305827275e-01, 7.198023027295666343e-02, 4.142241258200867193e-01, -3.161920143926609250e-01, 2.272050229276732780e-01, -1.592061415604312802e-01, 1.182927879964602441e-01, 6.540995260771474695e-02, 4.153032750335658441e-02
1.971000000000000000e+03, 1.265509581840529030e-01, 3.261648540275540742e-01, 3.955352297937113071e-01, 4.380241437170442342e-01, 5.253657667254040264e-01, 7.719573470159848405e-01, -1.803897908969737951e-01, -1.291670006115014369e-01, 8.062394337908271313e-02, -7.602979387488704999e-02, 4.460742330416342383e-01, 1.965239914504082197e-01, -1.571898945983258578e-01, -2.281242986943864126e-01, -3.810572429071223399e-01, 1.217595490650553169e-01
1.972000000000000000e+03, 1.962603672594390447e-01, 4.457698209923275368e-01, 1.307158224619707487e-01, 1.434275868147747712e-01, 4.840949791883837894e-01, 3.572171528060421042e-01, -5.258694351770784592e-02, -2.049253877097551579e-01, 1.933406162588252042e-01, 1.816611294413214284e-01, 1.971304032019749741e-01, 1.269703541103846256e-01, -1.168302693483779832e-02, 2.607139565936868464e-01, -5.005740602988564131e-02, 2.330626833492236150e-01
1.973000000000000000e+03, 1.710495344830600117e-01, 5.829928843199111421e-01, -1.906328099633039230e-01, 1.939556637673832407e-01, -5.412747337996606234e-01, 5.606917288676465105e-01, 3.568398395260176104e-01, -1.068542540198628849e-01, 2.467963073986655098e-01, 6.066417737829762347e-01, -1.859983160084348053e-01, 2.845191055607171338e-01, 5.662491905136105008e-02, 2.649055953236832406e-01, -3.214430397709952536e-02, 1.546469554353428200e-01
1.974000000000000000e+03, 2.176478472343390536e-01, -1.244108212060717443e-02, 1.068688703790165589e-01, 2.360092614779711606e-01, 1.985886549908451038e-01, 3.529337954463275251e-01, 1.738179731520767546e-01, -1.728537940774237669e-01, 2.804418149045744824e-01, 3.760812216840856426e-01, -1.865623249395166258e-02, 1.293292784183099065e-01, -1.212216941800476205e-01, 1.748879757470330116e-04, -2.750255835469996302e-01, 1.696159130704002482e-01
1.975000000000000000e+03, -1.058948944901297708e-03, -1.120989713063297033e-01, 1.716141831825157282e-01, 1.750605314097363752e-01, 2.415215812298329157e-01, 4.307952102664280303e-01, -3.319828358588147177e-01, 2.767462335243518062e-02, 2.419316819142225405e-01, 4.226248268468469904e-01, 4.967656175527920132e-02, 9.437760751416858496e-02, 4.936946688443227121e-02, 1.143391914050253394e-01, 9.108763335387856652e-02, 1.354824949650491051e-01
1.976000000000000000e+03, 3.514598074926397198e-01, 1.254212296364510815e+00, 1.008497579821569373e-01, 4.838106775081859601e-01, -1.282056244224679120e-01, 6.873034957858731309e-01, 3.299892347136697008e-03, -9.112400919900572049e-02, 3.576176655368773494e-01, 3.342928286847331454e-01, 2.261259689041293097e-01, -2.201024532019354399e-04, -2.182293825647654839e-01, 1.684924610351433427e-01, -1.025156917043739957e-01, 5.634818768021248453e-02
1.977000000000000000e+03, 3.930147807181096908e-01, 3.023246146210107899e-01, -7.048052865371380593e-02, 3.710329642636471248e-01, 1.757432933845113135e-02, 8.119791252885051325e-01, -2.183242056200622172e-01, -3.078519662380115873e-01, 3.041534554153476066e-01, 2.717356592531236514e-01, 2.953115422503045651e-02, 3.610473044208388771e-01, 1.938614500408583907e-01, -3.738786293223996804e-01, 8.106583427719070770e-03, -3.717208994517050974e-02
1.978000000000000000e+03, 2.338531642591587523e-01, 4.253147705394451639e-01, 1.422767294632270862e-01, 5.099642765465881578e-01, 8.223159398502681572e-02, 6.848819714332431419e-01, -6.217744185468654372e-01, -1.203871673487529187e-01, 1.698616973894543913e-01, -4.818930807724732673e-02, -4.196166951842602022e-01, 1.495191594663793089e-01, 1.848364562457241456e-01, -2.875643549745465766e-01, -3.328742378711465055e-01, 4.146175774203762487e-01
1.979000000000000000e+03, 2.385142741327839211e-01, 5.520613477064375552e-01, 1.117884930440744828e-01, 1.181660015488377596e-01, 7.220957024457577700e-02, 6.050205166362179199e-01, 4.572471145804145598e-01, 2.753840555703928640e-03, 1.013607394005666129e-01, -2.420413634036704380e-03, 1.493433731574574375e-01, 8.846555440503234280e-02, 2.304878369830608287e-01, -1.531394339970328367e-01, 7.254993342148796653e-02, 1.608290680167836773e-01
1.980000000000000000e+03, 1.429468633396862587e-01, 4.757679869985008136e-01, -1.162025620717713204e-01, 5.806474911298901143e-01, 3.367052757063309087e-01, 5.566286736514127753e-01, 2.987967319764475715e-01, -5.242229371796809367e-01, 2.507794978506268091e-01, 3.367798952920044164e-01, 1.385277434109577210e-01, 1.746083483360044153e-01, -8.472707189622906698e-01, 1.703274612245524178e-01, -2.431319456630623432e-01, 7.753656393037254846e-01
1.981000000000000000e+03, 9.290020675248344961e-02, 5.851211532574849272e-01, 3.098313036838435952e-01, -2.964866307071342688e-01, -2.101053254213003652e-01, 3.003096256732838976e-01, 4.213897096892184613e-01, -2.694127716353896251e-01, 2.295189824256457789e-01, 5.532627342075157051e-01, -2.078628738701202849e-01, 2.047461020609811500e-01, -2.708971467356776075e-01, 1.524864263562220323e-01, 5.011440557974669585e-02, 3.350515330363539879e-01
1.982000000000000000e+03, 2.587330029461036851e-01, 1.144906311466382665e+00, -5.470845817386644355e-02, 6.310968520797375844e-03, 2.618449680259527998e-02, 3.488847776494793385e-01, -6.575107513019903815e-02, -7.951543174865412233e-02, 3.620188326652785116e-01, 5.766069728688550944e-01, 6.489319928236931823e-01, 1.005673866630225621e-01, -7.445404410457076572e-02, 3.533117984324794791e-02, 2.121824120839188865e-01, 3.239795521805467482e-01
1.983000000000000000e+03, 4.550872723680995380e-01, 3.192663871359163075e+00, 3.058997848086209351e-02, 3.987621945039540039e-01, 7.973319371206756268e-01, 9.969747352494175985e-01, 4.758928098145357583e-02, 1.294963434873291075e-01, 1.845350007313705243e-01, 2.240676539343558482e-01, 2.440753410492848829e-01, 1.387326653605555349e-01, -6.179359947559786431e-03, 2.395860825058824528e-01, 5.229756884021295044e-02, 3.838868651470747073e-01
1.984000000000000000e+03, 3.337639658989801639e-01, 5.272032173248324127e-02, 7.423090823147187045e-01, -6.710337656877635171e-02, 4.683625248921794992e-01, 4.767508924593590325e-01, -3.128471986386008319e-01, 1.609922178612061550e-01, 2.117999548365122608e-01, 3.435875514508242579e-01, 7.316916912141460672e-02, 2.457139490085645250e-01, 3.266189099634195236e-01, 4.485458561143301215e-01, 2.920821302305718348e-01, 1.098604879900610537e-01
1.985000000000000000e+03, 4.118249123669991962e-01, 6.679108440259396984e-01, -1.058615892110430501e-01, 1.473323508203704391e-01, 2.697901957666684614e-01, 7.166682249260211135e-01, 3.621075254316202252e-01, -5.538607607671244132e-02, 9.344995046356104063e-02, -1.119522341317518849e-01, -5.905233262263399618e-01, 2.612647716563663014e-01, -4.906410113721804828e-02, -1.279076029301707274e-01, -3.465337427324468589e-01, -1.196432942148676487e-02
1.986000000000000000e+03, 1.828258174050136076e-01, 4.102154867952831352e-01, -4.128905307092692323e-01, -1.749890110640281160e-01, 2.240416189889899989e-01, 6.820408210750475986e-01, -1.954060487907114119e-01, -1.019771841290550846e-01, 2.002336086114044622e-01, 4.792591877758826668e-01, 3.225759040256937493e-01, 8.033136936732981903e-02, 2.174457190777849269e-01, 1.129794366774657388e-01, 3.486083559744041632e-02, 1.075847791839926737e-01
1.987000000000000000e+03, 1.819958835028816502e-01, 1.483972627788271992e-01, 6.385180915793091383e-02, 7.604247033978894788e-01, -8.306226735003288675e-02, 2.424222402420237177e-01, -1.111165119761405584e-01, 1.981110398836679332e-01, 1.888198633393125825e-01, 3.544789759091246939e-01, 5.673849010862958009e-01, 1.428830956863912927e-01, -1.070340094757349543e-02, 3.985931151800258671e-02, -4.599290477959278728e-02, 2.887556651329737378e-01
1.988000000000000000e+03, 2.351463067431922016e-01, 7.198743764314372573e-01, 8.910492459516723696e-02, 3.908983269822037809e-01, 2.022092091449862461e-01, 8.278643231167919225e-01, 4.472438392064633783e-01, -2.569942175523244887e-01, 2.367981329975852103e-02, 4.633759270012151044e-01, -1.087823159254754507e-01, -1.517255707382728358e-01, 7.209856287695898258e-02, 6.253496579002648659e-02, 4.350949012229974461e-02, 4.795822476377639143e-01
1.989000000000000000e+03, 1.110284438500443449e-01, -2.207054078011077836e-01, 1.891880701460507130e-01, 2.379738752062465490e-01, -4.314238558140346402e-01, 4.024387820263690130e-01, -2.756487940488190902e-01, 3.238126299268992425e-01, 1.000276106925548220e-01, 3.700494829424727516e-01, 2.410379756681034769e-01, 3.002498222078170964e-01, 6.810289589009382860e-02, -7.425524968349409005e-02, 9.515907580179158720e-02, 5.392255026640055959e-01
1.990000000000000000e+03, -2.825709903853173069e-02, 1.382245251652604312e-01, -1.203809624350095919e-01, 7.096941374648294554e-01, 4.910168752183185492e-01, 2.215553478636660134e-01, -4.773495308281202609e-01, 3.062581789874385119e-01, 2.907407346152661165e-01, 1.959621297501877857e-01, -3.067896309317048043e-01, 2.979785260731558361e-01, -1.051386203601703540e-01, -1.107171779330755335e-01, 1.191640531711884721e-01, 4.231760836061596032e-02
1.991000000000000000e+03, 1.500749028707594745e-01, 1.187223972835912411e+00, 4.562906953137927379e-01, 2.415228515580153945e-01, 6.621038749382691657e-01, 4.550532992152479528e-01, 1.358729753906448914e-02, -1.496744812205005881e-01, 2.508399522986978769e-01, 9.365134331113721122e-02, 3.554876085505394578e-01, 2.596329359094454725e-01, 9.831079918609401946e-02, 3.169155661673199176e-01, -2.228311205986193699e-01, 2.860531283576471240e-01
1.992000000000000000e+03, 1.565792180849222837e-01, 1.420394649694506128e+00, 1.821104304324056289e-01, 6.274913044584328192e-01, 1.172649524896101525e+00, 4.198741166897309585e-01, 7.850326099169039340e-01, -1.550231152329453466e-01, 3.897335455486980460e-01, 6.271072435005805579e-01, 5.240944839664063437e-01, 2.673645252102505032e-01, 1.683183780201831792e-01, 3.719099352081367549e-01, 9.352873914545919987e-02, 4.060456006853553901e-01
1.993000000000000000e+03, 4.752998161645034525e-01, 1.210792395267881627e+00, 1.833076491125175400e-01, 4.536200036119987233e-01, 6.655361892333969687e-01, 4.763022637485356814e-01, 4.227159926088748798e-01, 2.809597515198218320e-01, 2.433935075192115161e-01, 8.318637822444910346e-02, -3.800605116480220147e-01, 3.437196315300182770e-01, 2.329653807142900712e-01, 3.009704628113228364e-01, 1.079961591412664096e-01, 3.917920361052197320e-01
1.994000000000000000e+03, 3.228824677618927774e-01, 4.527672780752413639e-01, 1.930824354502581608e-01, 3.480827993085812699e-01, 2.738089785699515111e-01, 4.024781130068272317e-01, -7.432481409131970473e-02, 1.600068340467458716e-01, 2.357253266750346521e-01, 1.698532334074079053e-01, 3.464769308192488378e-02, 6.210318594896494654e-02, 1.211577600579858277e-01, 1.810026919285284419e-01, 1.122834997016698005e-01, 5.393143927634610479e-01
1.995000000000000000e+03, 1.401225425330797081e-01, 4.206261255632000595e-01, -3.543854813819552474e-01, 6.672376480933609466e-01, 2.457308363936394069e-01, 1.243235010475854246e-01, -1.776895538638673666e-01, 1.278962481935384532e-01, 4.786720775412242057e-01, 2.673232111198001748e-01, -2.273894840720618871e-01, 2.639088197970596572e-01, -9.832339595267304555e-02, -1.751131972340997378e-01, 7.830205462426949314e-02, 3.344138397121926287e-01
1.996000000000000000e+03, 2.973405571379790779e-01, 3.428293017372291418e-01, -3.522172711457068062e-02, 9.060629707943729239e-01, 2.492332700482106367e-01, 8.198884423441088476e-01, 1.730612189777272492e-01, -1.251984809001329690e-01, 3.674382617084605285e-02, 5.814621377453481621e-01, -1.418590578189456441e-01, 2.313441984831483555e-01, 3.668422019086276520e-01, 1.677428939325451701e-02, 1.799379068653741698e-01, 3.798174223791697113e-01
1.997000000000000000e+03, 4.744315666234891760e-01, -1.927293539197734162e-01, 1.614171725747174935e-01, -3.940318773952927733e-02, 6.787076838187122707e-01, 7.923843193517546846e-01, 1.923813298963184260e-01, -3.363902133874021455e-02, 4.099779648037321089e-01, 3.186364502836471768e-01, 9.095688249058371255e-01, 1.968267691643569850e-01, 3.308690338415843368e-01, 3.615183890885195206e-01, 5.421720873693388482e-02, 1.834052924710998511e-01
1.998000000000000000e+03, 1.079734942262296354e-01, 5.298726823898995963e-01, -3.768200875741919420e-01, 3.818403508890278464e-01, 4.569178134957564974e-01, 7.790153473134435735e-01, 3.590262831782394248e-01, 3.400134424571968350e-02, 1.229973061719207839e-01, 3.425278679768954671e-02, -1.571259765380685625e-01, 2.444955929765914582e-01, 5.383363353984526450e-02, 6.845533017982610158e-01, 3.658033590609256480e-01, 2.469202087569996873e-01
1.999000000000000000e+03, 1.559770020366525456e-01, -1.257470137306415381e-01, -1.277342041496019043e-01, 3.520191658771688603e-01, 6.759117341335560969e-01, 9.140442986119359237e-01, 1.672179132139896829e-01, 4.951742936740056306e-02, 5.398240438584475109e-01, 3.269091294292881256e-01, -1.019363630300545026e-01, 1.642314355569242101e-01, 1.317369739952375940e-01, 4.263942707411984556e-01, 8.101141639443733278e-02, 5.026116531529704057e-01
2.000000000000000000e+03, 4.929716759921010105e-01, 1.596832930251239069e-01, -4.710650965626444336e-02, 2.124267235795654699e-02, 3.053463731548648474e-01, 7.512967184579242286e-01, 6.058831402877989936e-01, 3.522367056376597971e-01, 4.266109888983106169e-01, 1.390230910439418655e-01, -2.547283021202614295e-01, 3.750124403613847024e-01, 1.370466919811604845e-01, 2.348296299303890000e-01, 5.282841303925529530e-01, 5.384690412282256977e-01
2.001000000000000000e+03, 2.818199924174052406e-01, 1.806395651666250768e-01, 5.221059998198688268e-01, 3.769192339854647578e-02, 3.708151359523250701e-01, 8.450588961968884538e-01, -2.617067930373042639e-01, 7.340946948114926429e-02, 1.202738524350937949e-01, 8.682845966553362493e-02, -2.905136634496144898e-01, 5.308043924921499457e-01, 1.790156532064480499e-01, -6.553811074012179730e-03, 2.075497723987019538e-01, -9.218665382935749275e-02
2.002000000000000000e+03, 2.633834734015134127e-01, 1.324090068073132953e-01, 2.565542229913065145e-02, 2.959692774510515045e-01, 3.876005459871985637e-01, 2.377487072167865090e-02, 1.513669647185304501e-01, -1.457141237749029483e-01, 2.263074232113120587e-01, 4.045326784536923959e-01, 4.127298301385261547e-01, 2.428328748123431136e-01, -5.454700671011484397e-02, -6.517052131349796440e-01, 5.426462333884921607e-01, 5.572828558649614017e-01
2.003000000000000000e+03, -1.515071595469367205e-01, 1.115116159754560465e+00, -2.306699197533547685e-01, 4.964124581654777990e-01, 4.156888872336362839e-01, 8.899222161822549770e-01, 3.746814539148370371e-01, 1.852152596901471271e-02, 1.709920293732794805e-01, 1.888327745387264056e-01, 5.069188656808415461e-01, 9.390404237410288069e-02, 2.544198543293847425e-01, 4.000791708120183809e-01, 5.191629257122323260e-01, 4.889344862690875315e-01
2.004000000000000000e+03, 2.836461408774351156e-01, 2.601833614171851772e-01, -7.341809027104859720e-01, 3.177281740532122423e-01, 2.161268909302133667e-01, 7.420879657717770472e-01, 5.352981490616416371e-01, 1.700792127298907663e-01, 1.605942857509300714e-01, 1.818069096091928238e-01, -5.481230527798922753e-02, 1.368993431373667635e-01, -1.565210019600315194e-01, 4.947915633373085598e-01, 5.254574524603206065e-01, 4.449762880343248739e-01
2.005000000000000000e+03, 2.571796898069176329e-01, 7.943542779795622621e-01, 4.937275854448054391e-01, 6.310574479836801309e-01, -2.636212421876150264e-02, 6.651056533646261260e-01, -4.914279627775722803e-01, 8.592730505186495227e-02, 3.315456027359951485e-01, 5.719817337140054025e-01, -3.209290392080004772e-01, 2.021243997301468143e-01, 1.498805082328036054e-01, 4.112116934016494807e-01, 4.988481343886867481e-01, 3.417359782854434980e-01
2.006000000000000000e+03, 3.441730217844964912e-01, 8.309318447070086489e-01, 2.688252599297597523e-01, 5.914853137923367088e-01, 1.352762642694666617e+00, 6.991727777186153014e-01, 1.669871403616789429e-01, 5.926787900635374085e-01, 9.763133507380430953e-02, 3.060055980168840950e-01, -4.601299650188900858e-01, 3.575170919845219175e-01, 5.797785815026893497e-01, -3.509377130933735711e-01, -1.418276551641006571e-02, 6.107613954019941449e-01
2.007000000000000000e+03, 3.545860467475189237e-01, 5.027105347786338108e-01, 4.031188272045440613e-01, 1.919851876854427597e-01, -3.312040315156688369e-02, 3.000705769591570093e-01, 2.212215676362194461e-01, 2.115914799915817601e-01, 4.170571583330832666e-01, 6.948528080046803002e-01, 2.686278876971830432e-01, 4.216257087063700615e-01, -1.603609246344655515e-01, 3.321415454937784451e-02, -2.715326810082500583e-02, -3.449101780100310294e-02
2.008000000000000000e+03, 5.906463669808981187e-01, 3.583530751720222507e-01, 2.404216732116317423e-01, 6.670481701932468033e-01, 9.355779922654576808e-01, 5.393741389401603969e-01, 1.338340571586882910e-01, 1.432873242615418652e-01, 3.125614055988839013e-01, 2.248592687812324964e-01, 1.067865071833234536e+00, 4.165826515538251229e-01, -1.794658963751500844e-02, 4.396724834046966124e-01, 5.252411711889657386e-01, 4.683495360582483058e-01
2.009000000000000000e+03, 1.727698244949320561e-01, 1.831878831174231156e-02, -1.076968311882368967e+00, 9.116160915014873689e-01, 1.618850368882947643e+00, 7.983310252699825638e-01, 4.062191229413272264e-01, 5.513100087753240036e-02, 4.007637440721433797e-01, 1.734708546395577755e-01, -2.412925398095824847e-01, 2.541286573829838399e-02, 3.110580282319181378e-01, 2.520467725663738112e-01, 2.964125898763865785e-01, 7.541434488083033072e-01
2.010000000000000000e+03, 2.352209327762095348e-01, -9.532367701327507103e-02, -1.689026929654473264e-01, 6.964661338432437399e-01, 1.361721879972253912e+00, 4.988060392828794209e-01, -2.492593037164226588e-01, 2.271602615227910071e-01, 4.143999221501248886e-01, 1.380618562035149446e-02, -1.727743727513335881e-01, 2.857469366528554988e-01, 1.735073359051665098e-01, -2.310459671854491262e-02, 5.005821047972042193e-01, 4.923622719313491269e-01
2.011000000000000000e+03, 3.369419767608165528e-01, -7.617020643510924449e-02, 4.822635011782533399e-02, 6.776293236051913471e-01, 7.432676100947591680e-01, 4.839657750070477937e-01, 4.525795340316772775e-01, 2.488624022884916298e-01, 4.034290452030790397e-01, 6.303500521618891073e-01, 2.425802258577834658e-01, 4.714744974857390525e-01, 4.528009083597543949e-01, 2.009546272118388488e-01, 2.744563912695357488e-01, 2.363004131402464125e-01
2.012000000000000000e+03, 4.757343712890687581e-01, 8.596875596773517758e-01, 4.491610911749161494e-01, 7.941455054942857528e-01, 2.820153781565205020e-01, 4.439417065968699894e-01, -1.791123097573459333e-01, 4.681615026952129499e-01, 2.413656998384021701e-01, 3.616630915844897265e-01, -4.862181151231358828e-02, 2.208516375096758189e-01, 2.815445660662806437e-01, 7.944678500747079930e-01, 2.214047018224270524e-01, 5.032550417182355407e-01
2.013000000000000000e+03, 4.543531878448761607e-01, 5.367622810135447287e-01, 6.280665131791183242e-01, 7.163288811835725189e-01, -1.471274099701646854e-01, 2.022388693239880464e-01, 1.846728744229901020e-01, 4.483944757956482285e-01, 3.349165227974741921e-01, 7.780173148980837894e-01, -6.285105585009650130e-03, 3.295155004446008729e-01, 3.219608909064832214e-01, 4.930080676549134511e-01, 5.854924190704446918e-01, 4.884294745956190842e-01
2.014000000000000000e+03, 2.440213137226242002e-01, 5.751596183294314102e-01, -5.887915209298193453e-01, 8.488540797335460963e-01, 2.075422225057138859e-01, 1.813763206242876014e-01, -2.052996797137446316e-01, 3.716248251755719378e-01, 6.161498464851077328e-01, 2.017316625450753242e-01, -3.363526809739123546e-01, 4.402579116496362910e-01, -4.466454092701341860e-01, 3.486891329623948987e-01, 8.476756974021664170e-01, 4.957507185189847787e-01
