year, EC-Earth3-Veg, NorESM2-LM, CESM2-WACCM, TaiESM1, INM-CM4-8, NorESM2-MM, GFDL-ESM4, MIROC-ES2L, CNRM-ESM2-1, UKESM1-0-LL, CanESM5, INM-CM5-0, MPI-ESM1-2-LR, ACCESS-ESM1-5, CMCC-CM2-SR5, IPSL-CM6A-LR
2.015000000000000000e+03, 2.187348587944678346e+00, 7.506704779139607986e-01, 8.891761610314349307e-01, 5.524133914884870045e-01, 1.405886304070705917e+00, 8.252321280097782985e-01, 5.624004401005850973e-01, 9.995494632106196597e-01, 1.190964726596607681e+00, 1.081050751967933543e+00, 1.970730378627469692e+00, 1.750465482812511020e+00, 1.465251444797457836e+00, 1.157314977545180978e+00, 6.826422488533854249e-01, 7.487877182715900748e-01
2.016000000000000000e+03, 1.794224085840530281e+00, 6.290115192568159763e-01, 9.274617834818495998e-01, 4.805596723491198374e-01, 1.476656954169798697e+00, 8.380382555752371454e-01, 5.732534795848546194e-01, 7.818638894426809260e-01, 1.173343159392990165e+00, 1.015658778991010536e+00, 1.944500946924483831e+00, 1.734994305192866682e+00, 1.822378904026355162e+00, 1.135087823067713275e+00, 7.878314692464790658e-01, 6.822990293693633745e-01
2.017000000000000000e+03, 2.023484867780815488e+00, 7.056716521232394568e-01, 8.907507449779969999e-01, 5.307621427054569629e-01, 1.552388864999571627e+00, 7.749125849625704276e-01, 5.932680548495417039e-01, 7.712152438320891701e-01, 1.091515638202105398e+00, 9.766378677674765196e-01, 2.022379507481100624e+00, 1.560303383631354235e+00, 1.529763709748456213e+00, 1.107591278341378382e+00, 6.776491470792956884e-01, 7.212305776876958285e-01
2.018000000000000000e+03, 2.198847155033405887e+00, 7.458924891186252681e-01, 9.049494896669235677e-01, 5.819886229892974328e-01, 1.468044421518706288e+00, 7.895488510658691395e-01, 4.694765611231392910e-01, 7.359754879488451529e-01, 1.435102804311360947e+00, 9.912131340896807030e-01, 1.918495348908260567e+00, 1.576530886124335007e+00, 1.229653702327886844e+00, 1.126518969679280113e+00, 6.554446741576583912e-01, 7.422826632051131579e-01
2.019000000000000000e+03, 2.617081537638201727e+00, 6.821072156467656855e-01, 1.009968327727600146e+00, 5.590587278717652486e-01, 1.249983592437296176e+00, 7.816922685387699410e-01, 5.542722350977777879e-01, 1.077854718151362245e+00, 1.184487789449029549e+00, 1.189682709893301826e+00, 1.928747505354285741e+00, 1.791750549356196265e+00, 1.306023939878082407e+00, 1.226160390552543999e+00, 6.651851896243691220e-01, 7.314050587102552958e-01
2.020000000000000000e+03, 2.216878541206578568e+00, 6.865272787283618339e-01, 7.681046787351158978e-01, 5.106908335659279263e-01, 1.277127580262087392e+00, 9.636053378275444281e-01, 6.218615063217624028e-01, 6.937601015822982831e-01, 1.285272070422675883e+00, 8.419313333133993105e-01, 2.002444773198723826e+00, 1.804451220716724702e+00, 1.609485602303752483e+00, 1.181044393497535872e+00, 6.939091869084708097e-01, 6.724050312492356740e-01
2.021000000000000000e+03, 2.305017475407507455e+00, 8.266323694348529649e-01, 9.273492808965368983e-01, 5.085854379489613830e-01, 1.377841822411410400e+00, 9.071714922782176949e-01, 6.078482778017952892e-01, 8.731199195939666202e-01, 1.339840590181413882e+00, 1.164881668189435393e+00, 1.876016084144982443e+00, 1.784288212290254583e+00, 1.532817048431638352e+00, 1.288759988690768576e+00, 7.103195353113690436e-01, 7.579633306253376057e-01
2.022000000000000000e+03, 1.888343977818237596e+00, 7.438835619851332792e-01, 9.847762132853045136e-01, 5.087843977072483703e-01, 1.331388731874645126e+00, 9.524315425148012215e-01, 5.728219838549869491e-01, 1.008653740216680639e+00, 1.144008010056690727e+00, 1.164804919865106481e+00, 1.975491698730156065e+00, 1.536493898869383701e+00, 1.279600345708082898e+00, 1.264937877931016308e+00, 7.002291463463122811e-01, 7.525368259438853791e-01
2.023000000000000000e+03, 2.134628306243153251e+00, 8.182754922343574711e-01, 8.729383687151589521e-01, 5.511287814769730842e-01, 1.329356923082967823e+00, 6.368346469955359357e-01, 5.847163903505380178e-01, 9.197803455509849790e-01, 1.171759571225801100e+00, 1.218929165946673887e+00, 2.056644592882373779e+00, 1.633192758607759920e+00, 1.246218386793757071e+00, 1.199317433561365664e+00, 6.988106928923434324e-01, 8.461433754308633759e-01
2.024000000000000000e+03, 2.182467537033264016e+00, 7.760987249258423093e-01, 1.005095485301295444e+00, 5.391204704933010294e-01, 1.316942355882507742e+00, 8.615881005126605485e-01, 5.448071237769763764e-01, 9.287844084322020022e-01, 1.184456376953738399e+00, 1.088434585995724735e+00, 2.038310112493555426e+00, 1.591109635551457346e+00, 1.382094584253702685e+00, 1.120348519289631861e+00, 6.356203386596792626e-01, 7.601540102740701466e-01
2.025000000000000000e+03, 2.297624556578070631e+00, 7.238278329831517866e-01, 1.134621815162198288e+00, 4.833257129061557800e-01, 1.333621161130642996e+00, 9.108794211030305510e-01, 5.819960357587599109e-01, 8.276907654252556590e-01, 1.295425263412806727e+00, 9.183981245631881452e-01, 2.056817611932422185e+00, 1.448877381012853460e+00, 1.391258688118015119e+00, 1.075668014084529833e+00, 5.964774164534789591e-01, 7.916322004019720193e-01
2.026000000000000000e+03, 2.647056882221667795e+00, 9.387455565520160805e-01, 8.726120755927504469e-01, 5.748318701138943609e-01, 1.318772663398562139e+00, 9.840491141054710234e-01, 6.128121888113726712e-01, 7.922745581380369329e-01, 1.195145702761217121e+00, 1.054787481686972228e+00, 2.001195508504519882e+00, 1.778271886810822489e+00, 1.331857075754624420e+00, 1.095241115918218489e+00, 6.385745130794592272e-01, 6.985316750390045959e-01
2.027000000000000000e+03, 2.606919794000553736e+00, 7.002848056268786703e-01, 9.850110444303411539e-01, 5.618333924679528302e-01, 1.280014277449437632e+00, 8.430338805520825041e-01, 5.208272689054930238e-01, 9.132087067727261420e-01, 1.328572265605872937e+00, 1.268154321960431874e+00, 2.046236790746446044e+00, 1.694292069546121882e+00, 1.367422149649994090e+00, 1.128346337505502284e+00, 6.693497649626058976e-01, 7.642496231699000830e-01
2.028000000000000000e+03, 1.618509519393101170e+00, 6.766409581323382660e-01, 1.009411181551618464e+00, 5.404957947845978605e-01, 1.280912278685134797e+00, 9.714823503587742826e-01, 5.741891075849230308e-01, 8.636145982570166968e-01, 1.268034442676615248e+00, 1.314611531947328382e+00, 2.058755249435557655e+00, 1.642664080846865104e+00, 1.473581515194713809e+00, 1.236138844502694401e+00, 7.927890089525709838e-01, 9.229427960743925574e-01
2.029000000000000000e+03, 1.920305390120262246e+00, 7.842705656128470260e-01, 9.880943778539175160e-01, 5.702645768140195415e-01, 1.314187423300309021e+00, 7.657014948818224864e-01, 6.765629597110575100e-01, 9.683586920635675055e-01, 1.023588620778316916e+00, 9.872606326553406975e-01, 2.055647509474758827e+00, 1.676686138381591418e+00, 1.589351935043625819e+00, 1.315713898786330605e+00, 8.435207630847424420e-01, 8.635640032472821082e-01
2.030000000000000000e+03, 2.664803535423107217e+00, 6.460325009831887622e-01, 1.190001537669217457e+00, 5.496422200169093220e-01, 1.357552975825285557e+00, 8.467328681011621061e-01, 7.815846898809161170e-01, 8.353094616317980892e-01, 1.337037855998021829e+00, 1.050765300990649909e+00, 2.059641189254927784e+00, 1.555114314133554165e+00, 1.773260694280986094e+00, 1.195900803491069864e+00, 6.386223450437193971e-01, 9.387777190948353168e-01
2.031000000000000000e+03, 2.604691649101644302e+00, 7.390930148531328348e-01, 7.353275125435306814e-01, 5.638333857098586366e-01, 1.392097956191542085e+00, 8.872503201274640761e-01, 6.687625645999115687e-01, 7.130502476025952774e-01, 1.393598839114029708e+00, 1.156698483905977737e+00, 2.008254737835022397e+00, 1.571859584137917709e+00, 1.816657274277186263e+00, 1.174697424747975116e+00, 7.761985467155066987e-01, 8.583968768233174451e-01
2.032000000000000000e+03, 2.190128898171078919e+00, 9.707771951927159915e-01, 1.006981519593376895e+00, 5.001332014550571303e-01, 1.369736791639182716e+00, 1.062661262318516098e+00, 6.449678635171139929e-01, 8.556738091664189971e-01, 1.361411904190865219e+00, 1.096492361752122058e+00, 2.014256334106514501e+00, 1.600260255517025998e+00, 1.309974121021047377e+00, 1.214614246643797024e+00, 6.936857830716818274e-01, 7.637093889546691106e-01
2.033000000000000000e+03, 2.359137821853700245e+00, 8.355843598702635822e-01, 1.030694446888245075e+00, 5.373025593167325420e-01, 1.615405496361640436e+00, 8.507560075136225697e-01, 7.515600508006397007e-01, 7.902770559643432779e-01, 1.070575354580095118e+00, 1.231357427583062547e+00, 2.041115934392102815e+00, 1.779050745892730934e+00, 1.161077406027550163e+00, 1.233190229989282072e+00, 7.283366108344576650e-01, 9.024305938450836173e-01
2.034000000000000000e+03, 2.553201679824201431e+00, 7.051084572370407422e-01, 1.171900797035996922e+00, 5.536591124681964349e-01, 1.466990310103309048e+00, 8.025783363679001026e-01, 7.082153656243388440e-01, 9.765511938512267953e-01, 1.365585861638148879e+00, 1.407762482844445495e+00, 2.144245788713923684e+00, 1.892729460748834525e+00, 1.219545203861257754e+00, 1.193113272428783844e+00, 7.364134782402182999e-01, 7.547572848967877279e-01
2.035000000000000000e+03, 2.091908144410431714e+00, 6.456456177244548345e-01, 9.097448905400266073e-01, 4.881801930582752580e-01, 1.487731491526827821e+00, 9.023286682258053748e-01, 6.446671076891988816e-01, 7.818656483838655191e-01, 1.140511465805925218e+00, 1.325036574812916257e+00, 2.093412994388610837e+00, 1.881808104166986961e+00, 1.803855776066094041e+00, 1.214161675447375188e+00, 7.517421351799934426e-01, 7.649723509463952631e-01
2.036000000000000000e+03, 2.440227011443078631e+00, 8.411052630135871233e-01, 1.242879822661774991e+00, 6.109778541293375831e-01, 1.328583140274108620e+00, 8.746384499820717418e-01, 6.637262508699861563e-01, 8.019580889737140117e-01, 1.375593707605079263e+00, 1.355776893228481939e+00, 2.177202955587142164e+00, 1.728312231431234247e+00, 1.751058784359114329e+00, 1.287809876434056644e+00, 6.987320603149527187e-01, 8.099935474858500628e-01
2.037000000000000000e+03, 2.129159840167613282e+00, 8.287086620221197908e-01, 7.440671596842544089e-01, 6.261207880808973281e-01, 1.432986805273164466e+00, 1.079996252459358930e+00, 8.044750541558148837e-01, 8.054256165289332969e-01, 1.300181495546582910e+00, 1.328855671421606210e+00, 2.158061116650034972e+00, 1.630410777562254721e+00, 1.378465766177785046e+00, 1.257836401953063232e+00, 5.917387372772225929e-01, 8.710705759366167422e-01
2.038000000000000000e+03, 1.904884779677733286e+00, 8.052909566776130790e-01, 1.058232089545046994e+00, 4.579378241365967828e-01, 1.512923544635410122e+00, 9.052414001940533028e-01, 7.271130691125703427e-01, 8.266145747998340232e-01, 1.193192487280797298e+00, 1.281576771794048497e+00, 2.067148601832329735e+00, 1.681643915689885915e+00, 1.701128175064335002e+00, 1.292191830426863364e+00, 7.046126649108114259e-01, 9.867233945247229077e-01
2.039000000000000000e+03, 2.255435569922079164e+00, 8.208632588831030752e-01, 1.180953166369647533e+00, 5.213151249292217182e-01, 1.316307826223899635e+00, 7.775395778907968625e-01, 5.294572252885080266e-01, 8.965165064634932346e-01, 1.199365262866290083e+00, 1.294409281168044323e+00, 2.162936728794612407e+00, 1.783586612519534542e+00, 1.640466415830109437e+00, 1.230012627914977896e+00, 9.124748550990613438e-01, 8.818676711521136191e-01
2.040000000000000000e+03, 2.466585194107322909e+00, 6.268237119175424921e-01, 1.128251349880191379e+00, 5.967353533202265359e-01, 1.239403520523723268e+00, 8.737969098170049742e-01, 6.830363276748137036e-01, 7.633396324072989625e-01, 1.335862009041465459e+00, 1.321493003018625156e+00, 2.175940029114440399e+00, 1.715790975058817613e+00, 1.595137746542079071e+00, 1.154449454345591208e+00, 8.033595066527026152e-01, 7.878310881723844528e-01
2.041000000000000000e+03, 2.284778574369728421e+00, 9.155681328840484801e-01, 1.210232704390263647e+00, 5.613366939099729835e-01, 1.312374155531540243e+00, 1.019064997982664700e+00, 7.892072740720541546e-01, 7.692200463800347165e-01, 1.211907261557773952e+00, 1.073107394054736430e+00, 2.186476673868697596e+00, 1.591052456093366319e+00, 1.708308169720292868e+00, 1.179181354160836692e+00, 6.096991900105986906e-01, 8.712962157786919848e-01
2.042000000000000000e+03, 2.585826345604972598e+00, 9.334594861552635292e-01, 8.616483612828890193e-01, 6.180203609721752755e-01, 1.329793884464527842e+00, 8.784127277621834873e-01, 7.456704977838204407e-01, 8.503584526301267710e-01, 1.312130555784715824e+00, 1.308181451869872891e+00, 2.173515482469150051e+00, 1.765448530386713344e+00, 1.408057069841638809e+00, 1.229027428371419317e+00, 7.272783087002333557e-01, 8.028251034943231224e-01
2.043000000000000000e+03, 1.943015658195599960e+00, 9.264124845666534824e-01, 1.101504431788966620e+00, 5.554298957187476793e-01, 1.519416251381985994e+00, 1.021272576427875833e+00, 7.212277935242344951e-01, 9.597215784645900527e-01, 1.393982756405914625e+00, 1.378043950077618263e+00, 2.195612496994229002e+00, 1.774396319091983809e+00, 1.568005029453098498e+00, 1.261085224963260920e+00, 7.739153862389791527e-01, 6.908972747894365218e-01
2.044000000000000000e+03, 1.916688804181772898e+00, 7.007045723505566093e-01, 1.097490504209178930e+00, 5.866362579095915075e-01, 1.429568953262678521e+00, 1.040613398276582835e+00, 6.164079721452725424e-01, 8.216920314425703031e-01, 1.294057764558279144e+00, 1.322854084907125305e+00, 2.191608502680610027e+00, 1.684733828364419539e+00, 1.653032054334731438e+00, 1.307881032895607420e+00, 7.120193402722597709e-01, 7.579112726154427770e-01
2.045000000000000000e+03, 2.639814320317896978e+00, 6.197023352895967285e-01, 9.093496378877640174e-01, 6.052637000868779094e-01, 1.384757411324697429e+00, 8.322765526817343940e-01, 7.674689576789558432e-01, 7.893519682663073800e-01, 1.312273393919543230e+00, 1.236305202832428174e+00, 2.128493053300050342e+00, 1.916068566743674095e+00, 1.605381085382128425e+00, 1.249363254793207645e+00, 6.222337180961096115e-01, 7.949956350595319687e-01
2.046000000000000000e+03, 2.722075204028145290e+00, 6.009230051107437021e-01, 1.066092333837985739e+00, 5.407655316887259866e-01, 1.292859694571092843e+00, 9.358421933933058767e-01, 8.907278518879703233e-01, 7.813454678591108538e-01, 1.379809009932612796e+00, 1.477705325331376329e+00, 2.188175294616221844e+00, 1.804332718968161053e+00, 1.608206570504306709e+00, 1.183638267849180803e+00, 7.187828630697910004e-01, 8.646752139789729563e-01
2.047000000000000000e+03, 2.043178606832218858e+00, 8.387175934204430527e-01, 8.838229564269625138e-01, 5.462219159658254775e-01, 1.500947755936313355e+00, 1.006799041569377495e+00, 7.409401731107684297e-01, 9.145941093585070458e-01, 1.136283683752330465e+00, 1.379295587047206118e+00, 2.134080533252142420e+00, 1.749287304363545514e+00, 1.467785696360012215e+00, 1.220558989327739763e+00, 7.958508665650109171e-01, 7.346749678295207975e-01
2.048000000000000000e+03, 1.974337787697800994e+00, 8.144636966530733879e-01, 1.019934094742076525e+00, 5.717959028365964258e-01, 1.315723118443535178e+00, 9.775809042739644905e-01, 7.292776477637179511e-01, 7.308050862432633465e-01, 1.334274485621595563e+00, 1.131139117824603080e+00, 2.171772314502309786e+00, 1.788160790011479540e+00, 1.791348198500889000e+00, 1.094047900801147000e+00, 6.728055636971080888e-01, 7.981724108451277999e-01
2.049000000000000000e+03, 1.975951120809345207e+00, 9.151947880349448061e-01, 1.039995180646349437e+00, 6.051648296312459596e-01, 1.403753397554677429e+00, 9.382801125663943198e-01, 8.666183147167247913e-01, 9.080211727095742757e-01, 1.248700689941891762e+00, 9.079861855101083457e-01, 2.224760929060765502e+00, 1.566690859475454722e+00, 1.623201464709455255e+00, 1.251073678113607368e+00, 7.291535644776699909e-01, 7.970695179334401637e-01
2.050000000000000000e+03, 2.895947817762882792e+00, 7.117802151014117618e-01, 1.164704021838008474e+00, 5.451302165947424783e-01, 1.390752231266014771e+00, 8.977024489240833516e-01, 8.056692141538487340e-01, 9.467768808178272932e-01, 1.335432918947479619e+00, 1.142623810303208032e+00, 2.116628043667776460e+00, 1.821182101985604262e+00, 1.264145169407704383e+00, 1.328946731840796813e+00, 7.078185217938608442e-01, 9.353384159598066017e-01
2.051000000000000000e+03, 1.876558634475578247e+00, 5.365962532430853527e-01, 1.003345527532155224e+00, 6.128361048686929990e-01, 1.480368424762555257e+00, 1.040825199650376787e+00, 7.806522360554061235e-01, 1.148786755569547902e+00, 1.293522379030071390e+00, 1.466498614898960051e+00, 2.144480825490249210e+00, 1.829665676712271427e+00, 1.844520149440505463e+00, 1.294733651444019085e+00, 7.277603031665041966e-01, 9.058708487800866127e-01
2.052000000000000000e+03, 1.991504500648949350e+00, 6.210094862241022362e-01, 1.094511619360874155e+00, 6.158108063609104565e-01, 1.300268189848008182e+00, 7.957687844975837033e-01, 8.206573134136998515e-01, 8.570058777816829121e-01, 1.332471926948401997e+00, 1.132676771986580011e+00, 2.191470870191637665e+00, 1.582040059397706644e+00, 1.558651042103819995e+00, 1.243236400044706036e+00, 7.469681627053035289e-01, 7.738697357261256071e-01
2.053000000000000000e+03, 2.302628873176615798e+00, 8.713467716721573497e-01, 9.333664329291437856e-01, 5.576209125337786565e-01, 1.400521797448406991e+00, 6.341440825787356683e-01, 6.308533448932803767e-01, 7.040010559733473894e-01, 1.048923816669248721e+00, 1.258747478395150665e+00, 2.163276336999701233e+00, 1.579602025573154656e+00, 1.590216252728599011e+00, 1.202312159477558096e+00, 6.998446961982009995e-01, 8.137905974383019547e-01
2.054000000000000000e+03, 2.759916391389354740e+00, 8.041276216166083346e-01, 9.494312115800540575e-01, 5.833717081292871809e-01, 1.426086793771732752e+00, 8.473402214776207808e-01, 6.105090986258105978e-01, 8.839991261806990908e-01, 1.511652755252882008e+00, 1.015469645400785659e+00, 2.255309312486845297e+00, 1.680606940820031037e+00, 1.517308212514464794e+00, 1.373762006809434499e+00, 8.132924446671546681e-01, 8.572153706439954446e-01
2.055000000000000000e+03, 2.535430748799611500e+00, 6.143161458179652312e-01, 1.298202148998671479e+00, 6.384507414947180326e-01, 1.485119223785128284e+00, 8.848849261877647088e-01, 7.484127803250579802e-01, 9.216729431188153132e-01, 1.271497215437468409e+00, 1.303793871348474021e+00, 2.264334843486100812e+00, 1.618748573102855026e+00, 1.631874206843918262e+00, 1.261306717844228764e+00, 7.443985609569471196e-01, 8.969299651115414385e-01
2.056000000000000000e+03, 2.903906811517401376e+00, 8.069484395366484097e-01, 7.987671039149469854e-01, 5.601648638003950964e-01, 1.381461878288791079e+00, 7.700346855737155716e-01, 7.480572523067291479e-01, 1.108852411157407625e+00, 1.135861212963703792e+00, 1.416714147094102927e+00, 2.259940441226573338e+00, 1.795285066446773437e+00, 1.669903120294510268e+00, 1.236439249446303679e+00, 6.871157706801747089e-01, 8.445781630678004248e-01
2.057000000000000000e+03, 2.242787531468573459e+00, 1.042944793616282340e+00, 1.075990147784408935e+00, 5.241166241753629773e-01, 1.271758367722694238e+00, 8.870896600032747159e-01, 6.890765525530897495e-01, 9.243239757213630448e-01, 1.276883319062030120e+00, 1.045778231025826788e+00, 2.285141322871914404e+00, 1.740432853015680514e+00, 1.465128848340441881e+00, 1.069533629543498288e+00, 7.461041837767143914e-01, 9.613760569314431237e-01
2.058000000000000000e+03, 2.099972387819752928e+00, 9.947838273181647262e-01, 1.145736753990478363e+00, 6.405150568699443658e-01, 1.387249631856992460e+00, 9.894879149055918477e-01, 7.469814368606584321e-01, 8.995958026456238876e-01, 1.309591076223466599e+00, 9.479510926829113338e-01, 2.267243110963262254e+00, 1.566818060546364633e+00, 1.507584263270277392e+00, 1.122378776121568666e+00, 7.598248725393855763e-01, 9.468238701680774527e-01
2.059000000000000000e+03, 2.614099199065979207e+00, 1.037977818007167485e+00, 7.383284442369988376e-01, 6.827481660996072010e-01, 1.234041223958885602e+00, 9.744325419135334565e-01, 7.777705877536114087e-01, 9.733107497196722413e-01, 1.391115016866695697e+00, 1.356303041115805241e+00, 2.230950687485850903e+00, 1.681274756436119899e+00, 1.586965569881702676e+00, 1.315481416439691964e+00, 8.297881722606913479e-01, 8.166495995321649826e-01
2.060000000000000000e+03, 2.369630370934881824e+00, 8.576297169785002117e-01, 9.163555714689022302e-01, 5.215601337408528604e-01, 1.474353400213726406e+00, 8.834450795962477399e-01, 8.629910646250072981e-01, 7.961985157588252759e-01, 1.286480830005328091e+00, 1.273196989410548374e+00, 2.368972254517712983e+00, 1.628427409908083323e+00, 1.691569168539798218e+00, 1.215257163132979823e+00, 8.602081160996878362e-01, 9.182606603959637681e-01
2.061000000000000000e+03, 1.678752398840455129e+00, 8.717309720402919293e-01, 1.006479616366171337e+00, 5.323260551858561840e-01, 1.345147097028287275e+00, 9.884752983474398569e-01, 8.222770982953061525e-01, 8.573663577499694988e-01, 1.408753678380794572e+00, 1.021180987707053012e+00, 2.293094661129754908e+00, 1.835932675562493177e+00, 2.013979638542585437e+00, 1.150563149959715759e+00, 8.117224721906298734e-01, 9.105731650920743103e-01
2.062000000000000000e+03, 1.652929272080968293e+00, 8.220853760718754843e-01, 8.444374223540802582e-01, 5.972597163440956924e-01, 1.427587670671647047e+00, 8.743351154133103265e-01, 6.903925322713118096e-01, 8.863168356257754565e-01, 1.360039679445767424e+00, 1.136123219937301254e+00, 2.338928170310252241e+00, 1.700114838434057418e+00, 1.482126708261792380e+00, 1.136688574759068482e+00, 8.519257458541271699e-01, 8.602151306670612341e-01
2.063000000000000000e+03, 2.040308429626851439e+00, 8.581077331456313795e-01, 1.085330031072459178e+00, 5.591652491247195433e-01, 1.698485711141525023e+00, 1.047218009468349642e+00, 7.153236019116309130e-01, 9.265516533964518464e-01, 1.382155633291457741e+00, 1.313212621087236798e+00, 2.301209890254135804e+00, 1.705038802272700771e+00, 1.295516509017889284e+00, 1.265046430058617055e+00, 6.982481572218758314e-01, 8.914482942510698615e-01
2.064000000000000000e+03, 2.554805105248137309e+00, 8.941759429305599083e-01, 1.125519773755362829e+00, 5.908092793535671960e-01, 1.535592555200009368e+00, 1.005825645337969920e+00, 5.863182459596422147e-01, 9.125524820882419119e-01, 1.189259725325885864e+00, 1.234649585957848794e+00, 2.442268915966338660e+00, 1.538050886274048068e+00, 1.789473460956468864e+00, 1.256614915115480402e+00, 7.003414966045108381e-01, 8.884747764631584221e-01
2.065000000000000000e+03, 2.666284566633045472e+00, 9.254752878078515987e-01, 1.307463854796394154e+00, 6.513103312697838820e-01, 1.320887120368897660e+00, 9.280758731240154047e-01, 6.076620535827645941e-01, 7.842508677050044064e-01, 1.460288128852676559e+00, 1.082260147526568517e+00, 2.329460947986765618e+00, 1.731325727326284314e+00, 1.470956827768034270e+00, 1.097938654472238040e+00, 8.425872135866452339e-01, 8.138598105407207628e-01
2.066000000000000000e+03, 2.009064936290568149e+00, 9.298854012446686745e-01, 7.809908738480100254e-01, 5.018961904628956860e-01, 1.282129444907524451e+00, 6.853043202099203812e-01, 9.411961120253924395e-01, 9.504711354789880939e-01, 1.440410099684300560e+00, 1.078868009484535762e+00, 2.278489228349966922e+00, 1.883832188749624770e+00, 1.653337461367205385e+00, 1.314342026111547046e+00, 8.352932548708855709e-01, 8.440096723597757533e-01
2.067000000000000000e+03, 2.235100300669125684e+00, 8.547328466945665060e-01, 1.015260083191837470e+00, 5.248509164909584968e-01, 1.422885467688992822e+00, 9.614460355008348502e-01, 8.401521330292180956e-01, 1.142616343181697802e+00, 1.052797750509421704e+00, 1.412312410945691266e+00, 2.243961892109863410e+00, 1.895135878048325617e+00, 1.575653341879666103e+00, 1.411978490220185734e+00, 6.924056011304846603e-01, 8.753048819543947090e-01
2.068000000000000000e+03, 2.445488222610817441e+00, 7.114036595167156918e-01, 1.170767987701835100e+00, 6.206164863695493583e-01, 1.465022767995573405e+00, 8.818278171438749258e-01, 8.189648833896753244e-01, 1.062689295352269747e+00, 1.193825750207017755e+00, 1.185125941120376503e+00, 2.146498717084549757e+00, 1.926421673070241702e+00, 1.741228489428045423e+00, 1.306098285502264922e+00, 6.846843999357180577e-01, 9.233213819433648828e-01
2.069000000000000000e+03, 2.648153536482679815e+00, 8.016104907871420826e-01, 1.183557252650995206e+00, 6.425083413874759231e-01, 1.356850912929755681e+00, 9.539608630928220201e-01, 8.705592600348470711e-01, 8.392592108819909580e-01, 1.321501070455099791e+00, 1.277772369830854071e+00, 2.187060649672518231e+00, 1.694115207220916908e+00, 1.581838613633665958e+00, 1.387586886524871721e+00, 7.858617919921825345e-01, 8.853649360773974131e-01
2.070000000000000000e+03, 2.188759776743660623e+00, 9.501003394363630727e-01, 8.198187387276097970e-01, 5.314424038425928920e-01, 1.301324164686069151e+00, 1.009252924024894194e+00, 7.574991009969036515e-01, 7.371876058397013320e-01, 1.253760126045766254e+00, 1.540005977072840260e+00, 2.183988544097569040e+00, 1.755841501999045873e+00, 1.702700819566842272e+00, 1.340300405720284971e+00, 7.136866825553944693e-01, 9.278557525869376432e-01
2.071000000000000000e+03, 2.336755973304561529e+00, 6.396525603146614447e-01, 1.119927272879187585e+00, 5.141561591182430835e-01, 1.178331354647044638e+00, 8.785510734452072201e-01, 6.529607942397669396e-01, 7.387574416599610450e-01, 1.317185109902018425e+00, 1.279432654645824563e+00, 2.232551474620663612e+00, 1.847662513750038205e+00, 1.940893966728285180e+00, 1.269412861184723296e+00, 6.265916838857558124e-01, 8.409499907025576038e-01
2.072000000000000000e+03, 2.584700555730242044e+00, 6.938238996749253040e-01, 1.145112231168231132e+00, 5.519820253071565652e-01, 1.673526720280200442e+00, 7.498817234799729503e-01, 7.060517753440778144e-01, 7.740545843627416600e-01, 1.422445868467784980e+00, 1.020518655836733402e+00, 2.189863159054028952e+00, 1.785333936829308410e+00, 1.666653705384966599e+00, 1.263974967547835782e+00, 8.144227393242309265e-01, 8.547434671975293607e-01
2.073000000000000000e+03, 2.069089827367383005e+00, 8.210937302031070528e-01, 1.019458160175213735e+00, 6.726454694384442767e-01, 1.388538278407176252e+00, 8.002555597135383447e-01, 7.463213241927181274e-01, 7.860132683397240694e-01, 1.257564810449107506e+00, 9.385706421349592210e-01, 2.275350546986260714e+00, 1.596308649498028531e+00, 1.717018717061754129e+00, 1.280620286986600798e+00, 8.406383967039815497e-01, 1.003529938470832050e+00
2.074000000000000000e+03, 2.100480357628466077e+00, 9.291721505196616215e-01, 9.941328001038625128e-01, 5.416657761518252068e-01, 1.321232919877613599e+00, 8.093494055025122202e-01, 8.096934926312271408e-01, 9.945080973821869286e-01, 1.211081851175885848e+00, 1.272245126750737310e+00, 2.178250616266203643e+00, 1.611220324214782451e+00, 1.409787681405666238e+00, 1.339419783503010608e+00, 7.368449538886675532e-01, 9.305985080092464834e-01
2.075000000000000000e+03, 2.599635493646327955e+00, 6.630460879272591646e-01, 1.139101455447774969e+00, 5.407604568319388516e-01, 1.328679649916525207e+00, 9.592130413419809321e-01, 6.841773818727562295e-01, 8.006816550546393962e-01, 1.255062525724889078e+00, 1.213726073214624668e+00, 2.206921571205760380e+00, 1.659507059170561849e+00, 1.676864620271577344e+00, 1.279902785059430226e+00, 6.905856105391120492e-01, 8.755377231567197382e-01
2.076000000000000000e+03, 2.839674771965817524e+00, 7.853632761174544896e-01, 9.609592417762079508e-01, 6.176594594029166663e-01, 1.523301065697676426e+00, 9.669919715708430452e-01, 7.297061878237611765e-01, 8.441295214701374228e-01, 1.325438363626677107e+00, 1.030352905415778064e+00, 2.255457189983903987e+00, 1.836135242615325902e+00, 1.659574199447440002e+00, 1.274271442507576735e+00, 7.802565173478953620e-01, 9.427296849567338155e-01
2.077000000000000000e+03, 2.673380934954462163e+00, 8.418147567341562887e-01, 1.332906851770754963e+00, 6.322783859529883532e-01, 1.505599348531515558e+00, 8.430219970577343958e-01, 8.103685963244349200e-01, 8.966673283035451192e-01, 1.464586191766104051e+00, 1.029301100050931561e+00, 2.276397060065407096e+00, 1.627888053508210309e+00, 1.849463235092029478e+00, 1.180215931423116205e+00, 7.928705550203929420e-01, 8.723426425895144387e-01
2.078000000000000000e+03, 1.770471665625773294e+00, 8.113497295892422301e-01, 8.936090050728395795e-01, 6.094891807650679727e-01, 1.380580470321576936e+00, 1.041444817848490967e+00, 9.023868827594575537e-01, 8.610442326374849742e-01, 1.418277831430591496e+00, 1.034573623778640927e+00, 2.328416736342723503e+00, 1.732844975432219936e+00, 1.540596182473744413e+00, 1.283297441110194947e+00, 6.984751385809929713e-01, 9.159559241382058126e-01
2.079000000000000000e+03, 1.603993871352274780e+00, 7.854435973256563841e-01, 1.013569569469802811e+00, 4.973004756356741440e-01, 1.390928139652363393e+00, 1.058630116533711307e+00, 7.426606475647844485e-01, 9.801805585589291603e-01, 1.432370353515608707e+00, 1.550268379787326900e+00, 2.422421042261877044e+00, 1.622747226121307396e+00, 1.793006803545855732e+00, 1.196493809733796487e+00, 8.484241577694418002e-01, 7.832779867250793115e-01
2.080000000000000000e+03, 1.863174498999486284e+00, 8.587817769596098882e-01, 1.235412702691641940e+00, 6.515577102388009356e-01, 1.279909180730033125e+00, 9.233939263167209033e-01, 8.100690498839181464e-01, 9.592664844163524274e-01, 1.269909299809727887e+00, 1.185751185008820485e+00, 2.297800111500603926e+00, 1.761484829265973051e+00, 1.393802605834743691e+00, 1.262496909473221463e+00, 8.305311735713084564e-01, 9.599505968720166704e-01
2.081000000000000000e+03, 2.736518281103548667e+00, 9.439957905500928614e-01, 8.360300315939460658e-01, 6.628068143915282207e-01, 1.281272232550813905e+00, 9.274044660936421325e-01, 7.354106986207004093e-01, 6.526747319725545449e-01, 1.282626972562901368e+00, 1.384749920913541210e+00, 2.327518666864977437e+00, 1.863719074642819828e+00, 1.558915284422318415e+00, 1.258506389019466543e+00, 8.083673220851508301e-01, 7.775654368958280216e-01
2.082000000000000000e+03, 2.992563691933034065e+00, 8.478975657711332881e-01, 8.932218331609637074e-01, 5.666604724349741939e-01, 1.418889250313802641e+00, 8.562992823999874270e-01, 9.294851456322639205e-01, 8.368848403291179183e-01, 1.242084087212710353e+00, 1.291775789962789744e+00, 2.311441222323559419e+00, 1.634081157471718226e+00, 1.495410435176174779e+00, 1.395580878337142616e+00, 6.998536690459812304e-01, 9.604495129370742568e-01
2.083000000000000000e+03, 2.203266866485510622e+00, 9.680327576832855607e-01, 1.088743639854986789e+00, 5.452666049673603466e-01, 1.387133326800330968e+00, 8.654886601280272762e-01, 6.840221232831984466e-01, 8.113531118281362975e-01, 1.295284446698859115e+00, 1.395313397493641805e+00, 2.342964293660357633e+00, 1.708642919633938106e+00, 1.707187942861259744e+00, 1.334343546711828310e+00, 7.301170460601338341e-01, 8.673301145511820298e-01
2.084000000000000000e+03, 2.211633652082266810e+00, 9.087432891304730864e-01, 1.254332404057625361e+00, 5.829528893772023546e-01, 1.295618847119840655e+00, 9.553354484556541015e-01, 5.683614358423708657e-01, 9.114176523996473378e-01, 1.194541648920474541e+00, 1.150799883324286954e+00, 2.247366967904180779e+00, 2.081264354731918065e+00, 1.549016308618192728e+00, 1.337944907441574571e+00, 7.981327622319295267e-01, 8.055559587548419831e-01
2.085000000000000000e+03, 2.353980052227715447e+00, 7.593755165288333941e-01, 1.249679814462337113e+00, 6.747060314094878164e-01, 1.428309295884043761e+00, 9.350465934229701404e-01, 6.951796564203996942e-01, 7.667289716759865259e-01, 1.216628671100855819e+00, 1.221172095358748155e+00, 2.305516219765216146e+00, 1.840058575837151045e+00, 1.423439455805644238e+00, 1.244031030328576204e+00, 8.313786461875130041e-01, 7.375793042240467168e-01
2.086000000000000000e+03, 2.304508988537299352e+00, 7.320692503876162771e-01, 1.121159880882332649e+00, 5.301468210786648427e-01, 1.410240143438421079e+00, 1.055269124155984839e+00, 7.525115629299944375e-01, 7.667957342391406028e-01, 1.292064265668556811e+00, 1.619987246326293651e+00, 2.452616063980223249e+00, 1.685008733052159924e+00, 1.434929826831346844e+00, 1.266605974276888702e+00, 7.577954185246654761e-01, 8.268157015672265020e-01
2.087000000000000000e+03, 2.348638188682986350e+00, 6.583882411388204403e-01, 9.986511476469587256e-01, 6.042000426311280314e-01, 1.387816947163899250e+00, 7.119304963162105260e-01, 8.006531336361687456e-01, 8.413844417429604539e-01, 1.295767494143448051e+00, 1.258527110758128620e+00, 2.259596339204779980e+00, 1.712474066785224291e+00, 1.407788031444134447e+00, 1.287582504404005457e+00, 7.707208829567510078e-01, 9.382882385302006023e-01
2.088000000000000000e+03, 2.843158311836390340e+00, 7.705586962087344061e-01, 1.189736323735350876e+00, 6.206788088697379191e-01, 1.432210729123131632e+00, 8.916106657439522021e-01, 8.248685660824269794e-01, 7.842417980344890127e-01, 1.188527633691504715e+00, 9.493997118614156960e-01, 2.293729591800819811e+00, 1.711018204779798157e+00, 1.788936876005314147e+00, 1.148737622014007753e+00, 7.819806529388284577e-01, 1.116636180219632291e+00
2.089000000000000000e+03, 2.244728326491350234e+00, 1.058078011055970657e+00, 1.255290402516644921e+00, 5.574234346952655628e-01, 1.575950377654626422e+00, 1.059899939936681745e+00, 7.625905411633643327e-01, 8.587299252876879896e-01, 1.227543546312147571e+00, 1.421821725877339349e+00, 2.230801060101062383e+00, 1.778494386573055364e+00, 1.527294462944212006e+00, 1.258203062546880746e+00, 7.641247332045661977e-01, 9.353322908735544061e-01
2.090000000000000000e+03, 1.996668882459560201e+00, 7.703692798414429888e-01, 9.532564740073209419e-01, 6.114192056024062571e-01, 1.324813352594647942e+00, 9.096071317197881312e-01, 8.488559384627513138e-01, 7.789487109972748069e-01, 1.364198026598741897e+00, 1.333175191936579962e+00, 2.414562124652431141e+00, 1.543416951297897466e+00, 1.572861659889700725e+00, 1.232418996679944367e+00, 6.269280967612550493e-01, 8.625729401468318347e-01
2.091000000000000000e+03, 2.158075242900521218e+00, 1.024786344947953287e+00, 1.039942168796782029e+00, 6.396360888295576919e-01, 1.233557050339619821e+00, 1.090692748445328597e+00, 6.555220335396576559e-01, 8.494387283637753194e-01, 1.173259203861605871e+00, 1.202461107228152137e+00, 2.269737071281646035e+00, 1.656082000638939178e+00, 1.772674827477468407e+00, 1.168785812351277098e+00, 7.636602680818549427e-01, 7.945458475049844704e-01
2.092000000000000000e+03, 2.994962181198253415e+00, 8.134220262038438509e-01, 1.207300151412525224e+00, 5.505356174267632685e-01, 1.346720377977342897e+00, 1.036921874703917501e+00, 6.698654061907657331e-01, 9.688724909015239417e-01, 1.267162216926128293e+00, 1.342369936895587257e+00, 2.251370268908768679e+00, 1.506202757619958366e+00, 1.606296718625096709e+00, 1.255313282940126562e+00, 8.584039898406884417e-01, 7.972021532030025837e-01
2.093000000000000000e+03, 1.845952240706431935e+00, 9.334591037364767807e-01, 9.855277275752803989e-01, 5.724219173988250864e-01, 1.346966217497440832e+00, 8.879758400219432968e-01, 8.622420094553838732e-01, 9.228189198395775339e-01, 1.383080412802724757e+00, 1.348976592686936371e+00, 2.319552135884427102e+00, 1.905003098605524636e+00, 1.769735126207664155e+00, 1.169916679277288596e+00, 7.351427039160703947e-01, 8.008096283528176595e-01
2.094000000000000000e+03, 1.614949877570772019e+00, 1.081847990991929409e+00, 1.254148597738054205e+00, 6.689016367898468207e-01, 1.371106186954825557e+00, 1.186536804737541972e+00, 7.240064287944155685e-01, 7.988698336080359841e-01, 1.239595033289786263e+00, 1.163881135130325539e+00, 2.251619460188500010e+00, 1.744854511924907703e+00, 1.628135755276734375e+00, 1.319304935387401345e+00, 7.430446010292030001e-01, 8.162151428224295735e-01
2.095000000000000000e+03, 2.339290177741953247e+00, 1.043677808221147085e+00, 7.259156534739100719e-01, 5.915745030682533212e-01, 1.312524021077167369e+00, 8.597117132405071027e-01, 7.352359960260157479e-01, 9.161541950411916657e-01, 1.114647657707804607e+00, 1.306170633130438796e+00, 2.200195939989777916e+00, 1.648129645975711099e+00, 1.466970205031449259e+00, 1.283242441406061696e+00, 8.500122629927492346e-01, 7.814391525178796538e-01
2.096000000000000000e+03, 2.820259558073681116e+00, 7.062163338517613020e-01, 1.050158124070094567e+00, 5.780945724096330229e-01, 1.409850430925614129e+00, 8.202288839886212601e-01, 7.454663423904667185e-01, 9.629346952383751601e-01, 1.105641903335444320e+00, 1.136045610776129422e+00, 2.228016645041208665e+00, 1.562149193669531311e+00, 1.421142692081240666e+00, 1.284154311080003774e+00, 7.918847847226525571e-01, 7.699441540699965003e-01
2.097000000000000000e+03, 2.984280873717513494e+00, 6.923705926035035318e-01, 1.143969185916934750e+00, 6.169066881239905209e-01, 1.472423172727545415e+00, 1.212954360573878620e+00, 6.642003761639380111e-01, 9.746374625954700166e-01, 1.320160783934030579e+00, 1.020870243717051151e+00, 2.242520366971366919e+00, 1.654169611104666648e+00, 1.804991408195779856e+00, 1.284572011872519903e+00, 7.817302337532540113e-01, 7.821730189492693830e-01
2.098000000000000000e+03, 1.797050140707095567e+00, 8.213249018420524239e-01, 1.145497425011450021e+00, 6.296358982283087879e-01, 1.439421403958553780e+00, 9.924416367482251644e-01, 6.666692620350039844e-01, 7.860120062576828603e-01, 1.240060813828331554e+00, 1.245283295254789424e+00, 2.249026089469233103e+00, 1.656935768506478057e+00, 1.530130091293633088e+00, 1.220414112574756071e+00, 6.991289617371259091e-01, 8.194296407765365720e-01
2.099000000000000000e+03, 1.820296871033652897e+00, 8.085003954101246393e-01, 1.213161251845054522e+00, 5.866526008286390148e-01, 1.261400639889319386e+00, 7.366027897225012611e-01, 6.703066637284642582e-01, 8.066934684542450551e-01, 1.343504731079993686e+00, 1.360397292514813339e+00, 2.246589892956989409e+00, 1.792076212321557227e+00, 1.613791851471968686e+00, 1.120487115680141033e+00, 7.304695122912581162e-01, 8.931083486306212738e-01
2.100000000000000000e+03, 2.207359627561312987e+00, 8.144417731080179079e-01, 9.229842636357518115e-01, 5.590088515547617654e-01, 1.243036020118143847e+00, 8.597907601026473223e-01, 6.515880258048409868e-01, 8.953432959540688074e-01, 1.289793973430572782e+00, 1.103027298021717506e+00, 2.303140732800305290e+00, 1.586084607835603233e+00, 1.590366519277011559e+00, 1.166655339645284339e+00, 7.561746251056012946e-01, 7.967622960055792403e-01
