year, UKESM1-0-LL, MPI-ESM1-2-LR, NorESM2-MM, CanESM5, CESM2-WACCM, INM-CM4-8, GFDL-ESM4, INM-CM5-0, CNRM-ESM2-1, CMCC-CM2-SR5, NorESM2-LM, TaiESM1, MIROC-ES2L, EC-Earth3-Veg, IPSL-CM6A-LR, ACCESS-ESM1-5
1.850000000000000000e+03, 2.419829622540824732e-01, 8.941677086096047611e-02, -1.609463961214871452e-01, -1.940702542861367785e-01, -1.283930710669883568e-01, -6.628419579682176543e-02, 6.826177959218847346e-02, -2.200958847164071197e-01, 2.937520944942187753e-02, -1.734009233863453014e-01, 3.952517709210814911e-02, 4.230452869469070176e-02, -2.255314902385626916e-02, 2.271371142188726433e-01, 1.751209385783909778e-02, 1.353971979555249061e-01
1.851000000000000000e+03, -1.152261387442517354e-01, 1.788120556349455659e-01, -1.283575157524841776e-02, 9.141233357756589628e-02, 5.678287143123883496e-02, -5.072079823367536822e-02, -1.024321881511825322e-01, 1.104071224551225888e-01, -3.257997144356428176e-02, 2.511220174441518016e-01, 1.128118024807067826e-01, -1.658320314976791943e-01, 7.328373599558418543e-03, -1.465846065526539010e-01, 1.153977415538916034e-03, 1.735629436028467698e-01
1.852000000000000000e+03, 8.796487516741396950e-02, -2.620593463276730817e-01, 7.999393144313693416e-02, 1.691242763157721485e-01, 2.198529824208847183e-01, -1.215535868331140551e-01, -9.352590422580323026e-02, 2.184834795499778215e-01, -1.562227101131004195e-03, 7.078195068507515952e-02, -1.015523243643991491e-01, 2.507065010791386106e-01, -4.730543915929098786e-02, -3.837857665212200398e-01, -7.971224380851073266e-02, 3.738155258949391047e-02
1.853000000000000000e+03, -1.757612286402860380e-01, 5.806717541539598015e-02, -9.740045818189752014e-02, -8.242362730819204064e-02, 7.985506892037651239e-02, 1.550830348612196874e-01, -4.579669829275163223e-02, 4.054162467142284620e-02, -4.088805404033531155e-02, -8.433425012271258958e-02, 3.515812974326551488e-02, -2.769757219279212479e-01, -3.567514994344471446e-02, 1.400912934534067067e-01, -9.056614841010650341e-02, -8.692013450253742446e-02
1.854000000000000000e+03, -1.568149615341399017e-01, -1.362948586015866603e-01, -5.843212336034104420e-02, -1.105049472544620548e-01, -1.205999753363836031e-02, 7.674826180228543071e-02, -2.492503132843470748e-01, -7.860896415253230268e-03, -2.688760107613196587e-02, -2.150374187394097913e-01, -2.576296973106995680e-01, 4.753249779487964122e-02, -7.905926185507927695e-02, -1.312782143270985712e-02, 1.009456344423237699e-03, 3.005969481448252795e-02
1.855000000000000000e+03, 2.302894516340256714e-01, 2.315445594998912227e-01, -6.167993191954462828e-02, -1.178890310585274936e-01, -8.640395491514614446e-02, 2.411022174872355928e-01, -5.232266858386364072e-02, 1.612059326361720557e-01, -8.775487666267686726e-02, 2.806559953479891290e-01, -1.173035012736412808e-01, 1.074823830447797432e-02, -8.359810117841046107e-02, 1.321513556754485563e-01, 4.694731987691788677e-02, -4.512070924659031257e-02
1.856000000000000000e+03, -8.906302103038801071e-03, 6.286967160331104199e-02, 7.024845704170626370e-02, 7.780915999447934883e-02, -2.591767407966763526e-01, -4.138538338374895035e-04, 1.393749556536177103e-01, 1.060024289296758737e-01, -3.288333350024413154e-02, 2.922615878218643229e-02, 9.508445445626538539e-02, 3.108375128487265993e-02, -1.503321517946095906e-02, -1.469296119987078264e-01, 1.268258004212367562e-01, 1.522953768377390826e-01
1.857000000000000000e+03, -3.056707810222760932e-02, 3.458375872930965350e-02, 1.285228564944762841e-01, 7.551443479336114595e-02, -2.805647613854577171e-01, 2.077854243765207276e-01, -4.117092841347048948e-02, 1.699463178509971195e-01, 6.901316419615696751e-02, 8.762251500156990891e-02, 6.209304019374595890e-02, -7.471003959494529334e-02, 4.596400545982342462e-02, 2.185066976405616035e-01, -7.431065533758474118e-02, -2.396713172995130342e-02
1.858000000000000000e+03, 2.679864069550094100e-03, 3.196184664073811049e-02, -1.022651403314489282e-01, -1.311165099136853973e-01, -1.125019396003384547e-01, -6.984104518677569651e-02, -9.971763628978194682e-02, -1.122451945798310230e-01, -9.996988732244614650e-02, 1.675637955372102916e-01, -1.510786915191755786e-01, -1.301058634288436988e-01, -1.566103072822611353e-01, -6.714345533917044639e-02, -5.295746475793734059e-02, 2.294086297445139047e-02
1.859000000000000000e+03, -1.091338783059440098e-01, 1.199542685369817535e-01, -2.710697307218368213e-01, -8.832611984052487694e-03, -1.188936425605686617e-02, 5.374040976093975158e-02, -9.480471148897488820e-03, 9.614994264143100766e-02, 1.232604535168024679e-01, 1.138094180718468434e-01, -2.160352491296595734e-01, 1.426119009918499492e-01, -2.313670380542793836e-01, 1.020866268164782736e-01, 4.776710716529986717e-02, 9.145818154489453178e-02
1.860000000000000000e+03, 3.249678674523565625e-01, -1.408900229716970320e-01, -2.356457495836543625e-01, -4.238941342352026131e-02, -1.089445834111906278e-02, 1.102075535542345747e-01, 2.554018659768955146e-01, 1.730037381953868081e-01, -1.806022810644877102e-02, -1.990763316338806446e-02, 1.186775992082299003e-01, -1.413477783284296241e-01, -7.564515621702749826e-02, -5.420653624465872344e-02, 6.322124133540331370e-02, -4.695750798824409322e-02
1.861000000000000000e+03, -1.593009325242925045e-01, 2.860580161965562904e-02, -7.625693746829426134e-02, 2.423970390996512889e-02, 6.562777473551695273e-02, -4.923756241240428294e-02, -2.109906714295523567e-01, 1.202318884425080947e-01, -1.434298755911189160e-01, -6.675835885224994104e-02, 9.068378265640636426e-02, -3.388021396659015270e-03, -1.355346280621849142e-01, -1.019665008171005971e-01, -9.239387074549962331e-02, -1.755125935047783803e-01
1.862000000000000000e+03, 7.126228786324129150e-02, -9.672228256515992550e-02, 1.491731508017116702e-02, 5.777509648254535585e-02, -3.872514599927083349e-03, 1.841877023963201243e-01, -1.753976205907709085e-01, 5.359755641026426459e-02, -9.542966889661776142e-02, 2.955876298978307171e-01, 5.668023543341940695e-02, 4.532163095212701082e-02, -6.758167137288249166e-03, -6.830377971766413148e-02, 5.665607852201203290e-03, -3.220100923178509378e-02
1.863000000000000000e+03, 9.631589166178433636e-02, 8.067277591832708317e-02, 3.030346413218852272e-02, -1.241725053632158774e-03, -7.771059766303073379e-02, 2.358733489827707919e-01, 3.630690917284467439e-02, -1.137591032840682276e-01, 1.715907680562613752e-02, 1.059721505428640048e-01, -2.150760014372163631e-01, -1.564354082289042269e-01, 5.526851666174294186e-02, 5.733251965147569823e-02, 6.261259169759075816e-02, 8.162436533985083231e-02
1.864000000000000000e+03, -7.230979085368902104e-02, -6.376619921681235537e-02, 7.714147428776880512e-03, 9.626289550780374460e-02, -8.358440876036825340e-02, 3.099384981123985416e-01, 7.369406919433099667e-02, 1.683740613855075341e-01, 7.173049861934528704e-02, 3.259964949976724286e-02, -1.536758040260129687e-01, -4.413420206683522223e-02, -3.926901707991348710e-03, -5.260499720363153754e-04, 7.673818125934113443e-02, 1.066305305073896870e-01
1.865000000000000000e+03, 1.061712380546204898e-01, 6.459363105280964412e-02, -2.485376017059311160e-01, 8.882322679799015130e-02, -1.749331977707253294e-01, 1.138908762997314500e-01, -6.320934670427122426e-02, 1.498695031014434798e-01, -6.570663918492733457e-02, 1.031879816859711946e-01, -1.230705654117215803e-01, 1.245225907412594035e-01, -3.492668616611883936e-02, -9.789494132751747069e-02, -3.360013877448970315e-02, 9.464789712698816471e-02
1.866000000000000000e+03, -8.757931272812050083e-02, 3.862991642287818411e-02, 8.277844266579658869e-03, 4.555345622868496591e-02, 3.106510144300740281e-02, 1.243254771495007488e-01, -1.426030599252662845e-01, 1.405831028365894624e-02, 1.256361454651376275e-01, -5.903581935413682036e-02, -2.131551493444559797e-02, -8.483113848941330193e-02, 3.264146091774573766e-02, -3.243946647722196763e-01, 3.363784549033158738e-02, 8.841446816531016439e-02
1.867000000000000000e+03, 8.700766322584782553e-02, 2.368469323941788662e-01, -9.645284879161008379e-03, -1.048855381953913701e-01, 9.152966144786625624e-02, -1.851332796415515805e-02, 5.762817656461423355e-02, 1.041976185550733125e-01, 5.190662489945846447e-02, -1.802220787502952382e-03, -2.703734633450809513e-02, -7.190426662136632785e-02, -1.270509907422057378e-03, 1.508303277835517375e-01, -7.429373843704793756e-02, 2.324573017859951629e-02
1.868000000000000000e+03, 6.459313583687885732e-03, 1.876495573573540854e-01, -8.176918952505575489e-02, -2.024959591199814932e-02, -1.572017039165134189e-01, 8.697057975035202282e-02, -7.898436070026816636e-02, -4.612792509436031141e-02, 2.330638264388786712e-02, 1.343238424662592141e-02, -8.262118785791672249e-02, 2.298243180243556352e-03, 7.622824419280162939e-03, 1.259406906695219874e-01, 4.864738100202044974e-02, 1.031452460058515930e-01
1.869000000000000000e+03, -7.486198896225831900e-02, 7.001720247084750048e-02, -8.851955663422211851e-02, 3.002496544577470255e-02, -9.758581868622800970e-02, 2.719282424928102793e-01, -5.257448866391268433e-02, 7.529012396312259603e-02, -9.748883150972803557e-02, 2.594457905838981060e-01, -2.726759875473895867e-01, -2.181326924269286205e-01, -1.138119762758929565e-01, 2.423805237248216338e-01, 4.590806330887757525e-02, 1.339927142896985279e-01
1.870000000000000000e+03, -8.564429740459778007e-02, -1.881608740679889258e-01, -1.312350763691137777e-04, -3.961557708275022932e-02, -1.171947954470477782e-01, -2.660832808727776194e-02, 5.639733011732744189e-02, 5.100858162929588352e-02, -1.984187443915157861e-02, 7.972776320053598376e-02, -1.187237835868605179e-01, 5.406599371868223841e-02, -4.012180807740756139e-02, -1.206645757126254825e-01, 6.576244795450436609e-03, 1.484516815971086701e-01
1.871000000000000000e+03, 3.196651127191669217e-01, 1.404765296924491147e-01, 4.606720643066514187e-02, 1.058963055799251596e-01, -1.055135476370132053e-01, -5.605049077132519264e-02, 8.122759174193716625e-02, 1.152802288047582030e-01, 1.037713835105103788e-01, 2.633017782404641904e-01, -9.112904720590005170e-02, 2.671998948098240345e-01, -8.650052720110688875e-02, -2.824142349117480036e-02, 1.044561259451104625e-02, 6.041525375964224703e-02
1.872000000000000000e+03, -1.402694286599009618e-02, 1.441562762790050689e-01, 1.014963587502382657e-02, 1.155760619980942955e-01, 5.989010072258266898e-02, 1.295134343994412129e-01, 2.449473011758598537e-02, 2.959065747552023021e-02, -5.522350560669694354e-03, -6.396370119153566014e-02, -1.504836692523883745e-01, -3.803232938874164248e-01, 2.432622508790586655e-02, 5.399062968763632120e-02, -2.100560989782586374e-02, 6.893197680633873781e-02
1.873000000000000000e+03, 1.411798366049979714e-01, -1.961632700571989962e-02, -3.310663496332321570e-02, -3.481735745651267505e-02, -1.388237383320804416e-02, 1.946808695236024733e-01, 7.470695547257708014e-02, -1.824122978360977754e-01, -5.688335243584427547e-02, -2.640998110426648893e-01, 1.333125975015878213e-02, -1.554520230672970793e-01, 4.527599810603485930e-02, 2.574231713432028057e-01, -1.048242058286724676e-02, 1.005705812591433518e-01
1.874000000000000000e+03, 1.816809526902243843e-01, -4.267569477887408341e-02, -5.957538340529174026e-02, 5.205048073875635783e-02, 5.697736866537746886e-02, -1.690675872913790234e-01, -1.195379063562551497e-01, 3.213606660142204197e-02, 1.539744082628696220e-01, 3.387632491647307176e-01, 2.524838480580911607e-02, 3.141837090489486561e-01, -5.654544712215132246e-02, -1.646830014654739882e-01, 2.263520547485000679e-03, 1.163932698721065195e-01
1.875000000000000000e+03, -1.804470446079835602e-02, 5.608963236158282656e-02, -9.279572400678939501e-03, 2.936078856541167736e-01, 8.113553954297290927e-02, -2.209965885742910460e-02, 1.584007706263224069e-02, 3.517760619944080430e-02, 2.831827426068885337e-03, -3.433787089918201307e-02, 6.632476980864880634e-02, -2.584171180325274819e-01, -4.166332642229114702e-02, 1.855278156757210195e-01, 9.690515767208891795e-02, 4.432530116458376079e-02
1.876000000000000000e+03, 2.653923608688464886e-01, -1.351992263197105415e-01, -4.070418937394380127e-03, -5.793187871434014348e-03, -1.336062223730538623e-01, 1.262215003086503140e-01, -6.892777156822918472e-02, 1.905208495390160739e-01, -8.431107362796751159e-02, 1.173851370914563430e-01, 6.842552369178996063e-02, -5.959819510397978276e-02, -1.086942899780209693e-01, 1.739172498960065982e-01, -5.028884679693523124e-02, 1.715553022546178683e-02
1.877000000000000000e+03, -7.973876063801105252e-02, -5.776426422226762537e-03, 1.857421273874515152e-02, 2.318428401329721555e-01, -1.195947433326548584e-02, 2.590699282183386160e-02, -7.945102068984649657e-02, 1.196549240826919047e-03, 1.361568683188704998e-01, 2.183864069446467548e-01, 1.210241114924579947e-01, 8.233848339675922667e-02, 3.471454904202742747e-02, 7.254162757322607513e-02, -7.026648489983620960e-02, 1.201251157243519024e-01
1.878000000000000000e+03, -8.875028514797182744e-02, 4.898919237283740069e-02, 1.101775553248123679e-01, -1.795373762726282588e-02, 4.233363421506888824e-02, -1.573254671512848424e-02, 1.008951101951748031e-01, 4.669410486663207877e-02, 9.295126993843658147e-02, 6.972324252212633300e-02, 1.428990387550844454e-01, -1.732695878047930405e-01, 9.031715801017310696e-02, -1.460817518841014684e-01, -6.938118672414468786e-03, 1.700916184307390278e-01
1.879000000000000000e+03, -2.370580534148376134e-02, -5.016791849614026660e-02, -1.281626696320527226e-01, -2.882307243398603974e-02, -1.129298899112364390e-01, 3.927507252887733197e-02, -1.252216480005167443e-01, 2.160889304791138443e-01, 4.359831307881267826e-02, 1.311373411471199735e-01, -2.645915709150389317e-01, -2.738737611921860521e-02, -2.143507025616435760e-02, 2.257890296875892516e-02, 1.062169936633436916e-02, 1.661205101673438600e-01
1.880000000000000000e+03, 1.970383404766333502e-02, -4.001698165255385825e-02, -2.709438989008786536e-03, -9.005322288136735631e-02, 2.950493971929044057e-02, -6.867650157968002711e-02, 8.014922118824106823e-02, 6.207387752545635851e-02, -1.386497790057132466e-02, 9.391206876079198152e-04, -9.683742825730487502e-02, 9.848270356669751313e-02, -2.097366297153534231e-01, -4.517409040129923004e-02, 8.208761199600786429e-02, 1.865040967385694221e-02
1.881000000000000000e+03, 1.314020551374504575e-01, 1.391583770314752388e-01, -1.319139401719129079e-01, -5.435972608568844650e-02, -3.211246395643203855e-02, -1.106281279261509126e-01, 1.313422562709971597e-01, 8.225214500371090531e-02, -2.139088558359748815e-02, -4.208701134410169908e-01, -1.080240600171830795e-01, -2.138651059718142677e-01, 8.285802382057562421e-02, 1.641271216441707592e-01, 1.246478643805524165e-02, 1.239763152941481400e-01
1.882000000000000000e+03, 1.688954265993862502e-01, 1.112904228889894515e-01, -7.011869404631033975e-02, 8.123676899596084244e-02, -2.270963506969085055e-01, 2.408455876119162259e-02, -2.416271732875512404e-02, 1.960002422423010315e-01, -7.738894370376357690e-02, 1.773551528547092082e-01, -4.022572058660501410e-02, 5.940240980759003975e-02, -1.655970347095421166e-02, 1.618111960805727334e-01, 7.805660251033423071e-03, 1.948722366115325233e-01
1.883000000000000000e+03, 2.679479415784840821e-02, -1.106238337656825256e-02, 2.471304096987986948e-02, 1.403809106126717166e-01, -1.106490670199029580e-01, 3.369203181891876342e-02, -3.228113540626452727e-01, -4.352964510448973506e-02, 1.330853978791022851e-01, 6.398621686281554810e-01, 1.984897365885920084e-01, 2.367141872766087285e-01, 4.018608043731947826e-02, -2.171428822306584461e-01, 8.911264708712206273e-02, 8.055619521401945204e-02
1.884000000000000000e+03, 7.709733492837081426e-02, 7.627015926517011213e-02, 8.353081952362025053e-02, 2.850784925208503517e-02, 1.153452677978957785e-01, 3.779306364631782600e-01, -1.921681208181336923e-03, 3.828316656296816278e-01, -4.542057639000211637e-03, -4.249202644921508121e-01, 4.809135496083274258e-02, -1.699916087971299894e-01, -2.142201786927475787e-02, 2.878307762820829230e-01, 1.707086789543625378e-03, 1.741672024973722477e-01
1.885000000000000000e+03, 1.206324219551746929e-01, 1.256895383230227092e-01, 1.220448407240849603e-01, 4.315478702579459563e-02, -1.489245467978655424e-01, 1.456917063356955588e-01, -4.533383002857574451e-01, -1.065758510237916484e-01, 1.837710098623997201e-01, -4.527339473987979090e-01, 2.572960809024605472e-02, 7.017384390371714763e-03, 2.315200485428237434e-02, -2.842576338052823504e-01, -4.768340905453921641e-02, 2.772700905444841490e-01
1.886000000000000000e+03, -5.444283658139308958e-03, -2.150464366741006716e-01, 5.590599330484576079e-02, -8.991657702477479086e-03, 4.071818757157862761e-02, -3.259060166536843772e-02, -6.461212232909654962e-02, 1.646993696403654950e-01, 6.003006049039644187e-02, 2.205775844578241884e-01, -7.548804059860977911e-02, 1.649101273576246418e-01, 2.961789792809639554e-02, -9.476026421781146014e-02, 8.205638927025217522e-02, 2.327053751838879525e-01
1.887000000000000000e+03, -8.661698732356229447e-02, 3.260218390839997316e-01, 6.079329253941525429e-02, -9.600822237337448828e-02, -2.008149941144330430e-01, 5.262396663626686677e-02, 7.881927023287171874e-02, 1.385949558224598144e-01, -7.996285235239238010e-02, 4.299136124177823648e-01, -7.344369788815120759e-02, -1.854932395968631742e-01, 9.670810296914543469e-02, 2.220646281683878731e-01, 2.608830416351948234e-02, -1.955622385967864182e-02
1.888000000000000000e+03, 2.642609143931249835e-02, 1.694979803709334154e-01, -1.097355685735589420e-01, -7.572330662101939280e-02, 1.496746748437690067e-01, 1.282093666187145674e-02, -6.355293929333551139e-02, -2.663420640077531973e-02, -4.185141658446405594e-02, -1.188568111273484579e-01, 1.683713350552445281e-02, 4.251262136925652857e-02, 3.679472557071680056e-02, 1.774731649359026220e-01, 1.045299325772647420e-01, 9.940220855990612725e-02
1.889000000000000000e+03, 5.367319659096489448e-02, -2.645082055836190937e-01, 6.979050939942886556e-02, 1.258591774274260000e-01, 4.310586235352303203e-02, 4.045760766182911194e-02, 1.163172864163078274e-01, 1.479635036572353735e-01, 1.282348858561176974e-01, -7.473571248491460428e-02, 1.278002423371278340e-01, 1.811478070383268635e-01, 2.152541449854792829e-02, -8.143722361835280255e-02, -2.316425977484672105e-02, 1.081553198439676317e-01
1.890000000000000000e+03, 9.716693331621675811e-02, -1.438736461843011516e-01, 1.220277799838278693e-01, 1.397789997568546216e-01, -3.851096722516202109e-02, 3.836031964550252332e-02, -1.261742012779898670e-01, 2.747404933447663566e-01, 1.785942778587763097e-02, 1.614917668595573508e-01, -1.111456646970855056e-01, -1.508918414665471053e-01, -7.086762091181797452e-02, -1.824352566451017954e-01, 7.091556747072971789e-02, 3.689708144054371086e-02
1.891000000000000000e+03, 2.485515167779430712e-01, 1.672446397101849669e-01, -1.141906169325998949e-01, 2.840253317300050345e-02, 3.619233558170988074e-02, 3.482045930222113506e-01, -3.558177533338829218e-02, 1.945368467818025249e-01, 9.982991759725305669e-02, 2.238379669769573477e-01, -1.957033597672526160e-01, -1.394824455619201875e-01, 1.002241948269366051e-01, 2.414428252845437217e-01, 3.098778939116435260e-02, 1.191873419921564009e-01
1.892000000000000000e+03, -3.783593670773691131e-01, 7.459106758414459082e-02, -1.754544464311454111e-01, -3.960038184312772436e-02, 6.059851576458014782e-02, -1.144133659693553212e-01, 4.888552569739491177e-02, 1.748730645102460624e-01, 1.098572232350990135e-01, -1.536896693653303503e-01, 9.294485974478330914e-02, 2.125340572515118376e-01, 9.816888281550461073e-03, -3.424393142512706101e-01, -7.458226148785961074e-02, 1.615349182434403508e-01
1.893000000000000000e+03, 3.887164714013924272e-02, 1.291336229126214818e-01, -6.480196906711002680e-02, 1.083720441807680714e-02, -2.502292891501564295e-02, -1.215428096638528355e-01, -1.889163793890156207e-01, 8.429690993717951775e-03, -4.066307114329493697e-03, -3.046390863657704728e-01, 8.740797143183348661e-02, -1.992627253585947111e-01, 2.597734431244927769e-02, 4.887246865990294703e-02, 2.492836608091152789e-02, 8.406616452000681416e-02
1.894000000000000000e+03, 1.858244334849483981e-01, 8.405765886679002208e-02, 1.701982264756673330e-02, 6.102157675854759378e-02, -2.647269174638193778e-01, 2.161183978587211674e-01, 2.111072562762718874e-01, -3.371834507633256900e-02, 7.854301786387613005e-02, 3.948117518607010545e-01, -5.454282854222879812e-02, -9.504982206877711504e-02, -6.060775019317111295e-02, 5.592283786987956029e-02, -2.259167924311185696e-02, 1.079926746227177214e-01
1.895000000000000000e+03, 5.395794292936876430e-02, 1.303455226031506875e-01, -1.549209755565085500e-01, -1.600751230154381921e-01, -1.276429067520820360e-01, 1.118092422868509073e-01, 1.203730350887739775e-02, 1.716486633921260885e-01, 1.691864694485197829e-01, 8.845312429731504167e-02, -2.874088715488039986e-02, 1.101535131089536601e-01, 1.430410697125420461e-01, -4.203525877293787238e-01, 1.684302904713238028e-02, 7.868721023641146728e-02
1.896000000000000000e+03, 1.108452333401141188e-01, -2.234667249489404317e-01, -1.382642621758887747e-01, -1.540338588059932817e-02, -4.563516530960816386e-02, 1.468148304324188580e-01, -9.385075742945442334e-02, -2.986971447719355410e-01, 3.372288130805620177e-02, 4.866533188373715207e-02, 7.922421609666456532e-02, 2.421986208612854075e-01, 7.278660847922693855e-02, -3.454814064822154251e-01, 6.965295482645117442e-02, 9.592215353762748031e-02
1.897000000000000000e+03, 9.865530130494923333e-02, 2.408357373316875327e-01, -7.874777536194479954e-02, -3.709875885928160671e-02, 9.945249183992405095e-02, 1.745144716315929767e-01, 1.060331396675456284e-01, 1.142799825140138927e-02, -1.124011336189723598e-01, 1.502621815958775642e-01, -4.766851449783406774e-02, -1.838627219742006158e-01, -1.405180838071384553e-01, 3.644421186045427308e-01, 6.006592473291458983e-02, 1.983293869894054984e-01
1.898000000000000000e+03, -1.953022648980778930e-02, 1.354958304027706617e-01, 1.646923635743901548e-01, 2.225443373773880740e-01, -3.198038501943335776e-02, 1.297375219984036043e-01, 7.993796798706617746e-02, 1.336474989074342146e-01, 1.798946343901218770e-01, 1.656496930880162199e-02, 2.752719852890765651e-02, -1.632347908492228217e-01, 1.265561916970952827e-01, 5.384815941095710823e-02, 6.264584169142248249e-02, 7.284521140282247675e-02
1.899000000000000000e+03, 3.759124457859301660e-02, -1.218541244542021701e-01, 2.736467290200341601e-02, -6.681513216843046332e-02, 1.504911490517038541e-01, -2.614230871300812428e-02, -3.776225736876380745e-01, 1.294004373090465454e-01, 1.621151532359365460e-02, 8.005306999548740532e-02, -2.021397998538618582e-02, -1.386068634171616631e-01, -1.610639121191009349e-03, -1.641702683767295723e-01, -7.575679910834207109e-02, -6.955655553801864954e-02
1.900000000000000000e+03, 1.442176183107240772e-01, 1.508830886187743359e-01, 3.094784760596177783e-02, 1.775990215647063608e-02, 9.801157107361652132e-02, 1.652635230570300984e-01, -9.690430646993128394e-02, 1.463582416093535008e-03, -5.990100392370005522e-02, -4.711013939167611048e-02, 1.290464898572417640e-01, 5.004849629065473426e-02, -6.376517438353170031e-02, 1.496511823459884816e-01, -5.372028008741983052e-02, 1.141547002197852989e-01
1.901000000000000000e+03, -3.798797173065232308e-03, -1.533483182573864845e-01, -9.036079204092400952e-02, 1.940671107898022107e-01, -1.811376894280984085e-01, 2.544940246483419211e-01, -1.799209480856195642e-01, -1.651591342520396244e-01, 3.165369539321360309e-02, 5.093990634312177412e-02, -8.273717287862535769e-03, -6.981308983246854727e-02, -1.165522258606455086e-02, -3.881150490113424723e-01, 4.710954497204814656e-02, 4.507954774358081257e-02
1.902000000000000000e+03, 1.801776386924546225e-01, -8.742965115232789741e-02, -1.112553828600835043e-01, 1.848880730457661686e-02, -3.682118848191680976e-02, 1.216514379728641515e-01, 9.397494471841180697e-02, -1.249604159190225577e-01, 3.473410272098999968e-02, 2.009534309678145114e-01, 8.811801261165821963e-02, 8.473904965390932631e-02, -6.917778187594186834e-02, -3.983864074728561966e-01, 6.400782721406991782e-02, 1.462630123499400747e-01
1.903000000000000000e+03, -8.284862324469526029e-02, 2.629138383153621986e-02, -2.128024798248319763e-02, -2.887490714608543022e-02, 1.372761597728918703e-01, 4.376051872657615305e-01, -7.914575660536826707e-02, 2.250843710089977523e-01, -6.705849217361938008e-02, 3.174093029323134252e-02, -2.104534076180774871e-01, -9.825386915506645336e-02, 1.137094990708040487e-01, 3.564564572511222940e-01, -3.505894836628459243e-02, 9.510325688067386429e-02
1.904000000000000000e+03, 1.594299822021637558e-01, -7.626999459850004881e-02, -5.511569773675040196e-02, -1.001109370832292400e-01, -1.637344556863837286e-01, 7.603804175341137561e-02, -3.514878331865950445e-01, 9.273612224127240899e-02, 5.406550685078243684e-02, 2.959485673866398339e-02, -2.454944540779191720e-01, -5.430787765248509813e-02, -6.935977014623376236e-02, 2.755088583713330430e-01, -1.496910450596492803e-01, 1.614882765603255221e-01
1.905000000000000000e+03, -1.294394014283233585e-01, 2.815974915034233361e-01, -1.650807366337373860e-03, 8.895592854906972380e-03, 5.824192720441913329e-02, -1.206645315807835656e-01, 1.183469295630905915e-01, -5.973414321743998612e-02, -5.374441589926652434e-03, 3.454125862515299711e-02, -6.255607237268183407e-02, -5.772365828239846286e-02, -1.411635237392836195e-01, -4.640319319518884100e-01, 1.246777156041185691e-01, 7.264608823353464924e-03
1.906000000000000000e+03, -6.030037481444208008e-02, -2.223974180924000524e-02, 6.493964768077860328e-02, 8.981682829648050814e-02, -1.896794210517852020e-02, 2.489757823735069542e-01, -2.274079895086149050e-01, -1.479161998281010582e-01, 1.143128861297301457e-01, 3.124399863993554405e-01, 5.509581849367341938e-02, -2.805428925591034808e-02, -2.938186104167233442e-02, 1.112828645261833005e-01, -1.500767714292635877e-02, 1.579328542339606123e-01
1.907000000000000000e+03, 1.171922846365799770e-01, 1.544179874553529286e-01, 1.843226952059732193e-01, 7.705810433472261300e-02, 9.157346670903417085e-02, 1.514840772134497526e-01, 1.369597103513382486e-01, 8.462171219442085612e-02, 9.322377774637280456e-02, 2.260383809397251489e-02, 9.951782022827229679e-02, -2.208629368629470846e-01, -1.612311921789524038e-01, 1.100331803726987412e-01, 5.057465514270236689e-02, 1.254624055376891700e-01
1.908000000000000000e+03, 1.393621332846395333e-02, 1.655747959483912235e-01, 8.645268633711049311e-02, -8.909046525044526932e-02, -3.347500939455589491e-02, 1.037470815536123692e-01, 1.056441608223956663e-01, -1.869092210385879527e-02, 1.057152594781280430e-01, -1.057317654004660545e-01, 1.398823335189866846e-01, 5.131444025847477913e-02, -1.039485085595745345e-01, 8.766987467315846827e-02, 6.501730591403574733e-02, 2.284092218373362862e-02
1.909000000000000000e+03, -1.274031813492662868e-01, 2.601353447605334740e-02, 7.914411077538476003e-02, -1.403148955783318497e-01, -6.106224222519633649e-02, 3.969409993435380618e-02, -1.949024611565569609e-01, -5.476606251063869529e-02, 1.229138201898183520e-02, -1.074140130137047067e-01, -1.914795230363725703e-02, -1.098235800674747693e-02, 8.121040753283093397e-03, -2.137675338394362870e-02, 1.185647773572343945e-02, 1.036718746781907924e-01
1.910000000000000000e+03, -4.475220475505149731e-02, -7.155365064128609009e-02, 3.693481049365568425e-02, -4.517532698286563092e-02, -1.252184020167435852e-01, -8.483662672361058643e-03, -2.184221839406219889e-01, 2.210468255594797982e-01, 1.011598915818180400e-01, 8.693516524894989717e-02, -1.290197720265679748e-01, -7.759757477764037473e-03, 6.496907163491125181e-02, 1.169498134517674981e-01, 1.988509243646748373e-02, 7.547974810020958991e-02
1.911000000000000000e+03, 1.275684552261709681e-01, -1.997487467856418619e-01, -4.559291518019405187e-02, -1.298742000744636249e-01, -6.550859056974142614e-02, 1.045867720203423334e-01, 5.437057095597734591e-02, 2.212427390368646163e-01, 3.645085551483014802e-02, 1.237105268189507418e-01, -6.703668823816233413e-02, 5.482971054988550197e-02, -1.333751561407886810e-01, -2.055338910190240009e-01, 9.738457606171779801e-02, -3.310952117796554448e-03
1.912000000000000000e+03, -2.100140678681421402e-01, -1.600657465704723864e-02, -1.610597249294650202e-01, -3.995196294430970740e-02, -6.917984252867058481e-02, 4.618849303447497001e-01, 1.807544713020984573e-01, 5.694590106495530657e-01, 2.426579265997698062e-02, 1.756695333830420314e-01, -1.668392431180644175e-01, 9.096416379968030874e-02, 8.064400440649928392e-02, 2.712242353382646881e-02, 2.073762789497368697e-02, 6.575033677615722827e-02
1.913000000000000000e+03, 1.921997898377450220e-01, 1.294772910519370879e-01, -1.076049945563532506e-01, 7.706875653636614809e-02, 2.807957164368594591e-02, 1.971175408506333493e-01, -1.033752235406497494e-01, 3.639460986710401080e-01, 1.180684581771326569e-01, 1.441444592280398673e-01, -9.208150836547421628e-03, -2.537322872102108495e-01, -5.250074469672461747e-02, -1.684660651490162966e-03, -9.380747048256775356e-02, 7.656892300346421210e-02
1.914000000000000000e+03, -1.124380768598725738e-01, 1.524662388935397184e-01, 4.494542155988057869e-02, 8.037224961690213332e-02, 5.041623067231183059e-02, 6.326148935955056007e-02, -8.584670585236731100e-02, 1.937104097008087722e-01, -1.823656249452584519e-02, -1.022613180199416494e-01, -6.109291217839796923e-02, 7.610597933169041540e-02, -1.179974556618477582e-01, 1.062258438951626666e-01, 4.937338323329337753e-02, 1.523698897755972233e-02
1.915000000000000000e+03, 5.204654828480888978e-02, -1.911372671637366627e-01, 8.103542048097199524e-02, -5.135719374648262114e-02, 2.103877254650315595e-02, 7.558333440615251642e-02, -6.591598989911419404e-02, -2.055571954792660260e-03, 1.843740560931202976e-01, 1.366319364075573028e-01, -6.637326539707577057e-03, -1.113308460602402267e-01, -1.652889301221861784e-02, 9.969524140791545530e-03, -6.028114345387414197e-02, 5.610263200628579083e-02
1.916000000000000000e+03, -1.499514207988423276e-01, 1.491644227453163551e-01, 2.279043663869587677e-01, 1.166652233891047382e-03, -9.357321029521570299e-02, 1.407360548005934242e-01, 4.481121852140934614e-02, -4.975136538843306228e-02, 4.785851196819954773e-02, -3.688023559856100642e-01, -9.893836899225894044e-02, -8.797549266581465230e-03, 9.119241210529273334e-02, 1.556658673832876649e-02, -1.129228710601846292e-01, -2.078235253623806136e-02
1.917000000000000000e+03, 3.163423053051684364e-01, -1.909709017899241801e-01, 1.240446556972512049e-01, -2.742610345025895541e-02, 1.622287812821612552e-01, -2.783068461702607331e-04, -3.581525964106932469e-02, 1.464503307247074781e-01, 3.813554936291438380e-02, 1.534458191539957161e-01, 1.159787003457817683e-02, -2.946170615017083480e-02, -3.038393049997166820e-02, -4.051855095075424028e-04, -6.952325064869872145e-03, 8.007899448317545854e-02
1.918000000000000000e+03, -6.230215922331823475e-02, 2.051864782776028073e-01, 3.322691450126702417e-02, -7.929478067633094485e-02, -3.032059892499152157e-02, 6.802455371408767937e-02, 8.117696102700550087e-02, 1.384016481310542668e-01, 3.774848766617401596e-02, -2.455705436616895665e-01, 1.533305786382624103e-01, -2.169266878420377798e-01, 1.938109322185371797e-01, -9.993300189314342774e-02, 6.229531548668306926e-03, 6.105053700151490820e-02
1.919000000000000000e+03, -4.802796743512632166e-02, -2.464366246998036802e-01, -1.599001778803617047e-01, 6.719513661097391288e-02, 2.066546971775746339e-02, 1.249818590307152227e-01, -1.225473112671989079e-01, -3.590718796896476273e-02, -7.339737670814294561e-03, -1.941536913787278440e-01, -4.489605640121083208e-02, -8.526401783226691955e-02, 4.446553173321078634e-02, -1.098223205358777738e-01, 1.880091228858810914e-01, 4.723294227291721659e-02
1.920000000000000000e+03, -1.260140306093978924e-01, 1.680280257665003329e-01, 1.826938835033965758e-02, 8.514411016893622119e-02, -1.332549504937116658e-02, -6.588279665331495116e-02, 8.947048144944738657e-02, 1.836968903244401707e-01, -2.226506984410183201e-02, 1.351407928185761331e-01, -2.704764275056171230e-01, 3.620388985417472873e-03, 3.923215686594917068e-02, 3.170450115250658674e-02, 4.279355897386312446e-02, -5.608523500048677446e-02
1.921000000000000000e+03, 1.730828564471363629e-02, 8.526357390034969286e-02, -9.116313779644734383e-02, 1.256489054633128655e-01, -2.354025407140362958e-02, -4.353652136145720088e-03, 2.043364803951426209e-02, 5.108203345389581568e-02, 1.112114543440237829e-01, -6.989821379824457948e-01, -1.979528639036093607e-01, 2.628475616635158052e-01, 5.054948384355759106e-03, 2.087254427448252125e-01, 1.281830024536551732e-02, -2.938489177022021032e-02
1.922000000000000000e+03, 2.476942587627959085e-03, -1.164831721062313113e-01, -6.372965979683319071e-02, -1.226461279475704880e-01, -1.245579194251986571e-01, -1.561099920855805456e-01, 4.831321117353442468e-03, -2.845915172398618548e-02, 1.280547215830082353e-01, 8.151144870568177714e-02, 4.784271875235616284e-02, -1.430816259580900418e-01, 2.229741808578043077e-02, -1.388594784523140557e-01, -1.924174169509613314e-02, -6.487569505177931406e-02
1.923000000000000000e+03, 2.663074874596383160e-02, -2.525486088170465077e-02, 6.469641396575437353e-02, 3.868194030683006629e-02, 1.547422471416237122e-01, -6.471729592262950859e-02, 7.185622809880555517e-02, -1.011619945988287556e-01, 1.102963792032025242e-01, 2.525477009727669087e-01, 7.986713822127562701e-02, -2.159093743447114966e-01, -1.102083049826264594e-01, -4.747723756994249450e-02, 8.998497315557370257e-02, 6.814761486404309621e-02
1.924000000000000000e+03, -1.953515428009431065e-01, -2.045127817178739593e-01, -3.022488824210551109e-02, -1.796191429997624212e-01, -1.780915808513389847e-02, 1.232177187348446473e-01, 1.265099434631491992e-01, 2.344469971044898238e-01, 7.015192784306598095e-02, 2.736830636599688060e-01, 1.035891145755699488e-01, 1.145656823846168682e-01, -7.908142312142933672e-02, -1.431989205857669700e-01, 2.942305346358503604e-02, 6.015173929770042949e-02
1.925000000000000000e+03, 1.789902974211548814e-01, 2.844847266186191215e-01, 2.052834424799871837e-03, -3.263144755710004064e-02, -1.526312929154117759e-01, 3.180470629010453409e-01, 8.046188228964304412e-02, 3.055121698681790843e-01, 2.426658502651394267e-01, -9.740156196177460202e-02, 1.179905890002775071e-01, 1.164812741857373934e-01, -4.228814928408296953e-02, -2.216001188352127171e-01, -2.460295269964768439e-02, 4.935452578051545414e-02
1.926000000000000000e+03, -8.523689069914588967e-02, -1.450721617811742137e-01, 1.776684828895683521e-01, -6.597097444608207573e-02, 5.779091585829697342e-02, 2.527688443104919025e-01, -7.826845710840873993e-02, -1.332602289968552178e-01, -1.059482263161536965e-02, -1.340029970961675310e-01, 2.322503275223469429e-02, -7.976113665999602642e-02, -1.533870284082132843e-02, 9.996168577726205484e-02, 3.466191559600872302e-02, 1.552125441612264012e-01
1.927000000000000000e+03, 2.112633218943765490e-01, -8.715060117624462421e-02, 4.515885793048823177e-02, -8.888340042591971746e-02, -1.238558275136869080e-03, -1.401131328921866315e-01, -1.650844594490160633e-01, 1.232302022578788264e-01, 2.717233655327323805e-02, -1.360172354102051340e-01, -1.254287064696409798e-02, -1.821991764148185033e-01, 9.454873079115766812e-03, -2.388328599560465837e-01, 7.182748928297805202e-02, 3.737247938625016391e-02
1.928000000000000000e+03, 2.521369003602779713e-01, 3.584199434311262089e-01, -8.693599565543224869e-03, 1.929659097359161246e-01, -4.462085305462932042e-03, 1.261180505586399769e-01, -1.350725261965235457e-01, 9.796277559514927902e-02, 4.497094121428950320e-02, -1.008710343218366251e-01, -1.511384804907572876e-01, -1.045157741348511915e-01, 1.090456063466589270e-01, 1.543076053845898570e-02, 1.072022407275351058e-01, 1.653836595671981380e-01
1.929000000000000000e+03, -5.374982689058721563e-02, -1.346085863227695079e-01, 2.631588027615102202e-02, -6.244878193584075393e-02, -1.147319235042247934e-02, 2.424398357868418619e-01, -3.975786806079477376e-02, 2.126604672135918861e-01, 8.381214956656872495e-02, -3.663677700062460962e-01, 9.770750533034015806e-02, 2.253505719442687183e-01, 9.623447253551101199e-02, 8.139605136712932398e-02, -6.716279717441642205e-02, 3.115340137167774484e-02
1.930000000000000000e+03, -5.672645194381972789e-02, -2.349795336272691992e-02, -6.180998297803132202e-02, -1.267111620821479712e-01, -8.262717914891361259e-02, 3.475579289416622641e-01, -8.120334815829469144e-02, 2.803091131121426272e-01, 5.883050211253323253e-02, 1.784779210994220933e-02, 3.308378797964689477e-02, -9.671955490261943678e-02, 1.068304795327401913e-01, 1.831483438562195587e-01, -8.409362321196092380e-03, 1.039403700565287997e-01
1.931000000000000000e+03, -1.546229072576046915e-01, 7.725062248700646783e-02, 9.296102720926181784e-02, -1.791054425678554329e-01, -2.886824393048935122e-01, 2.677593322759559413e-01, 1.458506951491231156e-02, 2.277676640156742760e-01, 1.216978521070502667e-01, 1.844265269316957834e-01, 9.407944012309137072e-02, -8.738188569523085147e-02, 1.110664012169528120e-01, -2.244409160201717157e-01, 5.784563762618855076e-02, 7.799592949193635306e-03
1.932000000000000000e+03, -7.571210690839948187e-02, 8.177241089126362217e-02, -1.587477630148344601e-02, 1.900743482053710576e-01, -8.511813851379305962e-02, 3.678488440629062994e-02, -2.549998576420261509e-01, -1.098252875731308698e-01, 1.216341419517511097e-01, -1.091729947144680773e-01, 4.115371208589191365e-02, 1.205072280954190833e-01, 6.794851276968702503e-02, 1.189388264912573795e-01, -3.227062334795563481e-02, 8.834878747504142787e-03
1.933000000000000000e+03, -7.710305652871649040e-02, 5.291821480461234711e-02, -8.558863225246622630e-02, 1.220427484678641115e-02, 1.101468776442809383e-01, 1.008415807499220967e-01, 1.244888059499808519e-01, -1.494867565458888811e-02, 1.743387135865680504e-01, 8.596526142170277107e-02, 8.649082665766716360e-02, -3.003327738589555707e-01, -6.887417800405286339e-02, -2.267012075554677986e-01, 1.010087488015414155e-02, 1.259662199790655308e-02
1.934000000000000000e+03, 6.305775566428918968e-03, -1.618722333864500889e-03, -1.010233589681621413e-01, 7.349806553502911954e-02, 1.508375750260772252e-01, 1.543793442621918810e-01, 2.420656816712481868e-02, 8.508798033573405917e-02, 5.327280154181018856e-02, -2.424898737505393753e-01, 1.387149783039323403e-01, -2.493458825687988600e-02, -8.365763485515541331e-02, -1.896218967515668763e-01, -3.885416022212712095e-02, 9.235760280029593761e-02
1.935000000000000000e+03, -1.013965912279174292e-01, -1.111511387417107866e-01, 1.679300832663159493e-02, -6.487361183118688090e-02, -3.372358348039931064e-01, -1.745896170005457326e-01, -2.015864899391911214e-01, -1.248931384648627463e-01, 3.192694264191697773e-02, -1.341430525106648841e-01, 4.036309396839782987e-02, 2.709033477512961530e-01, -5.792947205864006077e-02, -2.727072024008385664e-01, -6.004617058568870180e-02, 1.707525294310222874e-01
1.936000000000000000e+03, -1.698249395928735361e-01, -6.099373408491341741e-02, 4.727801901159205122e-02, 1.416378338554667993e-01, -1.231227225144455595e-01, 1.445842158233859587e-01, -1.539656785050242359e-02, 3.166374482267819146e-01, -3.865525318338223354e-02, 1.706523543774127460e-01, -2.243352672696003192e-01, -8.687805044301270818e-03, -5.857802562973747108e-03, -2.357987558266996242e-01, -5.298741676558275937e-02, 2.349397597950734773e-01
1.937000000000000000e+03, 1.803428588797775876e-03, -5.433915078109411573e-02, 2.292678703195507803e-02, -3.680052558899234855e-02, 1.299141293394284469e-01, -1.030618833894145492e-01, -7.934528364268907119e-02, 9.167474357109345329e-02, -7.867575564655693646e-03, 7.698233517010717730e-02, -5.082126595859923907e-02, -2.014786974467792091e-01, 9.766610364903141606e-02, 2.885755476311797629e-01, 1.788823726939950398e-02, 4.181402770336858921e-02
1.938000000000000000e+03, 1.789441000284414662e-01, 1.195156281599396575e-01, 1.689188828789563723e-01, 1.842634000887651557e-01, 7.652613015379902683e-02, 7.496477522665198102e-03, -2.028173025433090970e-01, 3.566383133726851867e-02, 2.175750799012051429e-01, 5.240596225740175307e-02, -1.302799925298672723e-01, 3.284068251003063876e-02, 5.948331165923381736e-02, 1.303061081808411237e-01, 9.160033505797389453e-02, 4.211848801230446554e-02
1.939000000000000000e+03, -1.375520165608247469e-01, -1.621691791771662783e-01, 2.874189106040359737e-02, -5.593875754330924349e-02, 6.610711368081548245e-02, 2.262487540069979819e-01, -3.216927288432648857e-01, 2.929064768800128116e-01, 1.178127538256038415e-01, 2.751391517782683649e-01, 2.600002880375080691e-02, 7.935635526302925458e-02, -5.520597176280890583e-02, -6.440342466502535501e-01, 3.480951611747710311e-02, 1.112455176847666483e-01
1.940000000000000000e+03, -1.823228633386802036e-02, -1.026782486280541501e-01, 1.756854673057675967e-02, -9.831943805783267820e-02, -5.257132526875773343e-02, 1.880339011693674678e-01, 3.258519880565976384e-02, 2.474968917499351662e-01, 3.577340845432903232e-02, -1.193870146971868218e-01, 1.148447711723643849e-01, -3.058723606896245339e-01, -4.794445407215815191e-02, -2.042002417511565582e-01, 5.268167900779166524e-02, 1.944380375099953873e-01
1.941000000000000000e+03, 4.853734775853302263e-02, 2.058781247191472652e-01, 4.216372765352831287e-02, -5.419786646431160038e-02, -1.942488946594375931e-01, 6.569050937430878645e-02, 2.129330915622435275e-02, 9.012209000573988271e-02, 1.852378138364545734e-01, -1.856846953359413688e-01, 1.386888278937824515e-01, 1.092529762418008032e-01, -7.550002756514062607e-02, 9.683458403622356714e-02, 4.487246811735606106e-02, 4.975570922880419300e-02
1.942000000000000000e+03, 1.495320146713024524e-02, 1.602591809349548230e-02, 6.580000102634708803e-02, 1.049641191585356202e-02, 1.511935860447315497e-02, -7.874768951326835409e-02, -1.574815847252873657e-01, 1.761543152250114597e-01, 1.821515762726294910e-02, 1.654255995181836691e-01, 7.072644916165940487e-02, -9.125463528636849897e-02, -9.849547369116955914e-03, 1.571907123192529399e-01, -2.321071795301302143e-02, -7.298284704322688388e-02
1.943000000000000000e+03, 1.354567106012689870e-01, -5.200612250795265401e-02, 1.940043361351038737e-03, 7.158820750111130615e-02, 2.701129451558279548e-01, -1.207481347306802316e-01, -2.080526644685373044e-02, 1.222634160674735404e-01, -2.277637952902647131e-02, 2.707618668604457324e-01, 8.959858579643832643e-02, -2.628571985506695796e-01, 5.509061556783649560e-02, 1.914503155519406766e-02, -5.095072860450117376e-03, -8.693060123975154818e-02
1.944000000000000000e+03, -2.498269404017162409e-01, 2.161829264404430129e-01, 1.427403631887568247e-01, -1.576749337566531184e-01, 8.718878382320130460e-02, 6.101246465213591881e-03, 9.307946581135607966e-02, 2.023971978484398193e-01, 1.016521844864779062e-01, -2.332792184010284986e-01, 2.191027946016440783e-02, 1.483155100750197519e-01, 4.925116446295980943e-02, 1.501522993666623285e-01, 4.754125970445746002e-02, 1.083947021825774348e-01
1.945000000000000000e+03, 6.592243537717262791e-02, -7.877234806832850850e-03, -2.574451386883392159e-02, -5.698472843285087852e-02, 1.105687554729800348e-01, 5.999547896986544976e-02, 1.527308102578211757e-01, 3.279277074486133120e-02, 1.066295338032578338e-01, 1.393231677793647372e-01, 2.958580970909524543e-02, 1.357850137399724544e-01, -5.354202133456886781e-02, -2.816948678865731082e-01, 7.514518867724569173e-02, 8.238464802734352110e-02
1.946000000000000000e+03, 5.504680016496148187e-02, -1.364740754142579060e-01, 5.248041397028298943e-02, -5.163385335268002446e-02, 1.314303276756687844e-01, 3.347563579270013689e-01, -3.432653272374599357e-03, 7.455433617474047092e-02, 2.980427287520431290e-01, 4.520774588562222474e-01, 2.466283775083557284e-01, -2.222049672091225558e-01, 8.578195834013437049e-02, 3.058981843486756058e-01, 1.752769631133113681e-02, 4.015222406560002566e-02
1.947000000000000000e+03, 3.917168132298996797e-02, -4.910859567398764142e-02, 7.939563015146249014e-02, -4.400314549422243426e-02, -2.208533985466211089e-02, 6.023441241578422756e-02, -2.008575934958057863e-01, 1.594383004813297033e-01, 1.043394303382411542e-01, 2.396215967702953185e-04, -8.629628044977544557e-03, -1.315420122166985895e-01, 1.760382719506554949e-02, 6.491994707619849758e-02, -4.176543643972610576e-02, 5.282031986331068435e-02
1.948000000000000000e+03, -9.563008703268149890e-03, -1.044719261094270712e-01, 2.751471430893496009e-02, -4.896947508249783337e-02, 1.139814813832326218e-01, 4.413235935275269112e-02, 4.772954511710627429e-02, 7.527548394660155129e-02, 1.472584657617324322e-01, -7.842308345916054746e-01, -1.009561831212086730e-01, -1.778329485336395122e-01, 9.262482635726787539e-02, -3.640309839499098477e-01, 4.489627581260893091e-02, 6.135152291545605853e-03
1.949000000000000000e+03, -1.209767248743462142e-01, 1.866836316059441170e-01, -1.856285337040204653e-02, 1.399032993267281845e-02, -1.127520360266842242e-01, -1.043174162024637780e-01, -1.119707901354657503e-01, 1.463443819683142022e-01, 6.410436799265688268e-02, 1.335632445841455629e-01, -3.995619429031876946e-02, 1.855365185815596729e-01, -1.018352112082274163e-01, -3.099334733385788465e-01, 3.225820339299809159e-02, 6.182389704000638281e-02
1.950000000000000000e+03, 7.958153540546902827e-02, 1.721573447701909843e-01, 9.652664163812350873e-02, -3.277076480270344622e-02, -8.986846066177403558e-02, 3.458534903863746957e-02, -1.110055023941148578e-01, 9.424621373996398821e-02, -2.295610362968604837e-02, 5.679549381220145854e-01, -6.200444580151225765e-02, -9.638830381112878376e-03, -5.383343846968812602e-02, -1.011274989443689820e-01, 9.961264261462259018e-02, 1.299498990975375412e-01
1.951000000000000000e+03, 2.360611895923480363e-01, 8.513615085995183962e-02, 9.917978088074305698e-03, -5.952085533086538816e-02, -9.846999782717240357e-02, 3.088935641273413482e-02, -8.445656499263215489e-02, 2.641113285171796665e-01, 3.927827569504709765e-02, -4.906876389734139421e-01, 2.904660975411473001e-02, -1.446238705329084828e-01, 1.031473979898240023e-01, 2.232207013637683424e-01, -3.042886336852112031e-02, 1.661799553832274956e-01
1.952000000000000000e+03, 1.875484685236888660e-01, -8.981854039821760005e-02, 4.735398600879836550e-02, -2.139499518090656749e-02, -1.634813228239876681e-01, 1.349748164557611763e-01, -1.433455417153573219e-01, 5.088241777291051260e-02, -9.251088945252412821e-02, -3.272769144806675357e-01, 5.580594641568283054e-02, -6.050967957510003381e-02, 1.444492812963300843e-01, -1.157165608450984873e-01, 1.333104890090361719e-02, 1.162782446480761650e-01
1.953000000000000000e+03, -6.736476268140635659e-02, -9.444863188020254097e-02, -1.846067196675048316e-01, 2.651514313131024883e-02, 4.758065573307714707e-02, 6.430252298869720828e-02, -3.791911817245344207e-02, -6.934828100603437906e-02, 5.061290472233705238e-04, 3.161568007615095377e-01, 8.428318529997706060e-03, -1.099772970868117122e-01, 1.321705554895837575e-01, -1.577683357248135521e-01, -1.214659606114970591e-01, -3.548598760296678943e-03
1.954000000000000000e+03, 9.183545690051909960e-02, 3.160707931046932272e-03, -3.346826489035265723e-02, 6.789470678037468065e-02, 4.708279178298250406e-02, -7.989371315619353542e-02, -1.095153633641269830e-01, 9.832963097270931707e-02, -5.096400692447513453e-02, 1.713892381369291340e-01, -1.154773596778198436e-01, 1.195465175158628574e-01, 1.528530135835420162e-02, -5.050129332527032444e-01, 1.745788207749568444e-01, 6.511602882366106237e-02
1.955000000000000000e+03, -2.075988273451460659e-03, 7.873523846744460986e-02, 5.651085053617356524e-02, 1.078044805374745313e-01, -1.397439975432321346e-01, -2.501001349405720248e-02, -3.104904291291419455e-02, 1.434656794402814906e-01, -8.389041080984498480e-03, -1.975327484306428627e-01, 6.280408347172361516e-02, -3.615432128928299793e-01, -4.216987823531858975e-04, -1.130868352538939581e-01, 9.966763000305475795e-02, -9.828742716263247359e-02
1.956000000000000000e+03, -2.162165542396458084e-01, -1.682351268580171422e-01, 7.008165101235219741e-02, -2.400578626856714193e-02, -9.687881086118672880e-02, 2.637551793510468576e-02, -3.197049422492119486e-02, 1.290049885903186977e-01, 1.350809235750067283e-01, -1.390627396067843635e-01, -1.346777175736557641e-01, -1.147774645603569788e-01, -4.233512013478469421e-02, 1.384112404300313626e-01, -3.630549863929726645e-02, -5.503514762886084488e-02
1.957000000000000000e+03, 7.724257757715533024e-02, 1.704003736045204831e-01, 7.471237585971922390e-02, -1.095933895356338561e-01, -1.508622684994803953e-01, -1.309665221373259442e-02, -2.682335923630582361e-02, 6.118524561775123827e-02, 1.121561411940011771e-01, 1.966466311912736520e-01, 9.770993197435552668e-02, -1.838698537881571227e-01, -3.445056604308944365e-02, 6.995724288650134737e-02, -1.208592780691772062e-01, -9.433103364513344830e-03
1.958000000000000000e+03, -2.491771526326625186e-01, -2.298257065884459424e-02, 5.285076301088795919e-03, -1.546037578343815722e-01, -1.012471328584650526e-01, -1.559408814767490048e-01, -2.669207637151252421e-01, 3.106797298683059306e-03, 4.265336936806796153e-02, 3.357638952595069504e-01, 7.380434321976464540e-02, 1.011629200001275403e-01, 1.521600302313251274e-01, -3.296516168838461436e-01, -1.359884563388799421e-02, 6.822761797610547158e-03
1.959000000000000000e+03, 3.492513122012283781e-04, -1.238960973693679635e-01, 6.577342183986573110e-02, -1.143919322247406029e-01, -1.105296905989612208e-02, -2.048834381742275224e-01, -1.893570186568037939e-01, 2.435852612053882871e-01, -8.244586421291583145e-02, -8.929013347088063379e-02, -1.789523982695178372e-01, -1.410797319034373665e-01, 1.517623772332819809e-01, 1.697945031542340555e-01, 7.262778802361032071e-02, 1.461676099933851558e-01
1.960000000000000000e+03, -2.301626736668563322e-01, -3.503270790114817457e-01, 2.615446361967339525e-02, -1.977093083261498019e-01, -1.088520661387756550e-01, 2.110245161760752886e-02, -1.100152491919485914e-01, 2.580724645214491075e-01, -1.218707186681789040e-01, -1.395961495757589432e-01, -1.944793375892023835e-01, -3.839796453771365248e-01, 8.272373591822120009e-02, 6.058477540341136724e-02, -5.651213909546983286e-03, -1.361210932212264871e-02
1.961000000000000000e+03, 2.197233749698698502e-01, 1.791855565060802569e-01, -1.122302556932954221e-01, 2.165584724268535335e-02, -2.294143552553098986e-02, 1.609404876526893957e-01, -6.342858367416322196e-02, 3.917606353207198633e-01, 3.806157666822038849e-02, 3.871389538651073825e-02, 1.522408552390119678e-02, 8.169660961840244373e-02, 2.774682255781515949e-01, 9.170765076872743060e-02, -8.583844419357002098e-02, 7.326736302973307392e-03
1.962000000000000000e+03, -2.290936449412113718e-01, -1.589680377548568502e-01, -8.226633416524570253e-02, -1.096000752838182241e-01, 2.255861460325562021e-02, 1.355937943901137643e-01, -2.830167568284434609e-01, 4.403631676163782815e-01, 1.944202566302396518e-01, -2.393388173283865321e-03, 1.799906370748243223e-01, 3.614201043141647141e-01, 5.319224466902081061e-02, -1.833202371467034242e-01, 2.044648243814083804e-02, -5.723697442738139018e-02
1.963000000000000000e+03, -1.186593828392619177e-01, 3.948367333413180802e-01, -2.849693537153738521e-03, -1.681386360123277371e-02, 1.542132230683067665e-02, 4.455445560090849355e-01, -2.860622822118955369e-02, 4.361790253963193642e-01, 1.686178924518955957e-01, -1.478516633634772287e-03, 4.490127783806265038e-02, -1.596802717349542489e-01, 1.900630806170384712e-01, -2.846101783066495305e-01, 1.175605959492952157e-02, -3.517837130929177963e-02
1.964000000000000000e+03, 3.172455073802560865e-01, -2.128358938531708100e-01, 9.252213851985009729e-02, -5.649919097681082442e-02, -1.691074884558648461e-01, 4.148242048794986703e-01, -1.312505475258332333e-01, 3.916628466540006959e-01, 2.696881721205107371e-02, 2.033629744444420337e-02, 7.762055653587167370e-02, -3.299438570402444815e-01, 2.444940202791191786e-01, 2.679524289423312888e-02, 2.449525145388223302e-03, -6.963356478990780606e-03
1.965000000000000000e+03, 2.219183805097384166e-02, -1.150245667852524585e-02, 8.316570944430960732e-02, 2.441846085672945976e-01, -7.209440759814688716e-03, 4.464529693950706757e-01, -1.733781189453288962e-01, 3.711649144027935887e-01, 5.935958203196552846e-02, 4.196608015861291729e-01, -4.678879446442547191e-02, -2.630371400306326102e-01, 1.181524957234914713e-01, 1.833324154171993570e-01, -2.360260762926741709e-02, 3.508850106156675974e-02
1.966000000000000000e+03, -2.475597269804928613e-01, 1.790475922993192415e-01, 1.190908043158486924e-02, -3.042937387732231810e-02, -3.024114864114427637e-03, -1.791124888395728698e-02, 8.356113351960636759e-02, 3.928002291794197576e-01, 2.810837781034865313e-03, 1.571444123111764291e-01, -5.709041926553844876e-02, 1.134354208156408139e-01, 1.239761279202334643e-01, -4.905313650257467351e-02, 1.383943944247062185e-01, -9.543656489802042342e-02
1.967000000000000000e+03, -2.825636146882821997e-02, -1.587826777653040811e-01, 8.418901600956656128e-02, -1.292345442559373649e-02, 5.621510346317041412e-02, 1.307123095061113738e-01, -1.670769857876567011e-01, 3.040218528908446016e-01, 1.252627636951491874e-01, -8.063271881327868651e-02, 2.594641594551710343e-03, -1.643959160845261461e-02, 2.591275591169016623e-01, 1.940319639047604072e-01, -1.324056933834407146e-01, 2.100136314351724598e-01
1.968000000000000000e+03, -3.467394332604710645e-03, 3.355663266557502161e-02, 3.258656739759367704e-02, -1.592207543695835781e-01, -1.608653600324084221e-01, 1.401228439390819203e-01, -4.982612293883811883e-02, 8.568322922080606752e-02, 4.766803936405265146e-02, -7.913469492430103003e-02, 1.153222946450815217e-01, -1.235612640281733288e-01, 2.962483872368976145e-01, -3.700596902692593337e-02, -2.899963696458897344e-02, 1.910489333897728570e-01
1.969000000000000000e+03, 4.042174627806833370e-03, 6.707313615764680381e-02, -2.658566428160725678e-02, -1.086806024332002789e-02, -1.461178697412947036e-01, 3.479071222413183256e-02, 1.580739508983700914e-01, 1.835481675815664737e-01, 5.961201024164217155e-02, 2.938959788948307117e-01, 1.711110968631960076e-03, -1.724104750056919544e-01, 1.262408697909087052e-01, -1.543716459792615625e-01, -4.127061172858857707e-02, 1.138823464764872617e-01
1.970000000000000000e+03, 1.489662217098787211e-01, -1.533596928860034812e-02, -3.859710308266992018e-02, -4.663341104253791031e-02, 2.515172408672881887e-02, 1.028563485089614843e-01, -1.224796458885810402e-01, 1.550107705691006477e-01, 1.996738762907203368e-01, 1.729002778807264828e-02, 2.665360887475180796e-02, -7.753979882222161724e-02, 1.838046573839172415e-01, 5.025179593836070352e-02, 2.517365152699911016e-03, 1.822764797302623696e-01
1.971000000000000000e+03, 9.401790703758609868e-02, -1.096422447120977556e-01, 6.040113181107886059e-02, -5.447636703983443213e-02, -1.943525238408261857e-01, 1.468356541336054977e-01, -2.290330108052420488e-01, 2.800495071250934109e-01, -3.537408701428609165e-02, -1.338463305627365096e-01, 1.896513989228647556e-01, -8.182418979474639920e-02, 3.021236091108903676e-01, -3.074805937722058791e-01, 1.666907292878571159e-02, 6.754557294679561230e-02
1.972000000000000000e+03, -8.016626882342128835e-02, -1.326246375449555426e-01, 4.330183392983909252e-02, 1.796702058604938979e-02, -6.545141209077613709e-02, 3.203760565629609758e-01, -2.801892248115463446e-01, 4.211817372815211957e-01, 7.875508007013086453e-02, 2.618192321688723179e-01, -5.513012687430644126e-02, -2.524537353057969558e-01, 6.692091262889993120e-02, 2.177390783237407590e-01, -4.705413400308119942e-02, -8.600979183551975271e-02
1.973000000000000000e+03, 2.119084713031206893e-02, 1.261322989993222121e-01, 1.333258270993769867e-01, 4.647434234642051215e-02, -1.097796944072976649e-01, 5.156647089371824144e-02, -2.186270057377386611e-01, 4.659405768707109430e-01, 7.675986663722884906e-02, 6.872782439618779771e-02, -8.965660299644660769e-02, -2.549113772383720597e-02, 3.247895224442926554e-01, 1.348251535179058880e-01, -9.120573389411254506e-02, 9.179908836072056544e-02
1.974000000000000000e+03, -8.842917189786895019e-03, -7.656982242943055628e-02, -9.193085361803905731e-02, 2.330734772180318576e-02, 1.236947948157841315e-01, 2.065960520857116345e-01, -1.002252735250502569e-01, 3.016037407299237416e-01, 1.914957013949422290e-02, 1.784771012643310839e-01, 4.189347447643230332e-02, -2.215109246994909423e-02, 1.832614455113376339e-01, -5.954102847489594480e-02, 5.302523075775793931e-02, -5.420689121483364403e-02
1.975000000000000000e+03, 2.303970111016583611e-01, -1.955763632902907459e-02, -1.382653171871347786e-01, -3.117130433167926082e-02, 5.217505058466471307e-02, 4.061924283613725928e-01, -8.159527325751046722e-02, 4.097869752731632675e-01, 1.321158378797851751e-01, -8.157646057045503385e-02, 1.026677718460240474e-01, -2.703974293943676721e-01, 7.681122732273033826e-02, 5.334852520671645032e-02, -1.497046240027239371e-02, 1.312043242430495360e-01
1.976000000000000000e+03, -8.213861870050491454e-02, -1.477024206503960678e-02, -1.449026777609232521e-02, 3.614779666756016280e-02, -2.519123582860211333e-02, 1.287331018139781791e-01, -2.603528379011521565e-01, 2.526031407664853790e-01, 1.574733297860890224e-01, -7.330639345163478260e-02, 2.456301893916338075e-01, -1.385441168849966265e-01, 1.965015744795324537e-01, -7.633167784672345579e-02, 2.948421267481798978e-03, 8.946093810266302071e-02
1.977000000000000000e+03, 5.288088816297743106e-02, 1.615276151685499095e-01, 1.951161239171012862e-01, -8.950971800852434990e-03, 2.974704727909959975e-02, 7.198027378253500641e-02, -1.292312267005771287e-01, 3.198253709151586688e-01, 3.573379716853000709e-02, 1.472125823238602249e-01, 3.121081062790631230e-02, 2.139215953312066099e-01, 2.230835959780796129e-01, -2.288766244723887400e-01, -6.529224160437044344e-02, -4.027030359879718927e-03
1.978000000000000000e+03, -1.171851614507276040e-01, 1.625341658522372890e-01, 3.548134151160454303e-02, -4.785117994560119520e-02, 9.112153998009593636e-02, 1.140462440041687120e-01, -2.381886525603846005e-01, 2.758723166130724880e-01, 1.286779705490853909e-01, 6.813025033370788408e-02, -2.044493791089363813e-02, -1.602759536457515344e-01, 2.968751750412637058e-01, 2.374901412189354133e-01, 9.082707149340370212e-02, -1.045013514851287628e-01
1.979000000000000000e+03, -2.009878418703819978e-03, 2.535293252918709439e-01, 4.648522073211928951e-02, 8.171842725075838254e-02, -1.460668684736781686e-01, -1.813864287102969208e-01, -2.730968616270527116e-01, 3.663515507476763355e-01, -2.564526485418786722e-02, -1.016161895749016914e-01, -3.843345158697659275e-02, -2.083520047146365795e-01, 2.901204402560711992e-01, -1.970743940556859974e-01, -2.232691634495582653e-02, -3.775133108405528959e-02
1.980000000000000000e+03, -6.559119147260396299e-02, -1.666451126993409027e-01, 1.815950033014931617e-02, -2.534882909008201110e-02, 2.735467895709136829e-02, 1.662016127116325015e-01, -7.487365540420610338e-03, 4.190545558080726041e-01, 1.532989449243262192e-01, -5.783676137401164152e-02, -7.078455732573334103e-02, -3.582783272706892563e-01, 9.413758679530946638e-02, 2.996900558316307681e-02, -8.417452720810640610e-02, -6.817628345152161595e-02
1.981000000000000000e+03, 1.341320149379185145e-01, -9.827137094920125604e-02, -1.688250331127916226e-02, -6.959596060807324291e-02, -2.382396312190445953e-01, 2.012106996585640573e-01, -3.951195055744878282e-01, 3.427449942666560001e-01, -8.985303195053391534e-02, 3.089382784709354679e-01, -2.191757844923224868e-02, 1.189030947319030503e-03, 1.292141943060907128e-01, -1.568412197752405146e-01, -9.318038450465525313e-02, -3.868234410750209795e-02
1.982000000000000000e+03, 3.983234169418503612e-02, -1.424046146407943747e-01, -6.744858149681456916e-02, -2.276888352983231015e-02, -1.916993225172371751e-01, 1.906863955592053572e-01, -2.348520988524837039e-01, 4.902380393438036110e-01, -5.225782469441659500e-02, 5.225586349488312021e-02, -6.950946180715632250e-02, -6.734266707052911916e-02, 2.645960521960276646e-01, 8.220957041765770620e-03, -2.973362945903193846e-02, -4.069732310950135989e-02
1.983000000000000000e+03, -7.304831876769307675e-02, -1.946216669370351149e-01, -2.509528276634661464e-02, -4.397359634965234548e-02, -1.018833413667188936e-01, 5.573788555351133489e-01, -2.541743306589142604e-01, 7.191680456322706583e-01, -4.058935715302617458e-02, -3.856376525727763793e-01, 3.092096500154467922e-02, -5.638563715113120711e-01, 2.539557776500532826e-01, 5.681184050813601477e-02, 1.132106770659329353e-01, -2.149965941179057538e-01
1.984000000000000000e+03, -1.631793114897682750e-01, -1.828287650884370952e-01, -2.058703587448874606e-01, -1.034821738138210767e-01, -3.051552207701394015e-01, 2.638111236228291023e-01, -4.270192422800335730e-01, 5.486193238148133755e-01, -1.619728089037005547e-01, -3.947088562333335160e-01, -1.407520138246417529e-01, -2.571006243855025741e-01, 1.342283668702964339e-01, -2.660829270471200964e-02, -1.546519204029946602e-02, -1.779210259191232046e-01
1.985000000000000000e+03, 1.124650752612606913e-01, -3.072768901071630254e-01, -1.450814191895410388e-01, 8.020348207777330818e-02, -3.338629237166386154e-01, 1.782461977145033405e-01, -3.180294637876158181e-01, 4.319272713604495606e-01, 2.398651094904598324e-02, -1.267752552779087289e-03, 2.390410689215633280e-02, 2.447920345883794480e-02, 4.259151214620696679e-01, -4.459387157023207704e-02, 3.254684265739461735e-02, 1.774180843629901971e-01
1.986000000000000000e+03, -5.157867381549988833e-02, 1.035830913110386831e-01, -1.109616137783581424e-01, -5.827321335306778760e-03, -2.006118583141994205e-01, 2.278200401811367737e-01, -3.908447999978734710e-01, -7.839043649477384079e-02, -1.787381697743709030e-01, 3.997027956650359704e-01, -2.007552640689105605e-01, -1.766877201258354180e-01, 3.752819064736558352e-01, -5.264219712074978685e-02, 5.676563561937566366e-02, 8.770073430600068554e-02
1.987000000000000000e+03, -4.250531141522970735e-01, -2.758007689398566525e-02, -5.835017478667948315e-02, -5.383249748765569186e-03, -1.518213782421936886e-01, 2.612465443585307301e-01, -3.997387178066827973e-01, 4.901314593716191714e-01, -1.092840426433685543e-02, -3.626592370153480793e-01, -7.922125742490306044e-02, -3.817356672088558223e-01, 2.978340838394531453e-01, -3.612374291237415158e-01, -8.596389377653550212e-02, -3.121169505264704408e-02
1.988000000000000000e+03, -1.192505108879175074e-01, -1.486336228498483236e-01, -2.013476149318386976e-02, 1.079690926325792277e-02, -1.657431214237378991e-01, 4.291133867915870037e-01, -3.700392563025856618e-01, 2.933498311751474574e-01, -4.531090233190887377e-03, -8.479490432466636751e-02, -1.825593199726577645e-02, -1.491180809222254211e-01, 4.041939506306234664e-01, -2.154888290168312792e-01, 1.344821227195913856e-02, -4.366337598695991737e-03
1.989000000000000000e+03, 1.139732506782027976e-01, -2.732776584883012116e-01, -1.668861606037235490e-01, -1.133965435079020007e-01, -1.144493560695290096e-01, 4.664257032454929286e-01, -3.662567900643038388e-01, 1.898738260171917713e-01, -1.527335774427974191e-01, 1.307740906544583026e-01, -1.972315875447248623e-01, -1.684938093553345340e-01, 2.780479096815919871e-01, -3.660528290222287429e-01, -7.089734883815329569e-02, -2.494394190605398187e-01
1.990000000000000000e+03, -2.321216978635196326e-01, 1.227873365295109424e-02, -3.033898582407684175e-01, -4.495229710991001382e-02, -1.737326328863798841e-01, 3.676933471274494436e-01, -3.558330799982177273e-01, 8.790560845758864372e-02, -7.056754288335012615e-02, -1.673244351124630047e-01, -2.407314204735095109e-01, -2.752602848870188204e-02, 3.029891601000853640e-01, -7.514757563345546287e-02, 1.320921141300196167e-01, -2.129502296389281304e-02
1.991000000000000000e+03, -1.277827336120116175e-01, -2.237082408762776919e-01, 1.102296658269598800e-01, -1.832717895451338452e-01, -8.091512214514734458e-02, 4.088449501468193192e-01, -3.398559053704534594e-01, 4.577175967759277153e-01, 2.512320569414310256e-01, -2.092030813292322378e-01, 2.527944991315095660e-02, 1.043103054124658868e-01, 4.416127148105512545e-01, 2.973058539339580864e-01, 8.819646603351091740e-03, 1.672367056585251088e-01
1.992000000000000000e+03, 6.740196913519137800e-02, 3.051235249467814520e-02, 1.858470655471139710e-01, 1.562944778263683845e-02, 1.535514843662079965e-01, 8.501707891186732757e-01, -4.099970509179307609e-01, 8.202837620512856143e-01, 2.668670493020020018e-01, 3.333131592388661746e-01, -3.434546399940944378e-02, -5.843032800132399313e-02, 5.034385163886706538e-01, 1.011847623946834501e-01, 2.752594581357797540e-02, 2.400829862374776191e-01
1.993000000000000000e+03, -1.148120364629522973e-02, 7.738756412931795114e-02, 1.573980923933041842e-01, -4.618840932238026283e-03, 2.469207541478806445e-01, 6.938010153591602780e-01, -3.344958740396030694e-01, 7.460655196872296724e-01, 1.636311620627981245e-01, 1.247763653263496975e-01, 1.013506751142415202e-01, -1.982160273947029261e-01, 6.428762963609434555e-01, -2.023233384022116998e-01, 1.043775569457497249e-01, 9.197384883249427878e-02
1.994000000000000000e+03, 2.310106617220005279e-02, -3.726037178412023448e-02, -1.859040213585872736e-01, 2.896215627775721585e-02, 1.357896578234810969e-01, 4.928785233742167815e-01, -1.461317450474482749e-01, 4.780240395573223666e-01, 2.664316636199719479e-01, 5.216229838034297517e-03, 1.747626256121673771e-01, -1.383725126349040768e-01, 5.775263103951702170e-01, -2.973665014874908238e-02, -1.230207376855015078e-02, 9.358590070278068052e-02
1.995000000000000000e+03, -1.130370570607804395e-02, 6.743275936713970242e-02, 4.537261622738372052e-02, 2.522765780313962827e-02, -7.647997928062887085e-02, 5.061889873678045992e-01, -2.517413208994977447e-01, 3.682612833048623524e-01, 2.794875748884153577e-01, 1.444271563971265548e-01, 7.193887916204110000e-02, 3.680845825347022204e-01, 5.453081533856105612e-01, -1.421699319210201762e-01, 9.111676979144103794e-02, 1.252675553109550144e-01
1.996000000000000000e+03, -1.408313448838400053e-02, -8.690573601483783661e-02, -2.300968067931033825e-02, 8.282692582020814709e-02, 5.991213733359049276e-02, 3.683743161752429662e-01, -8.712180158869495261e-02, 2.739630297111350088e-01, 1.922794694800408211e-01, 3.426628221830385623e-01, -3.663781009340441597e-02, -9.428615569554807396e-02, 6.755177482224501428e-01, 2.969259123030661973e-01, 8.854841576105806911e-02, -5.380514007215007888e-02
1.997000000000000000e+03, 1.226885750730969393e-01, 8.314451868070328600e-02, 4.243608902804515276e-02, -1.592635626428698103e-01, -7.291247190527218314e-02, 1.770027139475953137e-01, 1.775951929760636802e-02, 3.804510654671101610e-01, 2.197146099623207560e-01, -1.038621644828090912e-01, 7.486498343087491514e-02, 1.286449292984741428e-02, 5.414386953840676364e-01, 1.042564529027567161e-01, 1.736151815240542240e-01, 5.246182056747192984e-02
1.998000000000000000e+03, -1.277413695781320566e-02, -1.370713452765666418e-01, 3.457562333508363839e-01, 1.676423208492344996e-01, -1.628003437606477810e-01, 3.355637407801692063e-01, -1.216871488619338387e-01, 4.485304422797490864e-01, 3.078338139921785732e-01, -2.707971759871578010e-01, -2.257223889329630433e-04, 2.592231423056018946e-01, 3.198379413956509154e-01, -1.875486010751420685e-01, -5.450352054523416312e-02, -1.449718509676753975e-01
1.999000000000000000e+03, 7.231490433920682859e-02, 4.423130222595906269e-01, 2.782077318510304265e-01, 9.902252239042316773e-02, 4.562638765514018951e-02, 4.692016887389890978e-01, -3.368133476434768681e-01, 4.895194116418409291e-01, 2.730664075959522430e-01, 7.560409013785440724e-01, 2.726652444177878887e-01, -1.707355114365052273e-01, 6.474324154011437127e-01, 1.527919984417688837e-01, 1.384886884292482225e-02, -7.645131700447141410e-02
2.000000000000000000e+03, 1.915056407015961470e-01, -1.839831313282070946e-01, 1.018158064637866844e-01, 4.191020185597604808e-02, -4.507358260824324836e-02, 4.420914461738615908e-01, 9.906186844888126286e-02, 3.834024184357892606e-01, 4.462509922032000254e-01, 2.056668645053184030e-01, -3.962660284952248396e-02, -1.595169213998251859e-02, 4.704229097825224359e-01, 7.006621664675699579e-02, 9.269828670586556518e-02, 3.384935470618306158e-02
2.001000000000000000e+03, 1.190543363092077395e-01, 1.187750152847926871e-01, 2.131156880167395934e-02, -8.441722074666084541e-02, 7.401338775124821634e-02, 2.838344663618074248e-01, -5.820285970672810505e-01, 4.448886130175034870e-01, 1.234767775773953913e-01, -2.370044087016554557e-01, 1.174104537976468771e-01, -1.399421157084453603e-03, 4.902637405164632645e-01, -1.199786620360725892e-01, 1.634916689724812133e-01, 1.592141266627747700e-02
2.002000000000000000e+03, -2.003697153152547705e-01, 6.564701453650111096e-02, 2.005384172317404290e-01, 6.229656141275091014e-02, 3.957172365360298733e-02, 7.324135159564583164e-01, 9.804183357727520864e-02, 6.110867107951390986e-01, 3.128837129480276924e-01, 4.853022404198700096e-02, 3.663288805778923130e-01, 6.712848585564704096e-02, 6.141065407847449142e-01, 1.288135097292243680e-01, 2.070681970720012963e-02, -5.330133058062206525e-02
2.003000000000000000e+03, 3.002977112630616369e-02, -1.539044211313423671e-01, 1.433690932379839134e-01, 1.945505961129996575e-01, 2.452863815128084879e-01, 7.694854771631994828e-01, -2.634863750057323539e-01, 2.889640530023456777e-01, 2.107669883382832787e-01, 2.715250005777964694e-03, 2.580163345364610561e-01, -3.339805817049310011e-01, 3.105203515811291171e-01, 7.254535614798698386e-03, 1.674428439173231697e-01, -2.778562888353262872e-02
2.004000000000000000e+03, 2.451777677359653074e-01, 1.461778495830184654e-01, -2.854771559093687849e-01, 1.279080308129985355e-01, -2.065651192871386099e-01, 5.356951364258013548e-01, -5.083746738728374126e-01, 3.246709708030439123e-01, 3.964397951895717864e-02, 5.949747695558168514e-01, -9.726058448267903278e-02, 2.521425692597686341e-01, 1.517976394178058019e-01, -2.224995102830229776e-01, 1.146799697756522296e-01, -2.918918187658494645e-01
2.005000000000000000e+03, 3.517208098788843912e-02, 7.095439556660819436e-02, -6.885784226665721264e-02, -1.260823662196294270e-01, 1.544026717064764798e-01, 6.033952119508864120e-01, -3.584352467464727021e-02, 4.454904917340028470e-01, 2.552019836817557286e-01, 2.282879521163379555e-01, -3.138263413449558781e-02, 2.588921031113894933e-01, 6.885555102407954209e-01, -8.896907531911162070e-02, 1.123043261851623398e-01, -5.914836895505588138e-02
2.006000000000000000e+03, 3.767221649545353379e-02, 3.980257846539172334e-02, 1.458862689308461358e-01, -2.328531642755551564e-02, 1.246173412660101232e-01, 4.181518257355057444e-01, -2.567604635669626118e-03, 4.194863147616942345e-01, 3.592531680652333859e-01, -3.120111123947039711e-01, 2.011798298493336912e-01, 4.157377826932038764e-03, 5.472802241113000621e-01, 1.209058979192534529e-02, 6.672348350813564477e-02, 1.641953891114616149e-01
2.007000000000000000e+03, 1.084305816893369051e-01, 2.887171472719277654e-01, 2.596623362110958011e-01, 8.639470588525996475e-02, -4.132119093218996481e-02, 6.745387706126950711e-01, -4.304357404883055876e-02, 4.639011791760984105e-01, 1.426571960279882090e-01, 2.156819331061584910e-01, 3.814956389806060111e-01, -7.773415698116190042e-02, 5.493402339283657287e-01, 3.443160570000907139e-01, 2.076157898557889347e-01, 1.311802098253753990e-01
2.008000000000000000e+03, -3.138112761574902293e-02, 2.341968765685928655e-01, 3.885936162061572885e-01, 2.074011870625180054e-01, -5.264968062290816680e-02, 4.916260885834511929e-01, -1.344995314803592440e-02, 6.977495126631937383e-01, 2.008240682000309585e-01, 2.745685318024350119e-01, 8.030510336002398553e-02, -2.373824338396846728e-02, 4.916811109915643629e-01, 7.276468049974790797e-02, 1.232232592425263340e-01, 9.070054567807091239e-02
2.009000000000000000e+03, 4.953919869069258602e-02, 2.364391570783766147e-02, 1.023636713284293703e-01, 2.226357259045741097e-02, 3.694965895761008479e-02, 3.970652487777456274e-01, -2.255829915052517121e-01, 2.762449543437701105e-01, 2.469600084629728354e-01, 3.348309146420111460e-01, 2.545659788453864120e-02, 2.152844383616642765e-01, 6.315385183042637740e-01, 2.438694035109975344e-01, -2.116410549399825453e-02, 2.312538469726697077e-01
2.010000000000000000e+03, -5.701649179358288938e-02, 2.826452670506184317e-01, 1.764499983643386671e-01, -4.441764465246141741e-02, 1.491914603833216502e-01, 4.784358612806248190e-01, -3.104340542454678276e-02, 5.798887193886206326e-01, 9.256733903642623551e-02, 7.268849966950444164e-03, 3.105040574380242835e-01, 6.944895262828834626e-02, 3.913582919827972573e-01, -2.463600200847708144e-01, 1.149598831014521511e-01, -8.439489453330954738e-02
2.011000000000000000e+03, -2.321243232710882287e-01, -8.066482107990692596e-02, 1.329546561803695015e-01, 9.363526574956614057e-03, 2.024333683576242382e-01, 5.015967357291488682e-01, -2.866472082328090920e-01, 3.328068449042035915e-01, 2.902293491688290317e-01, 5.582626221414863643e-01, 9.286232595363461129e-02, 2.252168602471147502e-02, 5.149852695969078242e-01, -3.752708507626863477e-01, 2.075021468300687344e-01, -1.240215349546725798e-01
2.012000000000000000e+03, 2.817655531873434760e-01, 1.336088326075408061e-01, 4.039559181476280458e-01, 9.171880834777276781e-02, 1.522381641996155832e-01, 6.553393488785643761e-01, -2.124440210766500581e-01, -1.551416929264209654e-01, 2.130328382811205457e-01, -6.326629553034761322e-02, 7.913407955801889104e-02, 6.276362958377541823e-02, 5.415290678223763088e-01, 4.825482993678796295e-01, 3.070284312886604750e-01, -2.333509204274938215e-02
2.013000000000000000e+03, 2.297633059458961124e-01, 2.351522941271628753e-01, 1.526669610001223365e-01, -4.356807953807925043e-02, 4.956791181569836918e-02, 9.024479814799482025e-01, 7.699333404962613314e-02, 2.032976957741448876e-01, 3.432106183897956075e-01, 5.402875608435722503e-03, 2.187524981329313500e-01, 1.728195288503711347e-01, 1.488315550092093598e-01, 1.855197594580548504e-01, 8.771799588302642281e-02, -3.014699543627679529e-02
2.014000000000000000e+03, -4.287913764756250828e-02, 8.151373081573534685e-02, 6.826962020143943766e-02, 7.572096997732394308e-02, -4.282864637787118373e-02, 6.602266424450825566e-01, 1.010276053968168532e-02, 3.528847052845622279e-01, 2.379073027836575982e-01, 5.845719798813816537e-01, 4.037181347033320100e-01, 2.266174237328789920e-01, 4.392735279459913378e-01, -1.327526521100586832e-01, 2.333588236402389937e-01, 5.268132633367109130e-02
